{
    "predictions": [
        {
            "gameTime": "1 - 00:00",
            "label": "comments",
            "category": 1,
            "position": "0",
            "half": "1",
            "confidence": "1.0"
        },
        {
            "gameTime": "1 - 01:26",
            "label": "comments",
            "category": 0,
            "position": "86000",
            "half": "1",
            "confidence": "1.0"
        },
        {
            "gameTime": "1 - 01:43",
            "label": "comments",
            "category": 1,
            "position": "103000",
            "half": "1",
            "confidence": "1.0"
        },
        {
            "gameTime": "1 - 02:23",
            "label": "comments",
            "category": 1,
            "position": "143000",
            "half": "1",
            "confidence": "1.0"
        },
        {
            "gameTime": "1 - 03:38",
            "label": "comments",
            "category": 1,
            "position": "218000",
            "half": "1",
            "confidence": "1.0"
        },
        {
            "gameTime": "1 - 04:45",
            "label": "comments",
            "category": 1,
            "position": "285000",
            "half": "1",
            "confidence": "1.0"
        },
        {
            "gameTime": "1 - 05:04",
            "label": "comments",
            "category": 0,
            "position": "304000",
            "half": "1",
            "confidence": "1.0"
        },
        {
            "gameTime": "1 - 05:27",
            "label": "comments",
            "category": 0,
            "position": "327000",
            "half": "1",
            "confidence": "1.0"
        },
        {
            "gameTime": "1 - 05:33",
            "label": "comments",
            "category": 0,
            "position": "333000",
            "half": "1",
            "confidence": "1.0"
        },
        {
            "gameTime": "1 - 06:26",
            "label": "comments",
            "category": 1,
            "position": "386000",
            "half": "1",
            "confidence": "1.0"
        },
        {
            "gameTime": "1 - 06:58",
            "label": "comments",
            "category": 1,
            "position": "418000",
            "half": "1",
            "confidence": "1.0"
        },
        {
            "gameTime": "1 - 07:28",
            "label": "comments",
            "category": 0,
            "position": "448000",
            "half": "1",
            "confidence": "1.0"
        },
        {
            "gameTime": "1 - 07:50",
            "label": "comments",
            "category": 0,
            "position": "470000",
            "half": "1",
            "confidence": "1.0"
        },
        {
            "gameTime": "1 - 08:00",
            "label": "comments",
            "category": 0,
            "position": "480000",
            "half": "1",
            "confidence": "1.0"
        },
        {
            "gameTime": "1 - 08:05",
            "label": "comments",
            "category": 0,
            "position": "485000",
            "half": "1",
            "confidence": "1.0"
        },
        {
            "gameTime": "1 - 08:14",
            "label": "comments",
            "category": 0,
            "position": "494000",
            "half": "1",
            "confidence": "1.0"
        },
        {
            "gameTime": "1 - 08:14",
            "label": "comments",
            "category": 1,
            "position": "494000",
            "half": "1",
            "confidence": "1.0"
        },
        {
            "gameTime": "1 - 10:00",
            "label": "comments",
            "category": 0,
            "position": "600000",
            "half": "1",
            "confidence": "1.0"
        },
        {
            "gameTime": "1 - 10:57",
            "label": "comments",
            "category": 1,
            "position": "657000",
            "half": "1",
            "confidence": "1.0"
        },
        {
            "gameTime": "1 - 11:13",
            "label": "comments",
            "category": 1,
            "position": "673000",
            "half": "1",
            "confidence": "1.0"
        },
        {
            "gameTime": "1 - 12:14",
            "label": "comments",
            "category": 0,
            "position": "734000",
            "half": "1",
            "confidence": "1.0"
        },
        {
            "gameTime": "1 - 12:23",
            "label": "comments",
            "category": 1,
            "position": "743000",
            "half": "1",
            "confidence": "1.0"
        },
        {
            "gameTime": "1 - 14:10",
            "label": "comments",
            "category": 1,
            "position": "850000",
            "half": "1",
            "confidence": "1.0"
        },
        {
            "gameTime": "1 - 15:19",
            "label": "comments",
            "category": 1,
            "position": "919000",
            "half": "1",
            "confidence": "1.0"
        },
        {
            "gameTime": "1 - 15:23",
            "label": "comments",
            "category": 0,
            "position": "923000",
            "half": "1",
            "confidence": "1.0"
        },
        {
            "gameTime": "1 - 15:29",
            "label": "comments",
            "category": 0,
            "position": "929000",
            "half": "1",
            "confidence": "1.0"
        },
        {
            "gameTime": "1 - 17:53",
            "label": "comments",
            "category": 0,
            "position": "1073000",
            "half": "1",
            "confidence": "1.0"
        },
        {
            "gameTime": "1 - 18:28",
            "label": "comments",
            "category": 1,
            "position": "1108000",
            "half": "1",
            "confidence": "1.0"
        },
        {
            "gameTime": "1 - 19:57",
            "label": "comments",
            "category": 1,
            "position": "1197000",
            "half": "1",
            "confidence": "1.0"
        },
        {
            "gameTime": "1 - 21:56",
            "label": "comments",
            "category": 1,
            "position": "1316000",
            "half": "1",
            "confidence": "1.0"
        },
        {
            "gameTime": "1 - 22:52",
            "label": "comments",
            "category": 1,
            "position": "1372000",
            "half": "1",
            "confidence": "1.0"
        },
        {
            "gameTime": "1 - 30:40",
            "label": "comments",
            "category": 0,
            "position": "1840000",
            "half": "1",
            "confidence": "1.0"
        },
        {
            "gameTime": "1 - 30:54",
            "label": "comments",
            "category": 1,
            "position": "1854000",
            "half": "1",
            "confidence": "1.0"
        },
        {
            "gameTime": "2 - 00:00",
            "label": "comments",
            "category": 1,
            "position": "0",
            "half": "2",
            "confidence": "1.0"
        },
        {
            "gameTime": "2 - 01:09",
            "label": "comments",
            "category": 1,
            "position": "69000",
            "half": "2",
            "confidence": "1.0"
        },
        {
            "gameTime": "2 - 31:46",
            "label": "comments",
            "category": 1,
            "position": "1906000",
            "half": "2",
            "confidence": "1.0"
        },
        {
            "gameTime": "2 - 31:48",
            "label": "comments",
            "category": 1,
            "position": "1908000",
            "half": "2",
            "confidence": "1.0"
        },
        {
            "gameTime": "2 - 31:56",
            "label": "comments",
            "category": 0,
            "position": "1916000",
            "half": "2",
            "confidence": "1.0"
        },
        {
            "gameTime": "2 - 32:07",
            "label": "comments",
            "category": 0,
            "position": "1927000",
            "half": "2",
            "confidence": "1.0"
        },
        {
            "gameTime": "2 - 32:13",
            "label": "comments",
            "category": 0,
            "position": "1933000",
            "half": "2",
            "confidence": "1.0"
        },
        {
            "gameTime": "2 - 32:16",
            "label": "comments",
            "category": 0,
            "position": "1936000",
            "half": "2",
            "confidence": "1.0"
        },
        {
            "gameTime": "2 - 32:21",
            "label": "comments",
            "category": 0,
            "position": "1941000",
            "half": "2",
            "confidence": "1.0"
        },
        {
            "gameTime": "2 - 32:28",
            "label": "comments",
            "category": 0,
            "position": "1948000",
            "half": "2",
            "confidence": "1.0"
        },
        {
            "gameTime": "2 - 32:55",
            "label": "comments",
            "category": 0,
            "position": "1975000",
            "half": "2",
            "confidence": "1.0"
        },
        {
            "gameTime": "2 - 33:00",
            "label": "comments",
            "category": 0,
            "position": "1980000",
            "half": "2",
            "confidence": "1.0"
        },
        {
            "gameTime": "2 - 33:08",
            "label": "comments",
            "category": 0,
            "position": "1988000",
            "half": "2",
            "confidence": "1.0"
        },
        {
            "gameTime": "2 - 33:13",
            "label": "comments",
            "category": 1,
            "position": "1993000",
            "half": "2",
            "confidence": "1.0"
        },
        {
            "gameTime": "2 - 33:15",
            "label": "comments",
            "category": 0,
            "position": "1995000",
            "half": "2",
            "confidence": "1.0"
        },
        {
            "gameTime": "2 - 33:19",
            "label": "comments",
            "category": 0,
            "position": "1999000",
            "half": "2",
            "confidence": "1.0"
        },
        {
            "gameTime": "2 - 33:21",
            "label": "comments",
            "category": 0,
            "position": "2001000",
            "half": "2",
            "confidence": "1.0"
        },
        {
            "gameTime": "2 - 33:23",
            "label": "comments",
            "category": 0,
            "position": "2003000",
            "half": "2",
            "confidence": "1.0"
        },
        {
            "gameTime": "2 - 33:31",
            "label": "comments",
            "category": 0,
            "position": "2011000",
            "half": "2",
            "confidence": "1.0"
        },
        {
            "gameTime": "2 - 33:36",
            "label": "comments",
            "category": 0,
            "position": "2016000",
            "half": "2",
            "confidence": "1.0"
        },
        {
            "gameTime": "2 - 33:40",
            "label": "comments",
            "category": 0,
            "position": "2020000",
            "half": "2",
            "confidence": "1.0"
        },
        {
            "gameTime": "2 - 33:43",
            "label": "comments",
            "category": 0,
            "position": "2023000",
            "half": "2",
            "confidence": "1.0"
        },
        {
            "gameTime": "2 - 33:45",
            "label": "comments",
            "category": 0,
            "position": "2025000",
            "half": "2",
            "confidence": "1.0"
        },
        {
            "gameTime": "2 - 33:49",
            "label": "comments",
            "category": 0,
            "position": "2029000",
            "half": "2",
            "confidence": "1.0"
        },
        {
            "gameTime": "2 - 33:56",
            "label": "comments",
            "category": 0,
            "position": "2036000",
            "half": "2",
            "confidence": "1.0"
        },
        {
            "gameTime": "2 - 34:04",
            "label": "comments",
            "category": 0,
            "position": "2044000",
            "half": "2",
            "confidence": "1.0"
        },
        {
            "gameTime": "2 - 34:13",
            "label": "comments",
            "category": 1,
            "position": "2053000",
            "half": "2",
            "confidence": "1.0"
        },
        {
            "gameTime": "2 - 34:22",
            "label": "comments",
            "category": 0,
            "position": "2062000",
            "half": "2",
            "confidence": "1.0"
        },
        {
            "gameTime": "2 - 34:23",
            "label": "comments",
            "category": 0,
            "position": "2063000",
            "half": "2",
            "confidence": "1.0"
        },
        {
            "gameTime": "2 - 34:26",
            "label": "comments",
            "category": 0,
            "position": "2066000",
            "half": "2",
            "confidence": "1.0"
        },
        {
            "gameTime": "2 - 34:31",
            "label": "comments",
            "category": 0,
            "position": "2071000",
            "half": "2",
            "confidence": "1.0"
        },
        {
            "gameTime": "2 - 34:34",
            "label": "comments",
            "category": 0,
            "position": "2074000",
            "half": "2",
            "confidence": "1.0"
        },
        {
            "gameTime": "2 - 34:44",
            "label": "comments",
            "category": 1,
            "position": "2084000",
            "half": "2",
            "confidence": "1.0"
        },
        {
            "gameTime": "2 - 34:48",
            "label": "comments",
            "category": 0,
            "position": "2088000",
            "half": "2",
            "confidence": "1.0"
        },
        {
            "gameTime": "2 - 34:55",
            "label": "comments",
            "category": 1,
            "position": "2095000",
            "half": "2",
            "confidence": "1.0"
        },
        {
            "gameTime": "2 - 34:58",
            "label": "comments",
            "category": 0,
            "position": "2098000",
            "half": "2",
            "confidence": "1.0"
        },
        {
            "gameTime": "2 - 35:05",
            "label": "comments",
            "category": 0,
            "position": "2105000",
            "half": "2",
            "confidence": "1.0"
        },
        {
            "gameTime": "2 - 35:09",
            "label": "comments",
            "category": 0,
            "position": "2109000",
            "half": "2",
            "confidence": "1.0"
        },
        {
            "gameTime": "2 - 35:18",
            "label": "comments",
            "category": 0,
            "position": "2118000",
            "half": "2",
            "confidence": "1.0"
        },
        {
            "gameTime": "2 - 35:21",
            "label": "comments",
            "category": 0,
            "position": "2121000",
            "half": "2",
            "confidence": "1.0"
        },
        {
            "gameTime": "2 - 35:32",
            "label": "comments",
            "category": 0,
            "position": "2132000",
            "half": "2",
            "confidence": "1.0"
        },
        {
            "gameTime": "2 - 35:38",
            "label": "comments",
            "category": 0,
            "position": "2138000",
            "half": "2",
            "confidence": "1.0"
        },
        {
            "gameTime": "2 - 35:42",
            "label": "comments",
            "category": 0,
            "position": "2142000",
            "half": "2",
            "confidence": "1.0"
        },
        {
            "gameTime": "2 - 35:56",
            "label": "comments",
            "category": 1,
            "position": "2156000",
            "half": "2",
            "confidence": "1.0"
        },
        {
            "gameTime": "2 - 36:06",
            "label": "comments",
            "category": 1,
            "position": "2166000",
            "half": "2",
            "confidence": "1.0"
        },
        {
            "gameTime": "2 - 36:13",
            "label": "comments",
            "category": 0,
            "position": "2173000",
            "half": "2",
            "confidence": "1.0"
        },
        {
            "gameTime": "2 - 36:17",
            "label": "comments",
            "category": 0,
            "position": "2177000",
            "half": "2",
            "confidence": "1.0"
        },
        {
            "gameTime": "2 - 36:27",
            "label": "comments",
            "category": 0,
            "position": "2187000",
            "half": "2",
            "confidence": "1.0"
        },
        {
            "gameTime": "2 - 36:39",
            "label": "comments",
            "category": 0,
            "position": "2199000",
            "half": "2",
            "confidence": "1.0"
        },
        {
            "gameTime": "2 - 36:44",
            "label": "comments",
            "category": 0,
            "position": "2204000",
            "half": "2",
            "confidence": "1.0"
        },
        {
            "gameTime": "2 - 36:49",
            "label": "comments",
            "category": 0,
            "position": "2209000",
            "half": "2",
            "confidence": "1.0"
        },
        {
            "gameTime": "2 - 36:52",
            "label": "comments",
            "category": 0,
            "position": "2212000",
            "half": "2",
            "confidence": "1.0"
        },
        {
            "gameTime": "2 - 36:54",
            "label": "comments",
            "category": 0,
            "position": "2214000",
            "half": "2",
            "confidence": "1.0"
        },
        {
            "gameTime": "2 - 37:01",
            "label": "comments",
            "category": 0,
            "position": "2221000",
            "half": "2",
            "confidence": "1.0"
        },
        {
            "gameTime": "2 - 37:04",
            "label": "comments",
            "category": 0,
            "position": "2224000",
            "half": "2",
            "confidence": "1.0"
        },
        {
            "gameTime": "2 - 37:08",
            "label": "comments",
            "category": 0,
            "position": "2228000",
            "half": "2",
            "confidence": "1.0"
        },
        {
            "gameTime": "2 - 37:13",
            "label": "comments",
            "category": 1,
            "position": "2233000",
            "half": "2",
            "confidence": "1.0"
        },
        {
            "gameTime": "2 - 37:20",
            "label": "comments",
            "category": 0,
            "position": "2240000",
            "half": "2",
            "confidence": "1.0"
        },
        {
            "gameTime": "2 - 37:24",
            "label": "comments",
            "category": 0,
            "position": "2244000",
            "half": "2",
            "confidence": "1.0"
        },
        {
            "gameTime": "2 - 37:27",
            "label": "comments",
            "category": 0,
            "position": "2247000",
            "half": "2",
            "confidence": "1.0"
        },
        {
            "gameTime": "2 - 37:29",
            "label": "comments",
            "category": 0,
            "position": "2249000",
            "half": "2",
            "confidence": "1.0"
        },
        {
            "gameTime": "2 - 37:32",
            "label": "comments",
            "category": 1,
            "position": "2252000",
            "half": "2",
            "confidence": "1.0"
        },
        {
            "gameTime": "2 - 37:38",
            "label": "comments",
            "category": 0,
            "position": "2258000",
            "half": "2",
            "confidence": "1.0"
        },
        {
            "gameTime": "2 - 37:41",
            "label": "comments",
            "category": 0,
            "position": "2261000",
            "half": "2",
            "confidence": "1.0"
        },
        {
            "gameTime": "2 - 37:45",
            "label": "comments",
            "category": 0,
            "position": "2265000",
            "half": "2",
            "confidence": "1.0"
        },
        {
            "gameTime": "2 - 37:49",
            "label": "comments",
            "category": 0,
            "position": "2269000",
            "half": "2",
            "confidence": "1.0"
        },
        {
            "gameTime": "2 - 37:54",
            "label": "comments",
            "category": 0,
            "position": "2274000",
            "half": "2",
            "confidence": "1.0"
        },
        {
            "gameTime": "2 - 37:56",
            "label": "comments",
            "category": 0,
            "position": "2276000",
            "half": "2",
            "confidence": "1.0"
        },
        {
            "gameTime": "2 - 37:58",
            "label": "comments",
            "category": 1,
            "position": "2278000",
            "half": "2",
            "confidence": "1.0"
        },
        {
            "gameTime": "2 - 38:16",
            "label": "comments",
            "category": 0,
            "position": "2296000",
            "half": "2",
            "confidence": "1.0"
        },
        {
            "gameTime": "2 - 38:22",
            "label": "comments",
            "category": 0,
            "position": "2302000",
            "half": "2",
            "confidence": "1.0"
        },
        {
            "gameTime": "2 - 38:25",
            "label": "comments",
            "category": 0,
            "position": "2305000",
            "half": "2",
            "confidence": "1.0"
        },
        {
            "gameTime": "2 - 38:27",
            "label": "comments",
            "category": 0,
            "position": "2307000",
            "half": "2",
            "confidence": "1.0"
        },
        {
            "gameTime": "2 - 38:31",
            "label": "comments",
            "category": 0,
            "position": "2311000",
            "half": "2",
            "confidence": "1.0"
        },
        {
            "gameTime": "2 - 38:35",
            "label": "comments",
            "category": 1,
            "position": "2315000",
            "half": "2",
            "confidence": "1.0"
        },
        {
            "gameTime": "2 - 38:40",
            "label": "comments",
            "category": 0,
            "position": "2320000",
            "half": "2",
            "confidence": "1.0"
        },
        {
            "gameTime": "2 - 38:43",
            "label": "comments",
            "category": 0,
            "position": "2323000",
            "half": "2",
            "confidence": "1.0"
        },
        {
            "gameTime": "2 - 38:44",
            "label": "comments",
            "category": 0,
            "position": "2324000",
            "half": "2",
            "confidence": "1.0"
        },
        {
            "gameTime": "2 - 38:47",
            "label": "comments",
            "category": 0,
            "position": "2327000",
            "half": "2",
            "confidence": "1.0"
        },
        {
            "gameTime": "2 - 38:52",
            "label": "comments",
            "category": 0,
            "position": "2332000",
            "half": "2",
            "confidence": "1.0"
        },
        {
            "gameTime": "2 - 38:54",
            "label": "comments",
            "category": 0,
            "position": "2334000",
            "half": "2",
            "confidence": "1.0"
        },
        {
            "gameTime": "2 - 39:00",
            "label": "comments",
            "category": 0,
            "position": "2340000",
            "half": "2",
            "confidence": "1.0"
        },
        {
            "gameTime": "2 - 39:08",
            "label": "comments",
            "category": 0,
            "position": "2348000",
            "half": "2",
            "confidence": "1.0"
        },
        {
            "gameTime": "2 - 39:09",
            "label": "comments",
            "category": 1,
            "position": "2349000",
            "half": "2",
            "confidence": "1.0"
        },
        {
            "gameTime": "2 - 39:15",
            "label": "comments",
            "category": 0,
            "position": "2355000",
            "half": "2",
            "confidence": "1.0"
        },
        {
            "gameTime": "2 - 39:18",
            "label": "comments",
            "category": 0,
            "position": "2358000",
            "half": "2",
            "confidence": "1.0"
        },
        {
            "gameTime": "2 - 39:21",
            "label": "comments",
            "category": 0,
            "position": "2361000",
            "half": "2",
            "confidence": "1.0"
        },
        {
            "gameTime": "2 - 39:23",
            "label": "comments",
            "category": 0,
            "position": "2363000",
            "half": "2",
            "confidence": "1.0"
        },
        {
            "gameTime": "2 - 39:28",
            "label": "comments",
            "category": 0,
            "position": "2368000",
            "half": "2",
            "confidence": "1.0"
        },
        {
            "gameTime": "2 - 39:30",
            "label": "comments",
            "category": 1,
            "position": "2370000",
            "half": "2",
            "confidence": "1.0"
        },
        {
            "gameTime": "2 - 39:32",
            "label": "comments",
            "category": 0,
            "position": "2372000",
            "half": "2",
            "confidence": "1.0"
        },
        {
            "gameTime": "2 - 39:39",
            "label": "comments",
            "category": 0,
            "position": "2379000",
            "half": "2",
            "confidence": "1.0"
        },
        {
            "gameTime": "2 - 39:43",
            "label": "comments",
            "category": 0,
            "position": "2383000",
            "half": "2",
            "confidence": "1.0"
        },
        {
            "gameTime": "2 - 39:46",
            "label": "comments",
            "category": 0,
            "position": "2386000",
            "half": "2",
            "confidence": "1.0"
        },
        {
            "gameTime": "2 - 39:47",
            "label": "comments",
            "category": 0,
            "position": "2387000",
            "half": "2",
            "confidence": "1.0"
        },
        {
            "gameTime": "2 - 39:48",
            "label": "comments",
            "category": 0,
            "position": "2388000",
            "half": "2",
            "confidence": "1.0"
        },
        {
            "gameTime": "2 - 39:56",
            "label": "comments",
            "category": 0,
            "position": "2396000",
            "half": "2",
            "confidence": "1.0"
        },
        {
            "gameTime": "2 - 39:59",
            "label": "comments",
            "category": 0,
            "position": "2399000",
            "half": "2",
            "confidence": "1.0"
        },
        {
            "gameTime": "2 - 40:01",
            "label": "comments",
            "category": 0,
            "position": "2401000",
            "half": "2",
            "confidence": "1.0"
        },
        {
            "gameTime": "2 - 40:04",
            "label": "comments",
            "category": 0,
            "position": "2404000",
            "half": "2",
            "confidence": "1.0"
        },
        {
            "gameTime": "2 - 40:07",
            "label": "comments",
            "category": 0,
            "position": "2407000",
            "half": "2",
            "confidence": "1.0"
        },
        {
            "gameTime": "2 - 40:23",
            "label": "comments",
            "category": 0,
            "position": "2423000",
            "half": "2",
            "confidence": "1.0"
        },
        {
            "gameTime": "2 - 40:35",
            "label": "comments",
            "category": 0,
            "position": "2435000",
            "half": "2",
            "confidence": "1.0"
        },
        {
            "gameTime": "2 - 40:37",
            "label": "comments",
            "category": 0,
            "position": "2437000",
            "half": "2",
            "confidence": "1.0"
        },
        {
            "gameTime": "2 - 41:00",
            "label": "comments",
            "category": 0,
            "position": "2460000",
            "half": "2",
            "confidence": "1.0"
        },
        {
            "gameTime": "2 - 41:08",
            "label": "comments",
            "category": 0,
            "position": "2468000",
            "half": "2",
            "confidence": "1.0"
        },
        {
            "gameTime": "2 - 41:33",
            "label": "comments",
            "category": 0,
            "position": "2493000",
            "half": "2",
            "confidence": "1.0"
        },
        {
            "gameTime": "2 - 41:39",
            "label": "comments",
            "category": 1,
            "position": "2499000",
            "half": "2",
            "confidence": "1.0"
        },
        {
            "gameTime": "2 - 41:52",
            "label": "comments",
            "category": 0,
            "position": "2512000",
            "half": "2",
            "confidence": "1.0"
        },
        {
            "gameTime": "2 - 42:07",
            "label": "comments",
            "category": 1,
            "position": "2527000",
            "half": "2",
            "confidence": "1.0"
        },
        {
            "gameTime": "2 - 42:26",
            "label": "comments",
            "category": 1,
            "position": "2546000",
            "half": "2",
            "confidence": "1.0"
        },
        {
            "gameTime": "2 - 43:01",
            "label": "comments",
            "category": 0,
            "position": "2581000",
            "half": "2",
            "confidence": "1.0"
        },
        {
            "gameTime": "2 - 43:07",
            "label": "comments",
            "category": 1,
            "position": "2587000",
            "half": "2",
            "confidence": "1.0"
        }
    ],
    "game": "england_epl/2015-2016/2015-08-29 - 17-00 Liverpool 0 - 3 West Ham"
}