{
    "predictions": [
        {
            "gameTime": "1 - 00:00",
            "label": "comments",
            "category": 0,
            "position": "0",
            "half": "1",
            "confidence": "1.0"
        },
        {
            "gameTime": "1 - 00:04",
            "label": "comments",
            "category": 0,
            "position": "4000",
            "half": "1",
            "confidence": "1.0"
        },
        {
            "gameTime": "1 - 00:09",
            "label": "comments",
            "category": 0,
            "position": "9000",
            "half": "1",
            "confidence": "1.0"
        },
        {
            "gameTime": "1 - 00:13",
            "label": "comments",
            "category": 0,
            "position": "13000",
            "half": "1",
            "confidence": "1.0"
        },
        {
            "gameTime": "1 - 00:13",
            "label": "comments",
            "category": 1,
            "position": "13000",
            "half": "1",
            "confidence": "1.0"
        },
        {
            "gameTime": "1 - 00:18",
            "label": "comments",
            "category": 1,
            "position": "18000",
            "half": "1",
            "confidence": "1.0"
        },
        {
            "gameTime": "1 - 00:29",
            "label": "comments",
            "category": 0,
            "position": "29000",
            "half": "1",
            "confidence": "1.0"
        },
        {
            "gameTime": "1 - 00:34",
            "label": "comments",
            "category": 0,
            "position": "34000",
            "half": "1",
            "confidence": "1.0"
        },
        {
            "gameTime": "1 - 00:38",
            "label": "comments",
            "category": 1,
            "position": "38000",
            "half": "1",
            "confidence": "1.0"
        },
        {
            "gameTime": "1 - 00:45",
            "label": "comments",
            "category": 0,
            "position": "45000",
            "half": "1",
            "confidence": "1.0"
        },
        {
            "gameTime": "1 - 00:50",
            "label": "comments",
            "category": 0,
            "position": "50000",
            "half": "1",
            "confidence": "1.0"
        },
        {
            "gameTime": "1 - 00:55",
            "label": "comments",
            "category": 1,
            "position": "55000",
            "half": "1",
            "confidence": "1.0"
        },
        {
            "gameTime": "1 - 01:10",
            "label": "comments",
            "category": 0,
            "position": "70000",
            "half": "1",
            "confidence": "1.0"
        },
        {
            "gameTime": "1 - 01:20",
            "label": "comments",
            "category": 0,
            "position": "80000",
            "half": "1",
            "confidence": "1.0"
        },
        {
            "gameTime": "1 - 01:36",
            "label": "comments",
            "category": 1,
            "position": "96000",
            "half": "1",
            "confidence": "1.0"
        },
        {
            "gameTime": "1 - 01:47",
            "label": "comments",
            "category": 1,
            "position": "107000",
            "half": "1",
            "confidence": "1.0"
        },
        {
            "gameTime": "1 - 01:53",
            "label": "comments",
            "category": 1,
            "position": "113000",
            "half": "1",
            "confidence": "1.0"
        },
        {
            "gameTime": "1 - 02:16",
            "label": "comments",
            "category": 1,
            "position": "136000",
            "half": "1",
            "confidence": "1.0"
        },
        {
            "gameTime": "1 - 02:23",
            "label": "comments",
            "category": 0,
            "position": "143000",
            "half": "1",
            "confidence": "1.0"
        },
        {
            "gameTime": "1 - 02:23",
            "label": "comments",
            "category": 1,
            "position": "143000",
            "half": "1",
            "confidence": "1.0"
        },
        {
            "gameTime": "1 - 02:29",
            "label": "comments",
            "category": 0,
            "position": "149000",
            "half": "1",
            "confidence": "1.0"
        },
        {
            "gameTime": "1 - 02:29",
            "label": "comments",
            "category": 1,
            "position": "149000",
            "half": "1",
            "confidence": "1.0"
        },
        {
            "gameTime": "1 - 02:43",
            "label": "comments",
            "category": 0,
            "position": "163000",
            "half": "1",
            "confidence": "1.0"
        },
        {
            "gameTime": "1 - 02:43",
            "label": "comments",
            "category": 1,
            "position": "163000",
            "half": "1",
            "confidence": "1.0"
        },
        {
            "gameTime": "1 - 02:50",
            "label": "comments",
            "category": 0,
            "position": "170000",
            "half": "1",
            "confidence": "1.0"
        },
        {
            "gameTime": "1 - 02:56",
            "label": "comments",
            "category": 0,
            "position": "176000",
            "half": "1",
            "confidence": "1.0"
        },
        {
            "gameTime": "1 - 03:03",
            "label": "comments",
            "category": 1,
            "position": "183000",
            "half": "1",
            "confidence": "1.0"
        },
        {
            "gameTime": "1 - 03:24",
            "label": "comments",
            "category": 0,
            "position": "204000",
            "half": "1",
            "confidence": "1.0"
        },
        {
            "gameTime": "1 - 03:30",
            "label": "comments",
            "category": 0,
            "position": "210000",
            "half": "1",
            "confidence": "1.0"
        },
        {
            "gameTime": "1 - 03:44",
            "label": "comments",
            "category": 1,
            "position": "224000",
            "half": "1",
            "confidence": "1.0"
        },
        {
            "gameTime": "1 - 03:51",
            "label": "comments",
            "category": 0,
            "position": "231000",
            "half": "1",
            "confidence": "1.0"
        },
        {
            "gameTime": "1 - 04:06",
            "label": "comments",
            "category": 0,
            "position": "246000",
            "half": "1",
            "confidence": "1.0"
        },
        {
            "gameTime": "1 - 04:12",
            "label": "comments",
            "category": 1,
            "position": "252000",
            "half": "1",
            "confidence": "1.0"
        },
        {
            "gameTime": "1 - 04:18",
            "label": "comments",
            "category": 0,
            "position": "258000",
            "half": "1",
            "confidence": "1.0"
        },
        {
            "gameTime": "1 - 04:24",
            "label": "comments",
            "category": 1,
            "position": "264000",
            "half": "1",
            "confidence": "1.0"
        },
        {
            "gameTime": "1 - 04:33",
            "label": "comments",
            "category": 0,
            "position": "273000",
            "half": "1",
            "confidence": "1.0"
        },
        {
            "gameTime": "1 - 04:41",
            "label": "comments",
            "category": 0,
            "position": "281000",
            "half": "1",
            "confidence": "1.0"
        },
        {
            "gameTime": "1 - 04:41",
            "label": "comments",
            "category": 1,
            "position": "281000",
            "half": "1",
            "confidence": "1.0"
        },
        {
            "gameTime": "1 - 04:48",
            "label": "comments",
            "category": 0,
            "position": "288000",
            "half": "1",
            "confidence": "1.0"
        },
        {
            "gameTime": "1 - 05:00",
            "label": "comments",
            "category": 1,
            "position": "300000",
            "half": "1",
            "confidence": "1.0"
        },
        {
            "gameTime": "1 - 05:24",
            "label": "comments",
            "category": 0,
            "position": "324000",
            "half": "1",
            "confidence": "1.0"
        },
        {
            "gameTime": "1 - 05:35",
            "label": "comments",
            "category": 1,
            "position": "335000",
            "half": "1",
            "confidence": "1.0"
        },
        {
            "gameTime": "1 - 05:56",
            "label": "comments",
            "category": 0,
            "position": "356000",
            "half": "1",
            "confidence": "1.0"
        },
        {
            "gameTime": "1 - 06:03",
            "label": "comments",
            "category": 0,
            "position": "363000",
            "half": "1",
            "confidence": "1.0"
        },
        {
            "gameTime": "1 - 06:07",
            "label": "comments",
            "category": 0,
            "position": "367000",
            "half": "1",
            "confidence": "1.0"
        },
        {
            "gameTime": "1 - 06:10",
            "label": "comments",
            "category": 0,
            "position": "370000",
            "half": "1",
            "confidence": "1.0"
        },
        {
            "gameTime": "1 - 06:17",
            "label": "comments",
            "category": 0,
            "position": "377000",
            "half": "1",
            "confidence": "1.0"
        },
        {
            "gameTime": "1 - 06:26",
            "label": "comments",
            "category": 1,
            "position": "386000",
            "half": "1",
            "confidence": "1.0"
        },
        {
            "gameTime": "1 - 06:30",
            "label": "comments",
            "category": 0,
            "position": "390000",
            "half": "1",
            "confidence": "1.0"
        },
        {
            "gameTime": "1 - 06:35",
            "label": "comments",
            "category": 0,
            "position": "395000",
            "half": "1",
            "confidence": "1.0"
        },
        {
            "gameTime": "1 - 06:42",
            "label": "comments",
            "category": 1,
            "position": "402000",
            "half": "1",
            "confidence": "1.0"
        },
        {
            "gameTime": "1 - 06:47",
            "label": "comments",
            "category": 0,
            "position": "407000",
            "half": "1",
            "confidence": "1.0"
        },
        {
            "gameTime": "1 - 06:54",
            "label": "comments",
            "category": 1,
            "position": "414000",
            "half": "1",
            "confidence": "1.0"
        },
        {
            "gameTime": "1 - 06:59",
            "label": "comments",
            "category": 0,
            "position": "419000",
            "half": "1",
            "confidence": "1.0"
        },
        {
            "gameTime": "1 - 07:05",
            "label": "comments",
            "category": 0,
            "position": "425000",
            "half": "1",
            "confidence": "1.0"
        },
        {
            "gameTime": "1 - 07:17",
            "label": "comments",
            "category": 0,
            "position": "437000",
            "half": "1",
            "confidence": "1.0"
        },
        {
            "gameTime": "1 - 07:17",
            "label": "comments",
            "category": 1,
            "position": "437000",
            "half": "1",
            "confidence": "1.0"
        },
        {
            "gameTime": "1 - 07:25",
            "label": "comments",
            "category": 0,
            "position": "445000",
            "half": "1",
            "confidence": "1.0"
        },
        {
            "gameTime": "1 - 07:32",
            "label": "comments",
            "category": 0,
            "position": "452000",
            "half": "1",
            "confidence": "1.0"
        },
        {
            "gameTime": "1 - 07:39",
            "label": "comments",
            "category": 0,
            "position": "459000",
            "half": "1",
            "confidence": "1.0"
        },
        {
            "gameTime": "1 - 07:45",
            "label": "comments",
            "category": 0,
            "position": "465000",
            "half": "1",
            "confidence": "1.0"
        },
        {
            "gameTime": "1 - 07:52",
            "label": "comments",
            "category": 0,
            "position": "472000",
            "half": "1",
            "confidence": "1.0"
        },
        {
            "gameTime": "1 - 07:58",
            "label": "comments",
            "category": 0,
            "position": "478000",
            "half": "1",
            "confidence": "1.0"
        },
        {
            "gameTime": "1 - 08:07",
            "label": "comments",
            "category": 0,
            "position": "487000",
            "half": "1",
            "confidence": "1.0"
        },
        {
            "gameTime": "1 - 08:13",
            "label": "comments",
            "category": 0,
            "position": "493000",
            "half": "1",
            "confidence": "1.0"
        },
        {
            "gameTime": "1 - 08:20",
            "label": "comments",
            "category": 0,
            "position": "500000",
            "half": "1",
            "confidence": "1.0"
        },
        {
            "gameTime": "1 - 08:28",
            "label": "comments",
            "category": 1,
            "position": "508000",
            "half": "1",
            "confidence": "1.0"
        },
        {
            "gameTime": "1 - 08:38",
            "label": "comments",
            "category": 1,
            "position": "518000",
            "half": "1",
            "confidence": "1.0"
        },
        {
            "gameTime": "1 - 08:53",
            "label": "comments",
            "category": 1,
            "position": "533000",
            "half": "1",
            "confidence": "1.0"
        },
        {
            "gameTime": "1 - 09:01",
            "label": "comments",
            "category": 0,
            "position": "541000",
            "half": "1",
            "confidence": "1.0"
        },
        {
            "gameTime": "1 - 09:07",
            "label": "comments",
            "category": 0,
            "position": "547000",
            "half": "1",
            "confidence": "1.0"
        },
        {
            "gameTime": "1 - 09:16",
            "label": "comments",
            "category": 1,
            "position": "556000",
            "half": "1",
            "confidence": "1.0"
        },
        {
            "gameTime": "1 - 09:26",
            "label": "comments",
            "category": 1,
            "position": "566000",
            "half": "1",
            "confidence": "1.0"
        },
        {
            "gameTime": "1 - 09:31",
            "label": "comments",
            "category": 1,
            "position": "571000",
            "half": "1",
            "confidence": "1.0"
        },
        {
            "gameTime": "1 - 09:39",
            "label": "comments",
            "category": 1,
            "position": "579000",
            "half": "1",
            "confidence": "1.0"
        },
        {
            "gameTime": "1 - 09:54",
            "label": "comments",
            "category": 0,
            "position": "594000",
            "half": "1",
            "confidence": "1.0"
        },
        {
            "gameTime": "1 - 10:02",
            "label": "comments",
            "category": 0,
            "position": "602000",
            "half": "1",
            "confidence": "1.0"
        },
        {
            "gameTime": "1 - 10:09",
            "label": "comments",
            "category": 1,
            "position": "609000",
            "half": "1",
            "confidence": "1.0"
        },
        {
            "gameTime": "1 - 10:16",
            "label": "comments",
            "category": 1,
            "position": "616000",
            "half": "1",
            "confidence": "1.0"
        },
        {
            "gameTime": "1 - 10:22",
            "label": "comments",
            "category": 1,
            "position": "622000",
            "half": "1",
            "confidence": "1.0"
        },
        {
            "gameTime": "1 - 10:27",
            "label": "comments",
            "category": 0,
            "position": "627000",
            "half": "1",
            "confidence": "1.0"
        },
        {
            "gameTime": "1 - 10:35",
            "label": "comments",
            "category": 1,
            "position": "635000",
            "half": "1",
            "confidence": "1.0"
        },
        {
            "gameTime": "1 - 10:42",
            "label": "comments",
            "category": 0,
            "position": "642000",
            "half": "1",
            "confidence": "1.0"
        },
        {
            "gameTime": "1 - 10:52",
            "label": "comments",
            "category": 0,
            "position": "652000",
            "half": "1",
            "confidence": "1.0"
        },
        {
            "gameTime": "1 - 11:12",
            "label": "comments",
            "category": 0,
            "position": "672000",
            "half": "1",
            "confidence": "1.0"
        },
        {
            "gameTime": "1 - 11:17",
            "label": "comments",
            "category": 0,
            "position": "677000",
            "half": "1",
            "confidence": "1.0"
        },
        {
            "gameTime": "1 - 11:25",
            "label": "comments",
            "category": 0,
            "position": "685000",
            "half": "1",
            "confidence": "1.0"
        },
        {
            "gameTime": "1 - 11:30",
            "label": "comments",
            "category": 0,
            "position": "690000",
            "half": "1",
            "confidence": "1.0"
        },
        {
            "gameTime": "1 - 11:41",
            "label": "comments",
            "category": 0,
            "position": "701000",
            "half": "1",
            "confidence": "1.0"
        },
        {
            "gameTime": "1 - 11:49",
            "label": "comments",
            "category": 0,
            "position": "709000",
            "half": "1",
            "confidence": "1.0"
        },
        {
            "gameTime": "1 - 11:59",
            "label": "comments",
            "category": 0,
            "position": "719000",
            "half": "1",
            "confidence": "1.0"
        },
        {
            "gameTime": "1 - 12:06",
            "label": "comments",
            "category": 0,
            "position": "726000",
            "half": "1",
            "confidence": "1.0"
        },
        {
            "gameTime": "1 - 12:12",
            "label": "comments",
            "category": 1,
            "position": "732000",
            "half": "1",
            "confidence": "1.0"
        },
        {
            "gameTime": "1 - 12:23",
            "label": "comments",
            "category": 1,
            "position": "743000",
            "half": "1",
            "confidence": "1.0"
        },
        {
            "gameTime": "1 - 12:37",
            "label": "comments",
            "category": 1,
            "position": "757000",
            "half": "1",
            "confidence": "1.0"
        },
        {
            "gameTime": "1 - 12:52",
            "label": "comments",
            "category": 0,
            "position": "772000",
            "half": "1",
            "confidence": "1.0"
        },
        {
            "gameTime": "1 - 13:04",
            "label": "comments",
            "category": 0,
            "position": "784000",
            "half": "1",
            "confidence": "1.0"
        },
        {
            "gameTime": "1 - 13:04",
            "label": "comments",
            "category": 1,
            "position": "784000",
            "half": "1",
            "confidence": "1.0"
        },
        {
            "gameTime": "1 - 13:23",
            "label": "comments",
            "category": 0,
            "position": "803000",
            "half": "1",
            "confidence": "1.0"
        },
        {
            "gameTime": "1 - 13:29",
            "label": "comments",
            "category": 0,
            "position": "809000",
            "half": "1",
            "confidence": "1.0"
        },
        {
            "gameTime": "1 - 13:34",
            "label": "comments",
            "category": 1,
            "position": "814000",
            "half": "1",
            "confidence": "1.0"
        },
        {
            "gameTime": "1 - 13:47",
            "label": "comments",
            "category": 1,
            "position": "827000",
            "half": "1",
            "confidence": "1.0"
        },
        {
            "gameTime": "1 - 14:03",
            "label": "comments",
            "category": 1,
            "position": "843000",
            "half": "1",
            "confidence": "1.0"
        },
        {
            "gameTime": "1 - 14:07",
            "label": "comments",
            "category": 1,
            "position": "847000",
            "half": "1",
            "confidence": "1.0"
        },
        {
            "gameTime": "1 - 14:14",
            "label": "comments",
            "category": 0,
            "position": "854000",
            "half": "1",
            "confidence": "1.0"
        },
        {
            "gameTime": "1 - 14:21",
            "label": "comments",
            "category": 1,
            "position": "861000",
            "half": "1",
            "confidence": "1.0"
        },
        {
            "gameTime": "1 - 14:49",
            "label": "comments",
            "category": 1,
            "position": "889000",
            "half": "1",
            "confidence": "1.0"
        },
        {
            "gameTime": "1 - 14:56",
            "label": "comments",
            "category": 0,
            "position": "896000",
            "half": "1",
            "confidence": "1.0"
        },
        {
            "gameTime": "1 - 15:07",
            "label": "comments",
            "category": 1,
            "position": "907000",
            "half": "1",
            "confidence": "1.0"
        },
        {
            "gameTime": "1 - 15:23",
            "label": "comments",
            "category": 0,
            "position": "923000",
            "half": "1",
            "confidence": "1.0"
        },
        {
            "gameTime": "1 - 15:29",
            "label": "comments",
            "category": 0,
            "position": "929000",
            "half": "1",
            "confidence": "1.0"
        },
        {
            "gameTime": "1 - 15:29",
            "label": "comments",
            "category": 1,
            "position": "929000",
            "half": "1",
            "confidence": "1.0"
        },
        {
            "gameTime": "1 - 15:41",
            "label": "comments",
            "category": 0,
            "position": "941000",
            "half": "1",
            "confidence": "1.0"
        },
        {
            "gameTime": "1 - 15:49",
            "label": "comments",
            "category": 1,
            "position": "949000",
            "half": "1",
            "confidence": "1.0"
        },
        {
            "gameTime": "1 - 15:59",
            "label": "comments",
            "category": 0,
            "position": "959000",
            "half": "1",
            "confidence": "1.0"
        },
        {
            "gameTime": "1 - 15:59",
            "label": "comments",
            "category": 1,
            "position": "959000",
            "half": "1",
            "confidence": "1.0"
        },
        {
            "gameTime": "1 - 16:08",
            "label": "comments",
            "category": 0,
            "position": "968000",
            "half": "1",
            "confidence": "1.0"
        },
        {
            "gameTime": "1 - 16:14",
            "label": "comments",
            "category": 0,
            "position": "974000",
            "half": "1",
            "confidence": "1.0"
        },
        {
            "gameTime": "1 - 16:33",
            "label": "comments",
            "category": 0,
            "position": "993000",
            "half": "1",
            "confidence": "1.0"
        },
        {
            "gameTime": "1 - 16:49",
            "label": "comments",
            "category": 0,
            "position": "1009000",
            "half": "1",
            "confidence": "1.0"
        },
        {
            "gameTime": "1 - 17:01",
            "label": "comments",
            "category": 0,
            "position": "1021000",
            "half": "1",
            "confidence": "1.0"
        },
        {
            "gameTime": "1 - 17:09",
            "label": "comments",
            "category": 0,
            "position": "1029000",
            "half": "1",
            "confidence": "1.0"
        },
        {
            "gameTime": "1 - 17:13",
            "label": "comments",
            "category": 0,
            "position": "1033000",
            "half": "1",
            "confidence": "1.0"
        },
        {
            "gameTime": "1 - 17:24",
            "label": "comments",
            "category": 0,
            "position": "1044000",
            "half": "1",
            "confidence": "1.0"
        },
        {
            "gameTime": "1 - 17:38",
            "label": "comments",
            "category": 0,
            "position": "1058000",
            "half": "1",
            "confidence": "1.0"
        },
        {
            "gameTime": "1 - 17:44",
            "label": "comments",
            "category": 0,
            "position": "1064000",
            "half": "1",
            "confidence": "1.0"
        },
        {
            "gameTime": "1 - 17:48",
            "label": "comments",
            "category": 0,
            "position": "1068000",
            "half": "1",
            "confidence": "1.0"
        },
        {
            "gameTime": "1 - 17:58",
            "label": "comments",
            "category": 1,
            "position": "1078000",
            "half": "1",
            "confidence": "1.0"
        },
        {
            "gameTime": "1 - 18:05",
            "label": "comments",
            "category": 1,
            "position": "1085000",
            "half": "1",
            "confidence": "1.0"
        },
        {
            "gameTime": "1 - 18:22",
            "label": "comments",
            "category": 0,
            "position": "1102000",
            "half": "1",
            "confidence": "1.0"
        },
        {
            "gameTime": "1 - 18:28",
            "label": "comments",
            "category": 0,
            "position": "1108000",
            "half": "1",
            "confidence": "1.0"
        },
        {
            "gameTime": "1 - 18:50",
            "label": "comments",
            "category": 0,
            "position": "1130000",
            "half": "1",
            "confidence": "1.0"
        },
        {
            "gameTime": "1 - 19:15",
            "label": "comments",
            "category": 0,
            "position": "1155000",
            "half": "1",
            "confidence": "1.0"
        },
        {
            "gameTime": "1 - 19:28",
            "label": "comments",
            "category": 0,
            "position": "1168000",
            "half": "1",
            "confidence": "1.0"
        },
        {
            "gameTime": "1 - 19:34",
            "label": "comments",
            "category": 0,
            "position": "1174000",
            "half": "1",
            "confidence": "1.0"
        },
        {
            "gameTime": "1 - 19:47",
            "label": "comments",
            "category": 0,
            "position": "1187000",
            "half": "1",
            "confidence": "1.0"
        },
        {
            "gameTime": "1 - 19:47",
            "label": "comments",
            "category": 1,
            "position": "1187000",
            "half": "1",
            "confidence": "1.0"
        },
        {
            "gameTime": "1 - 20:00",
            "label": "comments",
            "category": 1,
            "position": "1200000",
            "half": "1",
            "confidence": "1.0"
        },
        {
            "gameTime": "1 - 20:09",
            "label": "comments",
            "category": 0,
            "position": "1209000",
            "half": "1",
            "confidence": "1.0"
        },
        {
            "gameTime": "1 - 20:17",
            "label": "comments",
            "category": 0,
            "position": "1217000",
            "half": "1",
            "confidence": "1.0"
        },
        {
            "gameTime": "1 - 20:23",
            "label": "comments",
            "category": 0,
            "position": "1223000",
            "half": "1",
            "confidence": "1.0"
        },
        {
            "gameTime": "1 - 20:32",
            "label": "comments",
            "category": 1,
            "position": "1232000",
            "half": "1",
            "confidence": "1.0"
        },
        {
            "gameTime": "1 - 20:44",
            "label": "comments",
            "category": 1,
            "position": "1244000",
            "half": "1",
            "confidence": "1.0"
        },
        {
            "gameTime": "1 - 21:02",
            "label": "comments",
            "category": 0,
            "position": "1262000",
            "half": "1",
            "confidence": "1.0"
        },
        {
            "gameTime": "1 - 21:12",
            "label": "comments",
            "category": 0,
            "position": "1272000",
            "half": "1",
            "confidence": "1.0"
        },
        {
            "gameTime": "1 - 21:21",
            "label": "comments",
            "category": 0,
            "position": "1281000",
            "half": "1",
            "confidence": "1.0"
        },
        {
            "gameTime": "1 - 21:37",
            "label": "comments",
            "category": 0,
            "position": "1297000",
            "half": "1",
            "confidence": "1.0"
        },
        {
            "gameTime": "1 - 21:51",
            "label": "comments",
            "category": 0,
            "position": "1311000",
            "half": "1",
            "confidence": "1.0"
        },
        {
            "gameTime": "1 - 22:04",
            "label": "comments",
            "category": 0,
            "position": "1324000",
            "half": "1",
            "confidence": "1.0"
        },
        {
            "gameTime": "1 - 22:09",
            "label": "comments",
            "category": 0,
            "position": "1329000",
            "half": "1",
            "confidence": "1.0"
        },
        {
            "gameTime": "1 - 22:15",
            "label": "comments",
            "category": 0,
            "position": "1335000",
            "half": "1",
            "confidence": "1.0"
        },
        {
            "gameTime": "1 - 22:21",
            "label": "comments",
            "category": 0,
            "position": "1341000",
            "half": "1",
            "confidence": "1.0"
        },
        {
            "gameTime": "1 - 22:28",
            "label": "comments",
            "category": 0,
            "position": "1348000",
            "half": "1",
            "confidence": "1.0"
        },
        {
            "gameTime": "1 - 22:39",
            "label": "comments",
            "category": 0,
            "position": "1359000",
            "half": "1",
            "confidence": "1.0"
        },
        {
            "gameTime": "1 - 22:39",
            "label": "comments",
            "category": 1,
            "position": "1359000",
            "half": "1",
            "confidence": "1.0"
        },
        {
            "gameTime": "1 - 22:56",
            "label": "comments",
            "category": 0,
            "position": "1376000",
            "half": "1",
            "confidence": "1.0"
        },
        {
            "gameTime": "1 - 23:03",
            "label": "comments",
            "category": 0,
            "position": "1383000",
            "half": "1",
            "confidence": "1.0"
        },
        {
            "gameTime": "1 - 23:11",
            "label": "comments",
            "category": 1,
            "position": "1391000",
            "half": "1",
            "confidence": "1.0"
        },
        {
            "gameTime": "1 - 23:17",
            "label": "comments",
            "category": 0,
            "position": "1397000",
            "half": "1",
            "confidence": "1.0"
        },
        {
            "gameTime": "1 - 23:22",
            "label": "comments",
            "category": 0,
            "position": "1402000",
            "half": "1",
            "confidence": "1.0"
        },
        {
            "gameTime": "1 - 23:30",
            "label": "comments",
            "category": 0,
            "position": "1410000",
            "half": "1",
            "confidence": "1.0"
        },
        {
            "gameTime": "1 - 23:37",
            "label": "comments",
            "category": 0,
            "position": "1417000",
            "half": "1",
            "confidence": "1.0"
        },
        {
            "gameTime": "1 - 23:37",
            "label": "comments",
            "category": 1,
            "position": "1417000",
            "half": "1",
            "confidence": "1.0"
        },
        {
            "gameTime": "1 - 23:43",
            "label": "comments",
            "category": 1,
            "position": "1423000",
            "half": "1",
            "confidence": "1.0"
        },
        {
            "gameTime": "1 - 23:54",
            "label": "comments",
            "category": 1,
            "position": "1434000",
            "half": "1",
            "confidence": "1.0"
        },
        {
            "gameTime": "1 - 24:11",
            "label": "comments",
            "category": 1,
            "position": "1451000",
            "half": "1",
            "confidence": "1.0"
        },
        {
            "gameTime": "1 - 24:20",
            "label": "comments",
            "category": 1,
            "position": "1460000",
            "half": "1",
            "confidence": "1.0"
        },
        {
            "gameTime": "1 - 24:27",
            "label": "comments",
            "category": 1,
            "position": "1467000",
            "half": "1",
            "confidence": "1.0"
        },
        {
            "gameTime": "1 - 24:34",
            "label": "comments",
            "category": 0,
            "position": "1474000",
            "half": "1",
            "confidence": "1.0"
        },
        {
            "gameTime": "1 - 24:59",
            "label": "comments",
            "category": 0,
            "position": "1499000",
            "half": "1",
            "confidence": "1.0"
        },
        {
            "gameTime": "1 - 25:06",
            "label": "comments",
            "category": 0,
            "position": "1506000",
            "half": "1",
            "confidence": "1.0"
        },
        {
            "gameTime": "1 - 25:14",
            "label": "comments",
            "category": 0,
            "position": "1514000",
            "half": "1",
            "confidence": "1.0"
        },
        {
            "gameTime": "1 - 25:45",
            "label": "comments",
            "category": 0,
            "position": "1545000",
            "half": "1",
            "confidence": "1.0"
        },
        {
            "gameTime": "1 - 25:45",
            "label": "comments",
            "category": 1,
            "position": "1545000",
            "half": "1",
            "confidence": "1.0"
        },
        {
            "gameTime": "1 - 26:00",
            "label": "comments",
            "category": 1,
            "position": "1560000",
            "half": "1",
            "confidence": "1.0"
        },
        {
            "gameTime": "1 - 26:21",
            "label": "comments",
            "category": 0,
            "position": "1581000",
            "half": "1",
            "confidence": "1.0"
        },
        {
            "gameTime": "1 - 26:27",
            "label": "comments",
            "category": 1,
            "position": "1587000",
            "half": "1",
            "confidence": "1.0"
        },
        {
            "gameTime": "1 - 26:33",
            "label": "comments",
            "category": 1,
            "position": "1593000",
            "half": "1",
            "confidence": "1.0"
        },
        {
            "gameTime": "1 - 26:45",
            "label": "comments",
            "category": 1,
            "position": "1605000",
            "half": "1",
            "confidence": "1.0"
        },
        {
            "gameTime": "1 - 26:55",
            "label": "comments",
            "category": 0,
            "position": "1615000",
            "half": "1",
            "confidence": "1.0"
        },
        {
            "gameTime": "1 - 26:55",
            "label": "comments",
            "category": 1,
            "position": "1615000",
            "half": "1",
            "confidence": "1.0"
        },
        {
            "gameTime": "1 - 27:02",
            "label": "comments",
            "category": 0,
            "position": "1622000",
            "half": "1",
            "confidence": "1.0"
        },
        {
            "gameTime": "1 - 27:09",
            "label": "comments",
            "category": 0,
            "position": "1629000",
            "half": "1",
            "confidence": "1.0"
        },
        {
            "gameTime": "1 - 27:18",
            "label": "comments",
            "category": 0,
            "position": "1638000",
            "half": "1",
            "confidence": "1.0"
        },
        {
            "gameTime": "1 - 27:25",
            "label": "comments",
            "category": 0,
            "position": "1645000",
            "half": "1",
            "confidence": "1.0"
        },
        {
            "gameTime": "1 - 27:34",
            "label": "comments",
            "category": 0,
            "position": "1654000",
            "half": "1",
            "confidence": "1.0"
        },
        {
            "gameTime": "1 - 27:41",
            "label": "comments",
            "category": 0,
            "position": "1661000",
            "half": "1",
            "confidence": "1.0"
        },
        {
            "gameTime": "1 - 27:47",
            "label": "comments",
            "category": 0,
            "position": "1667000",
            "half": "1",
            "confidence": "1.0"
        },
        {
            "gameTime": "1 - 27:53",
            "label": "comments",
            "category": 0,
            "position": "1673000",
            "half": "1",
            "confidence": "1.0"
        },
        {
            "gameTime": "1 - 28:01",
            "label": "comments",
            "category": 0,
            "position": "1681000",
            "half": "1",
            "confidence": "1.0"
        },
        {
            "gameTime": "1 - 28:08",
            "label": "comments",
            "category": 0,
            "position": "1688000",
            "half": "1",
            "confidence": "1.0"
        },
        {
            "gameTime": "1 - 28:15",
            "label": "comments",
            "category": 0,
            "position": "1695000",
            "half": "1",
            "confidence": "1.0"
        },
        {
            "gameTime": "1 - 28:20",
            "label": "comments",
            "category": 0,
            "position": "1700000",
            "half": "1",
            "confidence": "1.0"
        },
        {
            "gameTime": "1 - 28:27",
            "label": "comments",
            "category": 0,
            "position": "1707000",
            "half": "1",
            "confidence": "1.0"
        },
        {
            "gameTime": "1 - 28:31",
            "label": "comments",
            "category": 1,
            "position": "1711000",
            "half": "1",
            "confidence": "1.0"
        },
        {
            "gameTime": "1 - 28:43",
            "label": "comments",
            "category": 1,
            "position": "1723000",
            "half": "1",
            "confidence": "1.0"
        },
        {
            "gameTime": "1 - 28:48",
            "label": "comments",
            "category": 1,
            "position": "1728000",
            "half": "1",
            "confidence": "1.0"
        },
        {
            "gameTime": "1 - 28:57",
            "label": "comments",
            "category": 0,
            "position": "1737000",
            "half": "1",
            "confidence": "1.0"
        },
        {
            "gameTime": "1 - 28:57",
            "label": "comments",
            "category": 1,
            "position": "1737000",
            "half": "1",
            "confidence": "1.0"
        },
        {
            "gameTime": "1 - 29:08",
            "label": "comments",
            "category": 0,
            "position": "1748000",
            "half": "1",
            "confidence": "1.0"
        },
        {
            "gameTime": "1 - 29:25",
            "label": "comments",
            "category": 0,
            "position": "1765000",
            "half": "1",
            "confidence": "1.0"
        },
        {
            "gameTime": "1 - 29:31",
            "label": "comments",
            "category": 0,
            "position": "1771000",
            "half": "1",
            "confidence": "1.0"
        },
        {
            "gameTime": "1 - 29:37",
            "label": "comments",
            "category": 0,
            "position": "1777000",
            "half": "1",
            "confidence": "1.0"
        },
        {
            "gameTime": "1 - 29:45",
            "label": "comments",
            "category": 0,
            "position": "1785000",
            "half": "1",
            "confidence": "1.0"
        },
        {
            "gameTime": "1 - 29:53",
            "label": "comments",
            "category": 0,
            "position": "1793000",
            "half": "1",
            "confidence": "1.0"
        },
        {
            "gameTime": "1 - 30:01",
            "label": "comments",
            "category": 0,
            "position": "1801000",
            "half": "1",
            "confidence": "1.0"
        },
        {
            "gameTime": "1 - 30:14",
            "label": "comments",
            "category": 0,
            "position": "1814000",
            "half": "1",
            "confidence": "1.0"
        },
        {
            "gameTime": "1 - 30:22",
            "label": "comments",
            "category": 0,
            "position": "1822000",
            "half": "1",
            "confidence": "1.0"
        },
        {
            "gameTime": "1 - 30:32",
            "label": "comments",
            "category": 0,
            "position": "1832000",
            "half": "1",
            "confidence": "1.0"
        },
        {
            "gameTime": "1 - 30:38",
            "label": "comments",
            "category": 0,
            "position": "1838000",
            "half": "1",
            "confidence": "1.0"
        },
        {
            "gameTime": "1 - 30:46",
            "label": "comments",
            "category": 0,
            "position": "1846000",
            "half": "1",
            "confidence": "1.0"
        },
        {
            "gameTime": "1 - 30:52",
            "label": "comments",
            "category": 0,
            "position": "1852000",
            "half": "1",
            "confidence": "1.0"
        },
        {
            "gameTime": "1 - 31:00",
            "label": "comments",
            "category": 0,
            "position": "1860000",
            "half": "1",
            "confidence": "1.0"
        },
        {
            "gameTime": "1 - 31:12",
            "label": "comments",
            "category": 1,
            "position": "1872000",
            "half": "1",
            "confidence": "1.0"
        },
        {
            "gameTime": "1 - 31:19",
            "label": "comments",
            "category": 0,
            "position": "1879000",
            "half": "1",
            "confidence": "1.0"
        },
        {
            "gameTime": "1 - 31:24",
            "label": "comments",
            "category": 0,
            "position": "1884000",
            "half": "1",
            "confidence": "1.0"
        },
        {
            "gameTime": "1 - 31:32",
            "label": "comments",
            "category": 1,
            "position": "1892000",
            "half": "1",
            "confidence": "1.0"
        },
        {
            "gameTime": "1 - 31:43",
            "label": "comments",
            "category": 0,
            "position": "1903000",
            "half": "1",
            "confidence": "1.0"
        },
        {
            "gameTime": "1 - 31:57",
            "label": "comments",
            "category": 0,
            "position": "1917000",
            "half": "1",
            "confidence": "1.0"
        },
        {
            "gameTime": "1 - 32:23",
            "label": "comments",
            "category": 0,
            "position": "1943000",
            "half": "1",
            "confidence": "1.0"
        },
        {
            "gameTime": "1 - 32:45",
            "label": "comments",
            "category": 0,
            "position": "1965000",
            "half": "1",
            "confidence": "1.0"
        },
        {
            "gameTime": "1 - 32:51",
            "label": "comments",
            "category": 1,
            "position": "1971000",
            "half": "1",
            "confidence": "1.0"
        },
        {
            "gameTime": "1 - 33:08",
            "label": "comments",
            "category": 1,
            "position": "1988000",
            "half": "1",
            "confidence": "1.0"
        },
        {
            "gameTime": "1 - 33:11",
            "label": "comments",
            "category": 0,
            "position": "1991000",
            "half": "1",
            "confidence": "1.0"
        },
        {
            "gameTime": "1 - 33:18",
            "label": "comments",
            "category": 0,
            "position": "1998000",
            "half": "1",
            "confidence": "1.0"
        },
        {
            "gameTime": "1 - 33:26",
            "label": "comments",
            "category": 0,
            "position": "2006000",
            "half": "1",
            "confidence": "1.0"
        },
        {
            "gameTime": "1 - 33:37",
            "label": "comments",
            "category": 0,
            "position": "2017000",
            "half": "1",
            "confidence": "1.0"
        },
        {
            "gameTime": "1 - 33:45",
            "label": "comments",
            "category": 0,
            "position": "2025000",
            "half": "1",
            "confidence": "1.0"
        },
        {
            "gameTime": "1 - 33:53",
            "label": "comments",
            "category": 1,
            "position": "2033000",
            "half": "1",
            "confidence": "1.0"
        },
        {
            "gameTime": "1 - 34:03",
            "label": "comments",
            "category": 1,
            "position": "2043000",
            "half": "1",
            "confidence": "1.0"
        },
        {
            "gameTime": "1 - 34:07",
            "label": "comments",
            "category": 0,
            "position": "2047000",
            "half": "1",
            "confidence": "1.0"
        },
        {
            "gameTime": "1 - 34:16",
            "label": "comments",
            "category": 0,
            "position": "2056000",
            "half": "1",
            "confidence": "1.0"
        },
        {
            "gameTime": "1 - 34:19",
            "label": "comments",
            "category": 0,
            "position": "2059000",
            "half": "1",
            "confidence": "1.0"
        },
        {
            "gameTime": "1 - 34:24",
            "label": "comments",
            "category": 0,
            "position": "2064000",
            "half": "1",
            "confidence": "1.0"
        },
        {
            "gameTime": "1 - 34:27",
            "label": "comments",
            "category": 0,
            "position": "2067000",
            "half": "1",
            "confidence": "1.0"
        },
        {
            "gameTime": "1 - 34:29",
            "label": "comments",
            "category": 0,
            "position": "2069000",
            "half": "1",
            "confidence": "1.0"
        },
        {
            "gameTime": "1 - 34:35",
            "label": "comments",
            "category": 0,
            "position": "2075000",
            "half": "1",
            "confidence": "1.0"
        },
        {
            "gameTime": "1 - 34:37",
            "label": "comments",
            "category": 0,
            "position": "2077000",
            "half": "1",
            "confidence": "1.0"
        },
        {
            "gameTime": "1 - 34:39",
            "label": "comments",
            "category": 0,
            "position": "2079000",
            "half": "1",
            "confidence": "1.0"
        },
        {
            "gameTime": "1 - 34:41",
            "label": "comments",
            "category": 0,
            "position": "2081000",
            "half": "1",
            "confidence": "1.0"
        },
        {
            "gameTime": "1 - 34:46",
            "label": "comments",
            "category": 0,
            "position": "2086000",
            "half": "1",
            "confidence": "1.0"
        },
        {
            "gameTime": "1 - 34:51",
            "label": "comments",
            "category": 0,
            "position": "2091000",
            "half": "1",
            "confidence": "1.0"
        },
        {
            "gameTime": "1 - 35:01",
            "label": "comments",
            "category": 0,
            "position": "2101000",
            "half": "1",
            "confidence": "1.0"
        },
        {
            "gameTime": "1 - 35:03",
            "label": "comments",
            "category": 0,
            "position": "2103000",
            "half": "1",
            "confidence": "1.0"
        },
        {
            "gameTime": "1 - 35:05",
            "label": "comments",
            "category": 0,
            "position": "2105000",
            "half": "1",
            "confidence": "1.0"
        },
        {
            "gameTime": "1 - 35:11",
            "label": "comments",
            "category": 0,
            "position": "2111000",
            "half": "1",
            "confidence": "1.0"
        },
        {
            "gameTime": "1 - 35:14",
            "label": "comments",
            "category": 0,
            "position": "2114000",
            "half": "1",
            "confidence": "1.0"
        },
        {
            "gameTime": "1 - 35:22",
            "label": "comments",
            "category": 0,
            "position": "2122000",
            "half": "1",
            "confidence": "1.0"
        },
        {
            "gameTime": "1 - 35:24",
            "label": "comments",
            "category": 0,
            "position": "2124000",
            "half": "1",
            "confidence": "1.0"
        },
        {
            "gameTime": "1 - 35:27",
            "label": "comments",
            "category": 0,
            "position": "2127000",
            "half": "1",
            "confidence": "1.0"
        },
        {
            "gameTime": "1 - 35:31",
            "label": "comments",
            "category": 0,
            "position": "2131000",
            "half": "1",
            "confidence": "1.0"
        },
        {
            "gameTime": "1 - 35:34",
            "label": "comments",
            "category": 0,
            "position": "2134000",
            "half": "1",
            "confidence": "1.0"
        },
        {
            "gameTime": "1 - 35:41",
            "label": "comments",
            "category": 0,
            "position": "2141000",
            "half": "1",
            "confidence": "1.0"
        },
        {
            "gameTime": "1 - 35:43",
            "label": "comments",
            "category": 0,
            "position": "2143000",
            "half": "1",
            "confidence": "1.0"
        },
        {
            "gameTime": "1 - 35:50",
            "label": "comments",
            "category": 1,
            "position": "2150000",
            "half": "1",
            "confidence": "1.0"
        },
        {
            "gameTime": "1 - 35:56",
            "label": "comments",
            "category": 0,
            "position": "2156000",
            "half": "1",
            "confidence": "1.0"
        },
        {
            "gameTime": "1 - 36:00",
            "label": "comments",
            "category": 0,
            "position": "2160000",
            "half": "1",
            "confidence": "1.0"
        },
        {
            "gameTime": "1 - 36:03",
            "label": "comments",
            "category": 0,
            "position": "2163000",
            "half": "1",
            "confidence": "1.0"
        },
        {
            "gameTime": "1 - 36:06",
            "label": "comments",
            "category": 0,
            "position": "2166000",
            "half": "1",
            "confidence": "1.0"
        },
        {
            "gameTime": "1 - 36:12",
            "label": "comments",
            "category": 0,
            "position": "2172000",
            "half": "1",
            "confidence": "1.0"
        },
        {
            "gameTime": "1 - 36:17",
            "label": "comments",
            "category": 0,
            "position": "2177000",
            "half": "1",
            "confidence": "1.0"
        },
        {
            "gameTime": "1 - 36:25",
            "label": "comments",
            "category": 0,
            "position": "2185000",
            "half": "1",
            "confidence": "1.0"
        },
        {
            "gameTime": "1 - 36:30",
            "label": "comments",
            "category": 0,
            "position": "2190000",
            "half": "1",
            "confidence": "1.0"
        },
        {
            "gameTime": "1 - 36:32",
            "label": "comments",
            "category": 0,
            "position": "2192000",
            "half": "1",
            "confidence": "1.0"
        },
        {
            "gameTime": "1 - 36:41",
            "label": "comments",
            "category": 0,
            "position": "2201000",
            "half": "1",
            "confidence": "1.0"
        },
        {
            "gameTime": "1 - 36:44",
            "label": "comments",
            "category": 1,
            "position": "2204000",
            "half": "1",
            "confidence": "1.0"
        },
        {
            "gameTime": "1 - 36:48",
            "label": "comments",
            "category": 0,
            "position": "2208000",
            "half": "1",
            "confidence": "1.0"
        },
        {
            "gameTime": "1 - 36:52",
            "label": "comments",
            "category": 0,
            "position": "2212000",
            "half": "1",
            "confidence": "1.0"
        },
        {
            "gameTime": "1 - 36:55",
            "label": "comments",
            "category": 0,
            "position": "2215000",
            "half": "1",
            "confidence": "1.0"
        },
        {
            "gameTime": "1 - 37:03",
            "label": "comments",
            "category": 1,
            "position": "2223000",
            "half": "1",
            "confidence": "1.0"
        },
        {
            "gameTime": "1 - 37:08",
            "label": "comments",
            "category": 1,
            "position": "2228000",
            "half": "1",
            "confidence": "1.0"
        },
        {
            "gameTime": "1 - 37:12",
            "label": "comments",
            "category": 0,
            "position": "2232000",
            "half": "1",
            "confidence": "1.0"
        },
        {
            "gameTime": "1 - 37:14",
            "label": "comments",
            "category": 0,
            "position": "2234000",
            "half": "1",
            "confidence": "1.0"
        },
        {
            "gameTime": "1 - 37:16",
            "label": "comments",
            "category": 0,
            "position": "2236000",
            "half": "1",
            "confidence": "1.0"
        },
        {
            "gameTime": "1 - 37:29",
            "label": "comments",
            "category": 0,
            "position": "2249000",
            "half": "1",
            "confidence": "1.0"
        },
        {
            "gameTime": "1 - 37:37",
            "label": "comments",
            "category": 0,
            "position": "2257000",
            "half": "1",
            "confidence": "1.0"
        },
        {
            "gameTime": "1 - 37:41",
            "label": "comments",
            "category": 0,
            "position": "2261000",
            "half": "1",
            "confidence": "1.0"
        },
        {
            "gameTime": "1 - 37:47",
            "label": "comments",
            "category": 0,
            "position": "2267000",
            "half": "1",
            "confidence": "1.0"
        },
        {
            "gameTime": "1 - 37:53",
            "label": "comments",
            "category": 0,
            "position": "2273000",
            "half": "1",
            "confidence": "1.0"
        },
        {
            "gameTime": "1 - 37:56",
            "label": "comments",
            "category": 1,
            "position": "2276000",
            "half": "1",
            "confidence": "1.0"
        },
        {
            "gameTime": "1 - 37:58",
            "label": "comments",
            "category": 0,
            "position": "2278000",
            "half": "1",
            "confidence": "1.0"
        },
        {
            "gameTime": "1 - 38:01",
            "label": "comments",
            "category": 0,
            "position": "2281000",
            "half": "1",
            "confidence": "1.0"
        },
        {
            "gameTime": "1 - 38:06",
            "label": "comments",
            "category": 1,
            "position": "2286000",
            "half": "1",
            "confidence": "1.0"
        },
        {
            "gameTime": "1 - 38:10",
            "label": "comments",
            "category": 0,
            "position": "2290000",
            "half": "1",
            "confidence": "1.0"
        },
        {
            "gameTime": "1 - 38:15",
            "label": "comments",
            "category": 1,
            "position": "2295000",
            "half": "1",
            "confidence": "1.0"
        },
        {
            "gameTime": "1 - 38:18",
            "label": "comments",
            "category": 0,
            "position": "2298000",
            "half": "1",
            "confidence": "1.0"
        },
        {
            "gameTime": "1 - 38:19",
            "label": "comments",
            "category": 0,
            "position": "2299000",
            "half": "1",
            "confidence": "1.0"
        },
        {
            "gameTime": "1 - 38:20",
            "label": "comments",
            "category": 0,
            "position": "2300000",
            "half": "1",
            "confidence": "1.0"
        },
        {
            "gameTime": "1 - 38:26",
            "label": "comments",
            "category": 0,
            "position": "2306000",
            "half": "1",
            "confidence": "1.0"
        },
        {
            "gameTime": "1 - 38:30",
            "label": "comments",
            "category": 0,
            "position": "2310000",
            "half": "1",
            "confidence": "1.0"
        },
        {
            "gameTime": "1 - 38:34",
            "label": "comments",
            "category": 1,
            "position": "2314000",
            "half": "1",
            "confidence": "1.0"
        },
        {
            "gameTime": "1 - 38:41",
            "label": "comments",
            "category": 1,
            "position": "2321000",
            "half": "1",
            "confidence": "1.0"
        },
        {
            "gameTime": "1 - 38:44",
            "label": "comments",
            "category": 0,
            "position": "2324000",
            "half": "1",
            "confidence": "1.0"
        },
        {
            "gameTime": "1 - 38:49",
            "label": "comments",
            "category": 1,
            "position": "2329000",
            "half": "1",
            "confidence": "1.0"
        },
        {
            "gameTime": "1 - 38:53",
            "label": "comments",
            "category": 0,
            "position": "2333000",
            "half": "1",
            "confidence": "1.0"
        },
        {
            "gameTime": "1 - 38:56",
            "label": "comments",
            "category": 0,
            "position": "2336000",
            "half": "1",
            "confidence": "1.0"
        },
        {
            "gameTime": "1 - 39:00",
            "label": "comments",
            "category": 0,
            "position": "2340000",
            "half": "1",
            "confidence": "1.0"
        },
        {
            "gameTime": "1 - 39:02",
            "label": "comments",
            "category": 0,
            "position": "2342000",
            "half": "1",
            "confidence": "1.0"
        },
        {
            "gameTime": "1 - 39:05",
            "label": "comments",
            "category": 0,
            "position": "2345000",
            "half": "1",
            "confidence": "1.0"
        },
        {
            "gameTime": "1 - 39:11",
            "label": "comments",
            "category": 0,
            "position": "2351000",
            "half": "1",
            "confidence": "1.0"
        },
        {
            "gameTime": "1 - 39:16",
            "label": "comments",
            "category": 0,
            "position": "2356000",
            "half": "1",
            "confidence": "1.0"
        },
        {
            "gameTime": "1 - 39:18",
            "label": "comments",
            "category": 0,
            "position": "2358000",
            "half": "1",
            "confidence": "1.0"
        },
        {
            "gameTime": "1 - 39:20",
            "label": "comments",
            "category": 0,
            "position": "2360000",
            "half": "1",
            "confidence": "1.0"
        },
        {
            "gameTime": "1 - 39:22",
            "label": "comments",
            "category": 0,
            "position": "2362000",
            "half": "1",
            "confidence": "1.0"
        },
        {
            "gameTime": "1 - 39:24",
            "label": "comments",
            "category": 0,
            "position": "2364000",
            "half": "1",
            "confidence": "1.0"
        },
        {
            "gameTime": "1 - 39:26",
            "label": "comments",
            "category": 0,
            "position": "2366000",
            "half": "1",
            "confidence": "1.0"
        },
        {
            "gameTime": "1 - 39:30",
            "label": "comments",
            "category": 0,
            "position": "2370000",
            "half": "1",
            "confidence": "1.0"
        },
        {
            "gameTime": "1 - 39:33",
            "label": "comments",
            "category": 0,
            "position": "2373000",
            "half": "1",
            "confidence": "1.0"
        },
        {
            "gameTime": "1 - 39:36",
            "label": "comments",
            "category": 0,
            "position": "2376000",
            "half": "1",
            "confidence": "1.0"
        },
        {
            "gameTime": "1 - 39:40",
            "label": "comments",
            "category": 0,
            "position": "2380000",
            "half": "1",
            "confidence": "1.0"
        },
        {
            "gameTime": "1 - 39:41",
            "label": "comments",
            "category": 0,
            "position": "2381000",
            "half": "1",
            "confidence": "1.0"
        },
        {
            "gameTime": "1 - 39:42",
            "label": "comments",
            "category": 0,
            "position": "2382000",
            "half": "1",
            "confidence": "1.0"
        },
        {
            "gameTime": "1 - 39:47",
            "label": "comments",
            "category": 0,
            "position": "2387000",
            "half": "1",
            "confidence": "1.0"
        },
        {
            "gameTime": "1 - 39:48",
            "label": "comments",
            "category": 1,
            "position": "2388000",
            "half": "1",
            "confidence": "1.0"
        },
        {
            "gameTime": "1 - 39:50",
            "label": "comments",
            "category": 0,
            "position": "2390000",
            "half": "1",
            "confidence": "1.0"
        },
        {
            "gameTime": "1 - 39:52",
            "label": "comments",
            "category": 0,
            "position": "2392000",
            "half": "1",
            "confidence": "1.0"
        },
        {
            "gameTime": "1 - 39:58",
            "label": "comments",
            "category": 0,
            "position": "2398000",
            "half": "1",
            "confidence": "1.0"
        },
        {
            "gameTime": "1 - 40:00",
            "label": "comments",
            "category": 0,
            "position": "2400000",
            "half": "1",
            "confidence": "1.0"
        },
        {
            "gameTime": "1 - 40:04",
            "label": "comments",
            "category": 0,
            "position": "2404000",
            "half": "1",
            "confidence": "1.0"
        },
        {
            "gameTime": "1 - 40:06",
            "label": "comments",
            "category": 0,
            "position": "2406000",
            "half": "1",
            "confidence": "1.0"
        },
        {
            "gameTime": "1 - 40:10",
            "label": "comments",
            "category": 0,
            "position": "2410000",
            "half": "1",
            "confidence": "1.0"
        },
        {
            "gameTime": "1 - 40:13",
            "label": "comments",
            "category": 0,
            "position": "2413000",
            "half": "1",
            "confidence": "1.0"
        },
        {
            "gameTime": "1 - 40:15",
            "label": "comments",
            "category": 0,
            "position": "2415000",
            "half": "1",
            "confidence": "1.0"
        },
        {
            "gameTime": "1 - 40:16",
            "label": "comments",
            "category": 0,
            "position": "2416000",
            "half": "1",
            "confidence": "1.0"
        },
        {
            "gameTime": "1 - 40:18",
            "label": "comments",
            "category": 0,
            "position": "2418000",
            "half": "1",
            "confidence": "1.0"
        },
        {
            "gameTime": "1 - 40:19",
            "label": "comments",
            "category": 0,
            "position": "2419000",
            "half": "1",
            "confidence": "1.0"
        },
        {
            "gameTime": "1 - 40:20",
            "label": "comments",
            "category": 0,
            "position": "2420000",
            "half": "1",
            "confidence": "1.0"
        },
        {
            "gameTime": "1 - 40:23",
            "label": "comments",
            "category": 1,
            "position": "2423000",
            "half": "1",
            "confidence": "1.0"
        },
        {
            "gameTime": "1 - 40:24",
            "label": "comments",
            "category": 0,
            "position": "2424000",
            "half": "1",
            "confidence": "1.0"
        },
        {
            "gameTime": "1 - 40:25",
            "label": "comments",
            "category": 0,
            "position": "2425000",
            "half": "1",
            "confidence": "1.0"
        },
        {
            "gameTime": "1 - 40:27",
            "label": "comments",
            "category": 0,
            "position": "2427000",
            "half": "1",
            "confidence": "1.0"
        },
        {
            "gameTime": "1 - 40:29",
            "label": "comments",
            "category": 0,
            "position": "2429000",
            "half": "1",
            "confidence": "1.0"
        },
        {
            "gameTime": "1 - 40:32",
            "label": "comments",
            "category": 0,
            "position": "2432000",
            "half": "1",
            "confidence": "1.0"
        },
        {
            "gameTime": "1 - 40:39",
            "label": "comments",
            "category": 1,
            "position": "2439000",
            "half": "1",
            "confidence": "1.0"
        },
        {
            "gameTime": "1 - 40:42",
            "label": "comments",
            "category": 1,
            "position": "2442000",
            "half": "1",
            "confidence": "1.0"
        },
        {
            "gameTime": "1 - 40:47",
            "label": "comments",
            "category": 0,
            "position": "2447000",
            "half": "1",
            "confidence": "1.0"
        },
        {
            "gameTime": "1 - 40:50",
            "label": "comments",
            "category": 0,
            "position": "2450000",
            "half": "1",
            "confidence": "1.0"
        },
        {
            "gameTime": "1 - 40:53",
            "label": "comments",
            "category": 0,
            "position": "2453000",
            "half": "1",
            "confidence": "1.0"
        },
        {
            "gameTime": "1 - 40:54",
            "label": "comments",
            "category": 0,
            "position": "2454000",
            "half": "1",
            "confidence": "1.0"
        },
        {
            "gameTime": "1 - 40:55",
            "label": "comments",
            "category": 0,
            "position": "2455000",
            "half": "1",
            "confidence": "1.0"
        },
        {
            "gameTime": "1 - 41:11",
            "label": "comments",
            "category": 0,
            "position": "2471000",
            "half": "1",
            "confidence": "1.0"
        },
        {
            "gameTime": "1 - 41:12",
            "label": "comments",
            "category": 0,
            "position": "2472000",
            "half": "1",
            "confidence": "1.0"
        },
        {
            "gameTime": "1 - 41:19",
            "label": "comments",
            "category": 0,
            "position": "2479000",
            "half": "1",
            "confidence": "1.0"
        },
        {
            "gameTime": "1 - 41:25",
            "label": "comments",
            "category": 0,
            "position": "2485000",
            "half": "1",
            "confidence": "1.0"
        },
        {
            "gameTime": "1 - 41:31",
            "label": "comments",
            "category": 0,
            "position": "2491000",
            "half": "1",
            "confidence": "1.0"
        },
        {
            "gameTime": "1 - 41:33",
            "label": "comments",
            "category": 0,
            "position": "2493000",
            "half": "1",
            "confidence": "1.0"
        },
        {
            "gameTime": "1 - 41:36",
            "label": "comments",
            "category": 0,
            "position": "2496000",
            "half": "1",
            "confidence": "1.0"
        },
        {
            "gameTime": "1 - 41:51",
            "label": "comments",
            "category": 1,
            "position": "2511000",
            "half": "1",
            "confidence": "1.0"
        },
        {
            "gameTime": "1 - 41:52",
            "label": "comments",
            "category": 1,
            "position": "2512000",
            "half": "1",
            "confidence": "1.0"
        },
        {
            "gameTime": "1 - 42:11",
            "label": "comments",
            "category": 1,
            "position": "2531000",
            "half": "1",
            "confidence": "1.0"
        },
        {
            "gameTime": "1 - 42:12",
            "label": "comments",
            "category": 0,
            "position": "2532000",
            "half": "1",
            "confidence": "1.0"
        },
        {
            "gameTime": "1 - 42:18",
            "label": "comments",
            "category": 0,
            "position": "2538000",
            "half": "1",
            "confidence": "1.0"
        },
        {
            "gameTime": "1 - 42:22",
            "label": "comments",
            "category": 0,
            "position": "2542000",
            "half": "1",
            "confidence": "1.0"
        },
        {
            "gameTime": "1 - 42:25",
            "label": "comments",
            "category": 1,
            "position": "2545000",
            "half": "1",
            "confidence": "1.0"
        },
        {
            "gameTime": "1 - 42:26",
            "label": "comments",
            "category": 1,
            "position": "2546000",
            "half": "1",
            "confidence": "1.0"
        },
        {
            "gameTime": "1 - 42:29",
            "label": "comments",
            "category": 1,
            "position": "2549000",
            "half": "1",
            "confidence": "1.0"
        },
        {
            "gameTime": "1 - 42:39",
            "label": "comments",
            "category": 1,
            "position": "2559000",
            "half": "1",
            "confidence": "1.0"
        },
        {
            "gameTime": "1 - 42:49",
            "label": "comments",
            "category": 0,
            "position": "2569000",
            "half": "1",
            "confidence": "1.0"
        },
        {
            "gameTime": "1 - 42:55",
            "label": "comments",
            "category": 0,
            "position": "2575000",
            "half": "1",
            "confidence": "1.0"
        },
        {
            "gameTime": "1 - 43:16",
            "label": "comments",
            "category": 0,
            "position": "2596000",
            "half": "1",
            "confidence": "1.0"
        },
        {
            "gameTime": "1 - 43:19",
            "label": "comments",
            "category": 0,
            "position": "2599000",
            "half": "1",
            "confidence": "1.0"
        },
        {
            "gameTime": "1 - 43:24",
            "label": "comments",
            "category": 0,
            "position": "2604000",
            "half": "1",
            "confidence": "1.0"
        },
        {
            "gameTime": "1 - 43:30",
            "label": "comments",
            "category": 0,
            "position": "2610000",
            "half": "1",
            "confidence": "1.0"
        },
        {
            "gameTime": "1 - 43:48",
            "label": "comments",
            "category": 0,
            "position": "2628000",
            "half": "1",
            "confidence": "1.0"
        },
        {
            "gameTime": "1 - 43:51",
            "label": "comments",
            "category": 0,
            "position": "2631000",
            "half": "1",
            "confidence": "1.0"
        },
        {
            "gameTime": "1 - 43:56",
            "label": "comments",
            "category": 0,
            "position": "2636000",
            "half": "1",
            "confidence": "1.0"
        },
        {
            "gameTime": "1 - 43:59",
            "label": "comments",
            "category": 0,
            "position": "2639000",
            "half": "1",
            "confidence": "1.0"
        },
        {
            "gameTime": "1 - 44:00",
            "label": "comments",
            "category": 0,
            "position": "2640000",
            "half": "1",
            "confidence": "1.0"
        },
        {
            "gameTime": "1 - 44:05",
            "label": "comments",
            "category": 1,
            "position": "2645000",
            "half": "1",
            "confidence": "1.0"
        },
        {
            "gameTime": "1 - 44:09",
            "label": "comments",
            "category": 0,
            "position": "2649000",
            "half": "1",
            "confidence": "1.0"
        },
        {
            "gameTime": "1 - 44:15",
            "label": "comments",
            "category": 0,
            "position": "2655000",
            "half": "1",
            "confidence": "1.0"
        },
        {
            "gameTime": "1 - 44:25",
            "label": "comments",
            "category": 0,
            "position": "2665000",
            "half": "1",
            "confidence": "1.0"
        },
        {
            "gameTime": "1 - 44:27",
            "label": "comments",
            "category": 0,
            "position": "2667000",
            "half": "1",
            "confidence": "1.0"
        },
        {
            "gameTime": "2 - 18:53",
            "label": "comments",
            "category": 0,
            "position": "1133000",
            "half": "2",
            "confidence": "1.0"
        },
        {
            "gameTime": "2 - 19:20",
            "label": "comments",
            "category": 1,
            "position": "1160000",
            "half": "2",
            "confidence": "1.0"
        },
        {
            "gameTime": "2 - 19:30",
            "label": "comments",
            "category": 1,
            "position": "1170000",
            "half": "2",
            "confidence": "1.0"
        },
        {
            "gameTime": "2 - 19:32",
            "label": "comments",
            "category": 0,
            "position": "1172000",
            "half": "2",
            "confidence": "1.0"
        },
        {
            "gameTime": "2 - 20:01",
            "label": "comments",
            "category": 0,
            "position": "1201000",
            "half": "2",
            "confidence": "1.0"
        },
        {
            "gameTime": "2 - 20:06",
            "label": "comments",
            "category": 1,
            "position": "1206000",
            "half": "2",
            "confidence": "1.0"
        },
        {
            "gameTime": "2 - 20:14",
            "label": "comments",
            "category": 0,
            "position": "1214000",
            "half": "2",
            "confidence": "1.0"
        },
        {
            "gameTime": "2 - 20:15",
            "label": "comments",
            "category": 0,
            "position": "1215000",
            "half": "2",
            "confidence": "1.0"
        },
        {
            "gameTime": "2 - 20:17",
            "label": "comments",
            "category": 0,
            "position": "1217000",
            "half": "2",
            "confidence": "1.0"
        },
        {
            "gameTime": "2 - 20:33",
            "label": "comments",
            "category": 0,
            "position": "1233000",
            "half": "2",
            "confidence": "1.0"
        },
        {
            "gameTime": "2 - 20:49",
            "label": "comments",
            "category": 1,
            "position": "1249000",
            "half": "2",
            "confidence": "1.0"
        },
        {
            "gameTime": "2 - 20:51",
            "label": "comments",
            "category": 1,
            "position": "1251000",
            "half": "2",
            "confidence": "1.0"
        },
        {
            "gameTime": "2 - 20:54",
            "label": "comments",
            "category": 0,
            "position": "1254000",
            "half": "2",
            "confidence": "1.0"
        },
        {
            "gameTime": "2 - 20:56",
            "label": "comments",
            "category": 0,
            "position": "1256000",
            "half": "2",
            "confidence": "1.0"
        },
        {
            "gameTime": "2 - 21:15",
            "label": "comments",
            "category": 0,
            "position": "1275000",
            "half": "2",
            "confidence": "1.0"
        },
        {
            "gameTime": "2 - 21:16",
            "label": "comments",
            "category": 0,
            "position": "1276000",
            "half": "2",
            "confidence": "1.0"
        },
        {
            "gameTime": "2 - 21:17",
            "label": "comments",
            "category": 0,
            "position": "1277000",
            "half": "2",
            "confidence": "1.0"
        },
        {
            "gameTime": "2 - 21:22",
            "label": "comments",
            "category": 0,
            "position": "1282000",
            "half": "2",
            "confidence": "1.0"
        },
        {
            "gameTime": "2 - 21:29",
            "label": "comments",
            "category": 0,
            "position": "1289000",
            "half": "2",
            "confidence": "1.0"
        },
        {
            "gameTime": "2 - 21:38",
            "label": "comments",
            "category": 0,
            "position": "1298000",
            "half": "2",
            "confidence": "1.0"
        },
        {
            "gameTime": "2 - 21:51",
            "label": "comments",
            "category": 0,
            "position": "1311000",
            "half": "2",
            "confidence": "1.0"
        },
        {
            "gameTime": "2 - 21:55",
            "label": "comments",
            "category": 0,
            "position": "1315000",
            "half": "2",
            "confidence": "1.0"
        },
        {
            "gameTime": "2 - 22:11",
            "label": "comments",
            "category": 0,
            "position": "1331000",
            "half": "2",
            "confidence": "1.0"
        },
        {
            "gameTime": "2 - 22:21",
            "label": "comments",
            "category": 0,
            "position": "1341000",
            "half": "2",
            "confidence": "1.0"
        },
        {
            "gameTime": "2 - 22:25",
            "label": "comments",
            "category": 0,
            "position": "1345000",
            "half": "2",
            "confidence": "1.0"
        },
        {
            "gameTime": "2 - 22:27",
            "label": "comments",
            "category": 0,
            "position": "1347000",
            "half": "2",
            "confidence": "1.0"
        },
        {
            "gameTime": "2 - 22:30",
            "label": "comments",
            "category": 0,
            "position": "1350000",
            "half": "2",
            "confidence": "1.0"
        },
        {
            "gameTime": "2 - 22:31",
            "label": "comments",
            "category": 0,
            "position": "1351000",
            "half": "2",
            "confidence": "1.0"
        },
        {
            "gameTime": "2 - 22:32",
            "label": "comments",
            "category": 0,
            "position": "1352000",
            "half": "2",
            "confidence": "1.0"
        },
        {
            "gameTime": "2 - 22:33",
            "label": "comments",
            "category": 1,
            "position": "1353000",
            "half": "2",
            "confidence": "1.0"
        },
        {
            "gameTime": "2 - 22:34",
            "label": "comments",
            "category": 1,
            "position": "1354000",
            "half": "2",
            "confidence": "1.0"
        },
        {
            "gameTime": "2 - 22:35",
            "label": "comments",
            "category": 0,
            "position": "1355000",
            "half": "2",
            "confidence": "1.0"
        },
        {
            "gameTime": "2 - 22:38",
            "label": "comments",
            "category": 0,
            "position": "1358000",
            "half": "2",
            "confidence": "1.0"
        },
        {
            "gameTime": "2 - 22:40",
            "label": "comments",
            "category": 0,
            "position": "1360000",
            "half": "2",
            "confidence": "1.0"
        },
        {
            "gameTime": "2 - 22:43",
            "label": "comments",
            "category": 0,
            "position": "1363000",
            "half": "2",
            "confidence": "1.0"
        },
        {
            "gameTime": "2 - 22:47",
            "label": "comments",
            "category": 0,
            "position": "1367000",
            "half": "2",
            "confidence": "1.0"
        },
        {
            "gameTime": "2 - 22:53",
            "label": "comments",
            "category": 0,
            "position": "1373000",
            "half": "2",
            "confidence": "1.0"
        },
        {
            "gameTime": "2 - 23:01",
            "label": "comments",
            "category": 0,
            "position": "1381000",
            "half": "2",
            "confidence": "1.0"
        },
        {
            "gameTime": "2 - 23:03",
            "label": "comments",
            "category": 0,
            "position": "1383000",
            "half": "2",
            "confidence": "1.0"
        },
        {
            "gameTime": "2 - 23:09",
            "label": "comments",
            "category": 0,
            "position": "1389000",
            "half": "2",
            "confidence": "1.0"
        },
        {
            "gameTime": "2 - 23:14",
            "label": "comments",
            "category": 0,
            "position": "1394000",
            "half": "2",
            "confidence": "1.0"
        },
        {
            "gameTime": "2 - 23:16",
            "label": "comments",
            "category": 0,
            "position": "1396000",
            "half": "2",
            "confidence": "1.0"
        },
        {
            "gameTime": "2 - 23:17",
            "label": "comments",
            "category": 0,
            "position": "1397000",
            "half": "2",
            "confidence": "1.0"
        },
        {
            "gameTime": "2 - 23:18",
            "label": "comments",
            "category": 0,
            "position": "1398000",
            "half": "2",
            "confidence": "1.0"
        },
        {
            "gameTime": "2 - 23:24",
            "label": "comments",
            "category": 0,
            "position": "1404000",
            "half": "2",
            "confidence": "1.0"
        },
        {
            "gameTime": "2 - 23:28",
            "label": "comments",
            "category": 0,
            "position": "1408000",
            "half": "2",
            "confidence": "1.0"
        },
        {
            "gameTime": "2 - 23:30",
            "label": "comments",
            "category": 0,
            "position": "1410000",
            "half": "2",
            "confidence": "1.0"
        },
        {
            "gameTime": "2 - 23:37",
            "label": "comments",
            "category": 0,
            "position": "1417000",
            "half": "2",
            "confidence": "1.0"
        },
        {
            "gameTime": "2 - 23:39",
            "label": "comments",
            "category": 0,
            "position": "1419000",
            "half": "2",
            "confidence": "1.0"
        },
        {
            "gameTime": "2 - 23:44",
            "label": "comments",
            "category": 0,
            "position": "1424000",
            "half": "2",
            "confidence": "1.0"
        },
        {
            "gameTime": "2 - 23:46",
            "label": "comments",
            "category": 0,
            "position": "1426000",
            "half": "2",
            "confidence": "1.0"
        },
        {
            "gameTime": "2 - 23:48",
            "label": "comments",
            "category": 0,
            "position": "1428000",
            "half": "2",
            "confidence": "1.0"
        },
        {
            "gameTime": "2 - 23:50",
            "label": "comments",
            "category": 0,
            "position": "1430000",
            "half": "2",
            "confidence": "1.0"
        },
        {
            "gameTime": "2 - 23:52",
            "label": "comments",
            "category": 0,
            "position": "1432000",
            "half": "2",
            "confidence": "1.0"
        },
        {
            "gameTime": "2 - 23:54",
            "label": "comments",
            "category": 0,
            "position": "1434000",
            "half": "2",
            "confidence": "1.0"
        },
        {
            "gameTime": "2 - 23:56",
            "label": "comments",
            "category": 0,
            "position": "1436000",
            "half": "2",
            "confidence": "1.0"
        },
        {
            "gameTime": "2 - 24:07",
            "label": "comments",
            "category": 0,
            "position": "1447000",
            "half": "2",
            "confidence": "1.0"
        },
        {
            "gameTime": "2 - 24:09",
            "label": "comments",
            "category": 1,
            "position": "1449000",
            "half": "2",
            "confidence": "1.0"
        },
        {
            "gameTime": "2 - 24:11",
            "label": "comments",
            "category": 0,
            "position": "1451000",
            "half": "2",
            "confidence": "1.0"
        },
        {
            "gameTime": "2 - 24:15",
            "label": "comments",
            "category": 0,
            "position": "1455000",
            "half": "2",
            "confidence": "1.0"
        },
        {
            "gameTime": "2 - 24:25",
            "label": "comments",
            "category": 0,
            "position": "1465000",
            "half": "2",
            "confidence": "1.0"
        },
        {
            "gameTime": "2 - 24:29",
            "label": "comments",
            "category": 0,
            "position": "1469000",
            "half": "2",
            "confidence": "1.0"
        },
        {
            "gameTime": "2 - 24:33",
            "label": "comments",
            "category": 0,
            "position": "1473000",
            "half": "2",
            "confidence": "1.0"
        },
        {
            "gameTime": "2 - 24:36",
            "label": "comments",
            "category": 0,
            "position": "1476000",
            "half": "2",
            "confidence": "1.0"
        },
        {
            "gameTime": "2 - 24:38",
            "label": "comments",
            "category": 0,
            "position": "1478000",
            "half": "2",
            "confidence": "1.0"
        },
        {
            "gameTime": "2 - 24:40",
            "label": "comments",
            "category": 0,
            "position": "1480000",
            "half": "2",
            "confidence": "1.0"
        },
        {
            "gameTime": "2 - 24:42",
            "label": "comments",
            "category": 0,
            "position": "1482000",
            "half": "2",
            "confidence": "1.0"
        },
        {
            "gameTime": "2 - 24:46",
            "label": "comments",
            "category": 0,
            "position": "1486000",
            "half": "2",
            "confidence": "1.0"
        },
        {
            "gameTime": "2 - 24:48",
            "label": "comments",
            "category": 0,
            "position": "1488000",
            "half": "2",
            "confidence": "1.0"
        },
        {
            "gameTime": "2 - 24:50",
            "label": "comments",
            "category": 0,
            "position": "1490000",
            "half": "2",
            "confidence": "1.0"
        },
        {
            "gameTime": "2 - 24:52",
            "label": "comments",
            "category": 0,
            "position": "1492000",
            "half": "2",
            "confidence": "1.0"
        },
        {
            "gameTime": "2 - 25:11",
            "label": "comments",
            "category": 0,
            "position": "1511000",
            "half": "2",
            "confidence": "1.0"
        },
        {
            "gameTime": "2 - 25:15",
            "label": "comments",
            "category": 0,
            "position": "1515000",
            "half": "2",
            "confidence": "1.0"
        },
        {
            "gameTime": "2 - 25:25",
            "label": "comments",
            "category": 0,
            "position": "1525000",
            "half": "2",
            "confidence": "1.0"
        },
        {
            "gameTime": "2 - 25:27",
            "label": "comments",
            "category": 0,
            "position": "1527000",
            "half": "2",
            "confidence": "1.0"
        },
        {
            "gameTime": "2 - 25:29",
            "label": "comments",
            "category": 0,
            "position": "1529000",
            "half": "2",
            "confidence": "1.0"
        },
        {
            "gameTime": "2 - 25:37",
            "label": "comments",
            "category": 0,
            "position": "1537000",
            "half": "2",
            "confidence": "1.0"
        },
        {
            "gameTime": "2 - 25:39",
            "label": "comments",
            "category": 0,
            "position": "1539000",
            "half": "2",
            "confidence": "1.0"
        },
        {
            "gameTime": "2 - 25:41",
            "label": "comments",
            "category": 0,
            "position": "1541000",
            "half": "2",
            "confidence": "1.0"
        },
        {
            "gameTime": "2 - 25:43",
            "label": "comments",
            "category": 0,
            "position": "1543000",
            "half": "2",
            "confidence": "1.0"
        },
        {
            "gameTime": "2 - 25:45",
            "label": "comments",
            "category": 0,
            "position": "1545000",
            "half": "2",
            "confidence": "1.0"
        },
        {
            "gameTime": "2 - 25:47",
            "label": "comments",
            "category": 0,
            "position": "1547000",
            "half": "2",
            "confidence": "1.0"
        },
        {
            "gameTime": "2 - 25:49",
            "label": "comments",
            "category": 0,
            "position": "1549000",
            "half": "2",
            "confidence": "1.0"
        },
        {
            "gameTime": "2 - 25:52",
            "label": "comments",
            "category": 0,
            "position": "1552000",
            "half": "2",
            "confidence": "1.0"
        },
        {
            "gameTime": "2 - 25:54",
            "label": "comments",
            "category": 0,
            "position": "1554000",
            "half": "2",
            "confidence": "1.0"
        },
        {
            "gameTime": "2 - 25:56",
            "label": "comments",
            "category": 1,
            "position": "1556000",
            "half": "2",
            "confidence": "1.0"
        },
        {
            "gameTime": "2 - 25:58",
            "label": "comments",
            "category": 0,
            "position": "1558000",
            "half": "2",
            "confidence": "1.0"
        },
        {
            "gameTime": "2 - 26:02",
            "label": "comments",
            "category": 0,
            "position": "1562000",
            "half": "2",
            "confidence": "1.0"
        },
        {
            "gameTime": "2 - 26:06",
            "label": "comments",
            "category": 0,
            "position": "1566000",
            "half": "2",
            "confidence": "1.0"
        },
        {
            "gameTime": "2 - 26:10",
            "label": "comments",
            "category": 0,
            "position": "1570000",
            "half": "2",
            "confidence": "1.0"
        },
        {
            "gameTime": "2 - 26:38",
            "label": "comments",
            "category": 1,
            "position": "1598000",
            "half": "2",
            "confidence": "1.0"
        },
        {
            "gameTime": "2 - 26:50",
            "label": "comments",
            "category": 0,
            "position": "1610000",
            "half": "2",
            "confidence": "1.0"
        },
        {
            "gameTime": "2 - 26:58",
            "label": "comments",
            "category": 0,
            "position": "1618000",
            "half": "2",
            "confidence": "1.0"
        },
        {
            "gameTime": "2 - 27:00",
            "label": "comments",
            "category": 0,
            "position": "1620000",
            "half": "2",
            "confidence": "1.0"
        },
        {
            "gameTime": "2 - 27:06",
            "label": "comments",
            "category": 0,
            "position": "1626000",
            "half": "2",
            "confidence": "1.0"
        },
        {
            "gameTime": "2 - 27:08",
            "label": "comments",
            "category": 0,
            "position": "1628000",
            "half": "2",
            "confidence": "1.0"
        },
        {
            "gameTime": "2 - 27:12",
            "label": "comments",
            "category": 0,
            "position": "1632000",
            "half": "2",
            "confidence": "1.0"
        },
        {
            "gameTime": "2 - 27:14",
            "label": "comments",
            "category": 0,
            "position": "1634000",
            "half": "2",
            "confidence": "1.0"
        },
        {
            "gameTime": "2 - 27:20",
            "label": "comments",
            "category": 0,
            "position": "1640000",
            "half": "2",
            "confidence": "1.0"
        },
        {
            "gameTime": "2 - 27:26",
            "label": "comments",
            "category": 1,
            "position": "1646000",
            "half": "2",
            "confidence": "1.0"
        }
    ],
    "game": "italy_serie-a/2016-2017/2017-01-08 - 17-00 Genoa 0 - 1 AS Roma"
}