{
    "predictions": [
        {
            "gameTime": "1 - 00:00",
            "label": "comments",
            "category": 1,
            "position": "0",
            "half": "1",
            "confidence": "1.0"
        },
        {
            "gameTime": "1 - 00:05",
            "label": "comments",
            "category": 1,
            "position": "5000",
            "half": "1",
            "confidence": "1.0"
        },
        {
            "gameTime": "1 - 00:12",
            "label": "comments",
            "category": 1,
            "position": "12000",
            "half": "1",
            "confidence": "1.0"
        },
        {
            "gameTime": "1 - 00:21",
            "label": "comments",
            "category": 1,
            "position": "21000",
            "half": "1",
            "confidence": "1.0"
        },
        {
            "gameTime": "1 - 00:24",
            "label": "comments",
            "category": 0,
            "position": "24000",
            "half": "1",
            "confidence": "1.0"
        },
        {
            "gameTime": "1 - 00:28",
            "label": "comments",
            "category": 1,
            "position": "28000",
            "half": "1",
            "confidence": "1.0"
        },
        {
            "gameTime": "1 - 00:31",
            "label": "comments",
            "category": 1,
            "position": "31000",
            "half": "1",
            "confidence": "1.0"
        },
        {
            "gameTime": "1 - 00:38",
            "label": "comments",
            "category": 1,
            "position": "38000",
            "half": "1",
            "confidence": "1.0"
        },
        {
            "gameTime": "1 - 00:45",
            "label": "comments",
            "category": 0,
            "position": "45000",
            "half": "1",
            "confidence": "1.0"
        },
        {
            "gameTime": "1 - 00:48",
            "label": "comments",
            "category": 0,
            "position": "48000",
            "half": "1",
            "confidence": "1.0"
        },
        {
            "gameTime": "1 - 00:51",
            "label": "comments",
            "category": 1,
            "position": "51000",
            "half": "1",
            "confidence": "1.0"
        },
        {
            "gameTime": "1 - 00:54",
            "label": "comments",
            "category": 1,
            "position": "54000",
            "half": "1",
            "confidence": "1.0"
        },
        {
            "gameTime": "1 - 01:14",
            "label": "comments",
            "category": 1,
            "position": "74000",
            "half": "1",
            "confidence": "1.0"
        },
        {
            "gameTime": "1 - 01:20",
            "label": "comments",
            "category": 0,
            "position": "80000",
            "half": "1",
            "confidence": "1.0"
        },
        {
            "gameTime": "1 - 01:26",
            "label": "comments",
            "category": 0,
            "position": "86000",
            "half": "1",
            "confidence": "1.0"
        },
        {
            "gameTime": "1 - 01:30",
            "label": "comments",
            "category": 0,
            "position": "90000",
            "half": "1",
            "confidence": "1.0"
        },
        {
            "gameTime": "1 - 01:36",
            "label": "comments",
            "category": 0,
            "position": "96000",
            "half": "1",
            "confidence": "1.0"
        },
        {
            "gameTime": "1 - 01:41",
            "label": "comments",
            "category": 1,
            "position": "101000",
            "half": "1",
            "confidence": "1.0"
        },
        {
            "gameTime": "1 - 01:44",
            "label": "comments",
            "category": 1,
            "position": "104000",
            "half": "1",
            "confidence": "1.0"
        },
        {
            "gameTime": "1 - 01:51",
            "label": "comments",
            "category": 0,
            "position": "111000",
            "half": "1",
            "confidence": "1.0"
        },
        {
            "gameTime": "1 - 01:55",
            "label": "comments",
            "category": 0,
            "position": "115000",
            "half": "1",
            "confidence": "1.0"
        },
        {
            "gameTime": "1 - 01:59",
            "label": "comments",
            "category": 0,
            "position": "119000",
            "half": "1",
            "confidence": "1.0"
        },
        {
            "gameTime": "1 - 02:04",
            "label": "comments",
            "category": 0,
            "position": "124000",
            "half": "1",
            "confidence": "1.0"
        },
        {
            "gameTime": "1 - 02:11",
            "label": "comments",
            "category": 0,
            "position": "131000",
            "half": "1",
            "confidence": "1.0"
        },
        {
            "gameTime": "1 - 02:12",
            "label": "comments",
            "category": 0,
            "position": "132000",
            "half": "1",
            "confidence": "1.0"
        },
        {
            "gameTime": "1 - 02:17",
            "label": "comments",
            "category": 0,
            "position": "137000",
            "half": "1",
            "confidence": "1.0"
        },
        {
            "gameTime": "1 - 02:20",
            "label": "comments",
            "category": 0,
            "position": "140000",
            "half": "1",
            "confidence": "1.0"
        },
        {
            "gameTime": "1 - 02:26",
            "label": "comments",
            "category": 1,
            "position": "146000",
            "half": "1",
            "confidence": "1.0"
        },
        {
            "gameTime": "1 - 02:35",
            "label": "comments",
            "category": 0,
            "position": "155000",
            "half": "1",
            "confidence": "1.0"
        },
        {
            "gameTime": "1 - 02:40",
            "label": "comments",
            "category": 0,
            "position": "160000",
            "half": "1",
            "confidence": "1.0"
        },
        {
            "gameTime": "1 - 02:44",
            "label": "comments",
            "category": 1,
            "position": "164000",
            "half": "1",
            "confidence": "1.0"
        },
        {
            "gameTime": "1 - 02:47",
            "label": "comments",
            "category": 1,
            "position": "167000",
            "half": "1",
            "confidence": "1.0"
        },
        {
            "gameTime": "1 - 02:54",
            "label": "comments",
            "category": 0,
            "position": "174000",
            "half": "1",
            "confidence": "1.0"
        },
        {
            "gameTime": "1 - 02:59",
            "label": "comments",
            "category": 0,
            "position": "179000",
            "half": "1",
            "confidence": "1.0"
        },
        {
            "gameTime": "1 - 03:07",
            "label": "comments",
            "category": 0,
            "position": "187000",
            "half": "1",
            "confidence": "1.0"
        },
        {
            "gameTime": "1 - 03:12",
            "label": "comments",
            "category": 0,
            "position": "192000",
            "half": "1",
            "confidence": "1.0"
        },
        {
            "gameTime": "1 - 03:17",
            "label": "comments",
            "category": 0,
            "position": "197000",
            "half": "1",
            "confidence": "1.0"
        },
        {
            "gameTime": "1 - 03:21",
            "label": "comments",
            "category": 0,
            "position": "201000",
            "half": "1",
            "confidence": "1.0"
        },
        {
            "gameTime": "1 - 03:27",
            "label": "comments",
            "category": 0,
            "position": "207000",
            "half": "1",
            "confidence": "1.0"
        },
        {
            "gameTime": "1 - 03:37",
            "label": "comments",
            "category": 0,
            "position": "217000",
            "half": "1",
            "confidence": "1.0"
        },
        {
            "gameTime": "1 - 03:42",
            "label": "comments",
            "category": 0,
            "position": "222000",
            "half": "1",
            "confidence": "1.0"
        },
        {
            "gameTime": "1 - 03:47",
            "label": "comments",
            "category": 0,
            "position": "227000",
            "half": "1",
            "confidence": "1.0"
        },
        {
            "gameTime": "1 - 03:54",
            "label": "comments",
            "category": 0,
            "position": "234000",
            "half": "1",
            "confidence": "1.0"
        },
        {
            "gameTime": "1 - 03:58",
            "label": "comments",
            "category": 0,
            "position": "238000",
            "half": "1",
            "confidence": "1.0"
        },
        {
            "gameTime": "1 - 04:06",
            "label": "comments",
            "category": 0,
            "position": "246000",
            "half": "1",
            "confidence": "1.0"
        },
        {
            "gameTime": "1 - 04:13",
            "label": "comments",
            "category": 0,
            "position": "253000",
            "half": "1",
            "confidence": "1.0"
        },
        {
            "gameTime": "1 - 04:15",
            "label": "comments",
            "category": 1,
            "position": "255000",
            "half": "1",
            "confidence": "1.0"
        },
        {
            "gameTime": "1 - 04:21",
            "label": "comments",
            "category": 0,
            "position": "261000",
            "half": "1",
            "confidence": "1.0"
        },
        {
            "gameTime": "1 - 04:33",
            "label": "comments",
            "category": 1,
            "position": "273000",
            "half": "1",
            "confidence": "1.0"
        },
        {
            "gameTime": "1 - 04:35",
            "label": "comments",
            "category": 1,
            "position": "275000",
            "half": "1",
            "confidence": "1.0"
        },
        {
            "gameTime": "1 - 04:46",
            "label": "comments",
            "category": 0,
            "position": "286000",
            "half": "1",
            "confidence": "1.0"
        },
        {
            "gameTime": "1 - 04:53",
            "label": "comments",
            "category": 0,
            "position": "293000",
            "half": "1",
            "confidence": "1.0"
        },
        {
            "gameTime": "1 - 05:01",
            "label": "comments",
            "category": 0,
            "position": "301000",
            "half": "1",
            "confidence": "1.0"
        },
        {
            "gameTime": "1 - 05:08",
            "label": "comments",
            "category": 1,
            "position": "308000",
            "half": "1",
            "confidence": "1.0"
        },
        {
            "gameTime": "1 - 05:15",
            "label": "comments",
            "category": 0,
            "position": "315000",
            "half": "1",
            "confidence": "1.0"
        },
        {
            "gameTime": "1 - 05:19",
            "label": "comments",
            "category": 0,
            "position": "319000",
            "half": "1",
            "confidence": "1.0"
        },
        {
            "gameTime": "1 - 05:22",
            "label": "comments",
            "category": 1,
            "position": "322000",
            "half": "1",
            "confidence": "1.0"
        },
        {
            "gameTime": "1 - 05:32",
            "label": "comments",
            "category": 0,
            "position": "332000",
            "half": "1",
            "confidence": "1.0"
        },
        {
            "gameTime": "1 - 05:40",
            "label": "comments",
            "category": 1,
            "position": "340000",
            "half": "1",
            "confidence": "1.0"
        },
        {
            "gameTime": "1 - 05:43",
            "label": "comments",
            "category": 0,
            "position": "343000",
            "half": "1",
            "confidence": "1.0"
        },
        {
            "gameTime": "1 - 05:48",
            "label": "comments",
            "category": 0,
            "position": "348000",
            "half": "1",
            "confidence": "1.0"
        },
        {
            "gameTime": "1 - 05:54",
            "label": "comments",
            "category": 0,
            "position": "354000",
            "half": "1",
            "confidence": "1.0"
        },
        {
            "gameTime": "1 - 06:07",
            "label": "comments",
            "category": 0,
            "position": "367000",
            "half": "1",
            "confidence": "1.0"
        },
        {
            "gameTime": "1 - 06:14",
            "label": "comments",
            "category": 1,
            "position": "374000",
            "half": "1",
            "confidence": "1.0"
        },
        {
            "gameTime": "1 - 06:23",
            "label": "comments",
            "category": 1,
            "position": "383000",
            "half": "1",
            "confidence": "1.0"
        },
        {
            "gameTime": "1 - 06:30",
            "label": "comments",
            "category": 1,
            "position": "390000",
            "half": "1",
            "confidence": "1.0"
        },
        {
            "gameTime": "1 - 06:40",
            "label": "comments",
            "category": 1,
            "position": "400000",
            "half": "1",
            "confidence": "1.0"
        },
        {
            "gameTime": "1 - 06:49",
            "label": "comments",
            "category": 1,
            "position": "409000",
            "half": "1",
            "confidence": "1.0"
        },
        {
            "gameTime": "1 - 06:55",
            "label": "comments",
            "category": 0,
            "position": "415000",
            "half": "1",
            "confidence": "1.0"
        },
        {
            "gameTime": "1 - 07:07",
            "label": "comments",
            "category": 0,
            "position": "427000",
            "half": "1",
            "confidence": "1.0"
        },
        {
            "gameTime": "1 - 07:15",
            "label": "comments",
            "category": 0,
            "position": "435000",
            "half": "1",
            "confidence": "1.0"
        },
        {
            "gameTime": "1 - 07:22",
            "label": "comments",
            "category": 0,
            "position": "442000",
            "half": "1",
            "confidence": "1.0"
        },
        {
            "gameTime": "1 - 07:32",
            "label": "comments",
            "category": 0,
            "position": "452000",
            "half": "1",
            "confidence": "1.0"
        },
        {
            "gameTime": "1 - 07:36",
            "label": "comments",
            "category": 0,
            "position": "456000",
            "half": "1",
            "confidence": "1.0"
        },
        {
            "gameTime": "1 - 07:41",
            "label": "comments",
            "category": 0,
            "position": "461000",
            "half": "1",
            "confidence": "1.0"
        },
        {
            "gameTime": "1 - 07:46",
            "label": "comments",
            "category": 0,
            "position": "466000",
            "half": "1",
            "confidence": "1.0"
        },
        {
            "gameTime": "1 - 07:53",
            "label": "comments",
            "category": 1,
            "position": "473000",
            "half": "1",
            "confidence": "1.0"
        },
        {
            "gameTime": "1 - 08:06",
            "label": "comments",
            "category": 0,
            "position": "486000",
            "half": "1",
            "confidence": "1.0"
        },
        {
            "gameTime": "1 - 08:13",
            "label": "comments",
            "category": 1,
            "position": "493000",
            "half": "1",
            "confidence": "1.0"
        },
        {
            "gameTime": "1 - 08:24",
            "label": "comments",
            "category": 0,
            "position": "504000",
            "half": "1",
            "confidence": "1.0"
        },
        {
            "gameTime": "1 - 08:33",
            "label": "comments",
            "category": 0,
            "position": "513000",
            "half": "1",
            "confidence": "1.0"
        },
        {
            "gameTime": "1 - 08:39",
            "label": "comments",
            "category": 0,
            "position": "519000",
            "half": "1",
            "confidence": "1.0"
        },
        {
            "gameTime": "1 - 08:42",
            "label": "comments",
            "category": 0,
            "position": "522000",
            "half": "1",
            "confidence": "1.0"
        },
        {
            "gameTime": "1 - 08:48",
            "label": "comments",
            "category": 0,
            "position": "528000",
            "half": "1",
            "confidence": "1.0"
        },
        {
            "gameTime": "1 - 08:58",
            "label": "comments",
            "category": 1,
            "position": "538000",
            "half": "1",
            "confidence": "1.0"
        },
        {
            "gameTime": "1 - 09:02",
            "label": "comments",
            "category": 1,
            "position": "542000",
            "half": "1",
            "confidence": "1.0"
        },
        {
            "gameTime": "1 - 09:13",
            "label": "comments",
            "category": 1,
            "position": "553000",
            "half": "1",
            "confidence": "1.0"
        },
        {
            "gameTime": "1 - 09:19",
            "label": "comments",
            "category": 1,
            "position": "559000",
            "half": "1",
            "confidence": "1.0"
        },
        {
            "gameTime": "1 - 09:26",
            "label": "comments",
            "category": 0,
            "position": "566000",
            "half": "1",
            "confidence": "1.0"
        },
        {
            "gameTime": "1 - 09:36",
            "label": "comments",
            "category": 0,
            "position": "576000",
            "half": "1",
            "confidence": "1.0"
        },
        {
            "gameTime": "1 - 09:39",
            "label": "comments",
            "category": 0,
            "position": "579000",
            "half": "1",
            "confidence": "1.0"
        },
        {
            "gameTime": "1 - 09:43",
            "label": "comments",
            "category": 0,
            "position": "583000",
            "half": "1",
            "confidence": "1.0"
        },
        {
            "gameTime": "1 - 09:47",
            "label": "comments",
            "category": 0,
            "position": "587000",
            "half": "1",
            "confidence": "1.0"
        },
        {
            "gameTime": "1 - 09:49",
            "label": "comments",
            "category": 0,
            "position": "589000",
            "half": "1",
            "confidence": "1.0"
        },
        {
            "gameTime": "1 - 09:55",
            "label": "comments",
            "category": 0,
            "position": "595000",
            "half": "1",
            "confidence": "1.0"
        },
        {
            "gameTime": "1 - 09:58",
            "label": "comments",
            "category": 0,
            "position": "598000",
            "half": "1",
            "confidence": "1.0"
        },
        {
            "gameTime": "1 - 10:02",
            "label": "comments",
            "category": 1,
            "position": "602000",
            "half": "1",
            "confidence": "1.0"
        },
        {
            "gameTime": "1 - 10:07",
            "label": "comments",
            "category": 0,
            "position": "607000",
            "half": "1",
            "confidence": "1.0"
        },
        {
            "gameTime": "1 - 10:12",
            "label": "comments",
            "category": 0,
            "position": "612000",
            "half": "1",
            "confidence": "1.0"
        },
        {
            "gameTime": "1 - 10:18",
            "label": "comments",
            "category": 0,
            "position": "618000",
            "half": "1",
            "confidence": "1.0"
        },
        {
            "gameTime": "1 - 10:23",
            "label": "comments",
            "category": 0,
            "position": "623000",
            "half": "1",
            "confidence": "1.0"
        },
        {
            "gameTime": "1 - 10:31",
            "label": "comments",
            "category": 0,
            "position": "631000",
            "half": "1",
            "confidence": "1.0"
        },
        {
            "gameTime": "1 - 10:31",
            "label": "comments",
            "category": 1,
            "position": "631000",
            "half": "1",
            "confidence": "1.0"
        },
        {
            "gameTime": "1 - 10:45",
            "label": "comments",
            "category": 0,
            "position": "645000",
            "half": "1",
            "confidence": "1.0"
        },
        {
            "gameTime": "1 - 10:51",
            "label": "comments",
            "category": 0,
            "position": "651000",
            "half": "1",
            "confidence": "1.0"
        },
        {
            "gameTime": "1 - 10:51",
            "label": "comments",
            "category": 1,
            "position": "651000",
            "half": "1",
            "confidence": "1.0"
        },
        {
            "gameTime": "1 - 10:56",
            "label": "comments",
            "category": 1,
            "position": "656000",
            "half": "1",
            "confidence": "1.0"
        },
        {
            "gameTime": "1 - 11:01",
            "label": "comments",
            "category": 0,
            "position": "661000",
            "half": "1",
            "confidence": "1.0"
        },
        {
            "gameTime": "1 - 11:09",
            "label": "comments",
            "category": 0,
            "position": "669000",
            "half": "1",
            "confidence": "1.0"
        },
        {
            "gameTime": "1 - 11:14",
            "label": "comments",
            "category": 0,
            "position": "674000",
            "half": "1",
            "confidence": "1.0"
        },
        {
            "gameTime": "1 - 11:19",
            "label": "comments",
            "category": 0,
            "position": "679000",
            "half": "1",
            "confidence": "1.0"
        },
        {
            "gameTime": "1 - 11:27",
            "label": "comments",
            "category": 0,
            "position": "687000",
            "half": "1",
            "confidence": "1.0"
        },
        {
            "gameTime": "1 - 11:31",
            "label": "comments",
            "category": 1,
            "position": "691000",
            "half": "1",
            "confidence": "1.0"
        },
        {
            "gameTime": "1 - 11:38",
            "label": "comments",
            "category": 0,
            "position": "698000",
            "half": "1",
            "confidence": "1.0"
        },
        {
            "gameTime": "1 - 11:44",
            "label": "comments",
            "category": 0,
            "position": "704000",
            "half": "1",
            "confidence": "1.0"
        },
        {
            "gameTime": "1 - 11:49",
            "label": "comments",
            "category": 0,
            "position": "709000",
            "half": "1",
            "confidence": "1.0"
        },
        {
            "gameTime": "1 - 11:52",
            "label": "comments",
            "category": 0,
            "position": "712000",
            "half": "1",
            "confidence": "1.0"
        },
        {
            "gameTime": "1 - 11:56",
            "label": "comments",
            "category": 0,
            "position": "716000",
            "half": "1",
            "confidence": "1.0"
        },
        {
            "gameTime": "1 - 12:02",
            "label": "comments",
            "category": 0,
            "position": "722000",
            "half": "1",
            "confidence": "1.0"
        },
        {
            "gameTime": "1 - 12:07",
            "label": "comments",
            "category": 0,
            "position": "727000",
            "half": "1",
            "confidence": "1.0"
        },
        {
            "gameTime": "1 - 12:12",
            "label": "comments",
            "category": 0,
            "position": "732000",
            "half": "1",
            "confidence": "1.0"
        },
        {
            "gameTime": "1 - 12:14",
            "label": "comments",
            "category": 0,
            "position": "734000",
            "half": "1",
            "confidence": "1.0"
        },
        {
            "gameTime": "1 - 12:19",
            "label": "comments",
            "category": 0,
            "position": "739000",
            "half": "1",
            "confidence": "1.0"
        },
        {
            "gameTime": "1 - 12:22",
            "label": "comments",
            "category": 1,
            "position": "742000",
            "half": "1",
            "confidence": "1.0"
        },
        {
            "gameTime": "1 - 12:30",
            "label": "comments",
            "category": 0,
            "position": "750000",
            "half": "1",
            "confidence": "1.0"
        },
        {
            "gameTime": "1 - 12:36",
            "label": "comments",
            "category": 0,
            "position": "756000",
            "half": "1",
            "confidence": "1.0"
        },
        {
            "gameTime": "1 - 12:39",
            "label": "comments",
            "category": 1,
            "position": "759000",
            "half": "1",
            "confidence": "1.0"
        },
        {
            "gameTime": "1 - 12:43",
            "label": "comments",
            "category": 0,
            "position": "763000",
            "half": "1",
            "confidence": "1.0"
        },
        {
            "gameTime": "1 - 12:52",
            "label": "comments",
            "category": 0,
            "position": "772000",
            "half": "1",
            "confidence": "1.0"
        },
        {
            "gameTime": "1 - 12:54",
            "label": "comments",
            "category": 0,
            "position": "774000",
            "half": "1",
            "confidence": "1.0"
        },
        {
            "gameTime": "1 - 12:58",
            "label": "comments",
            "category": 0,
            "position": "778000",
            "half": "1",
            "confidence": "1.0"
        },
        {
            "gameTime": "1 - 13:05",
            "label": "comments",
            "category": 0,
            "position": "785000",
            "half": "1",
            "confidence": "1.0"
        },
        {
            "gameTime": "1 - 13:07",
            "label": "comments",
            "category": 0,
            "position": "787000",
            "half": "1",
            "confidence": "1.0"
        },
        {
            "gameTime": "1 - 13:10",
            "label": "comments",
            "category": 0,
            "position": "790000",
            "half": "1",
            "confidence": "1.0"
        },
        {
            "gameTime": "1 - 13:14",
            "label": "comments",
            "category": 1,
            "position": "794000",
            "half": "1",
            "confidence": "1.0"
        },
        {
            "gameTime": "1 - 13:21",
            "label": "comments",
            "category": 1,
            "position": "801000",
            "half": "1",
            "confidence": "1.0"
        },
        {
            "gameTime": "1 - 13:23",
            "label": "comments",
            "category": 0,
            "position": "803000",
            "half": "1",
            "confidence": "1.0"
        },
        {
            "gameTime": "1 - 13:25",
            "label": "comments",
            "category": 0,
            "position": "805000",
            "half": "1",
            "confidence": "1.0"
        },
        {
            "gameTime": "1 - 13:28",
            "label": "comments",
            "category": 0,
            "position": "808000",
            "half": "1",
            "confidence": "1.0"
        },
        {
            "gameTime": "1 - 13:35",
            "label": "comments",
            "category": 0,
            "position": "815000",
            "half": "1",
            "confidence": "1.0"
        },
        {
            "gameTime": "1 - 13:38",
            "label": "comments",
            "category": 0,
            "position": "818000",
            "half": "1",
            "confidence": "1.0"
        },
        {
            "gameTime": "1 - 13:43",
            "label": "comments",
            "category": 0,
            "position": "823000",
            "half": "1",
            "confidence": "1.0"
        },
        {
            "gameTime": "1 - 13:48",
            "label": "comments",
            "category": 0,
            "position": "828000",
            "half": "1",
            "confidence": "1.0"
        },
        {
            "gameTime": "1 - 13:48",
            "label": "comments",
            "category": 1,
            "position": "828000",
            "half": "1",
            "confidence": "1.0"
        },
        {
            "gameTime": "1 - 13:51",
            "label": "comments",
            "category": 1,
            "position": "831000",
            "half": "1",
            "confidence": "1.0"
        },
        {
            "gameTime": "1 - 13:53",
            "label": "comments",
            "category": 0,
            "position": "833000",
            "half": "1",
            "confidence": "1.0"
        },
        {
            "gameTime": "1 - 13:58",
            "label": "comments",
            "category": 0,
            "position": "838000",
            "half": "1",
            "confidence": "1.0"
        },
        {
            "gameTime": "1 - 14:03",
            "label": "comments",
            "category": 0,
            "position": "843000",
            "half": "1",
            "confidence": "1.0"
        },
        {
            "gameTime": "1 - 14:09",
            "label": "comments",
            "category": 0,
            "position": "849000",
            "half": "1",
            "confidence": "1.0"
        },
        {
            "gameTime": "1 - 14:14",
            "label": "comments",
            "category": 0,
            "position": "854000",
            "half": "1",
            "confidence": "1.0"
        },
        {
            "gameTime": "1 - 14:18",
            "label": "comments",
            "category": 0,
            "position": "858000",
            "half": "1",
            "confidence": "1.0"
        },
        {
            "gameTime": "1 - 14:21",
            "label": "comments",
            "category": 0,
            "position": "861000",
            "half": "1",
            "confidence": "1.0"
        },
        {
            "gameTime": "1 - 14:26",
            "label": "comments",
            "category": 0,
            "position": "866000",
            "half": "1",
            "confidence": "1.0"
        },
        {
            "gameTime": "1 - 14:28",
            "label": "comments",
            "category": 0,
            "position": "868000",
            "half": "1",
            "confidence": "1.0"
        },
        {
            "gameTime": "1 - 14:35",
            "label": "comments",
            "category": 0,
            "position": "875000",
            "half": "1",
            "confidence": "1.0"
        },
        {
            "gameTime": "1 - 14:42",
            "label": "comments",
            "category": 0,
            "position": "882000",
            "half": "1",
            "confidence": "1.0"
        },
        {
            "gameTime": "1 - 14:45",
            "label": "comments",
            "category": 0,
            "position": "885000",
            "half": "1",
            "confidence": "1.0"
        },
        {
            "gameTime": "1 - 14:53",
            "label": "comments",
            "category": 0,
            "position": "893000",
            "half": "1",
            "confidence": "1.0"
        },
        {
            "gameTime": "1 - 14:59",
            "label": "comments",
            "category": 0,
            "position": "899000",
            "half": "1",
            "confidence": "1.0"
        },
        {
            "gameTime": "1 - 15:05",
            "label": "comments",
            "category": 0,
            "position": "905000",
            "half": "1",
            "confidence": "1.0"
        },
        {
            "gameTime": "1 - 15:10",
            "label": "comments",
            "category": 1,
            "position": "910000",
            "half": "1",
            "confidence": "1.0"
        },
        {
            "gameTime": "1 - 15:13",
            "label": "comments",
            "category": 1,
            "position": "913000",
            "half": "1",
            "confidence": "1.0"
        },
        {
            "gameTime": "1 - 15:17",
            "label": "comments",
            "category": 0,
            "position": "917000",
            "half": "1",
            "confidence": "1.0"
        },
        {
            "gameTime": "1 - 15:22",
            "label": "comments",
            "category": 0,
            "position": "922000",
            "half": "1",
            "confidence": "1.0"
        },
        {
            "gameTime": "1 - 15:27",
            "label": "comments",
            "category": 0,
            "position": "927000",
            "half": "1",
            "confidence": "1.0"
        },
        {
            "gameTime": "1 - 15:29",
            "label": "comments",
            "category": 0,
            "position": "929000",
            "half": "1",
            "confidence": "1.0"
        },
        {
            "gameTime": "1 - 15:33",
            "label": "comments",
            "category": 0,
            "position": "933000",
            "half": "1",
            "confidence": "1.0"
        },
        {
            "gameTime": "1 - 15:41",
            "label": "comments",
            "category": 0,
            "position": "941000",
            "half": "1",
            "confidence": "1.0"
        },
        {
            "gameTime": "1 - 15:45",
            "label": "comments",
            "category": 0,
            "position": "945000",
            "half": "1",
            "confidence": "1.0"
        },
        {
            "gameTime": "1 - 15:46",
            "label": "comments",
            "category": 0,
            "position": "946000",
            "half": "1",
            "confidence": "1.0"
        },
        {
            "gameTime": "1 - 15:51",
            "label": "comments",
            "category": 0,
            "position": "951000",
            "half": "1",
            "confidence": "1.0"
        },
        {
            "gameTime": "1 - 15:55",
            "label": "comments",
            "category": 0,
            "position": "955000",
            "half": "1",
            "confidence": "1.0"
        },
        {
            "gameTime": "1 - 16:07",
            "label": "comments",
            "category": 0,
            "position": "967000",
            "half": "1",
            "confidence": "1.0"
        },
        {
            "gameTime": "1 - 16:10",
            "label": "comments",
            "category": 0,
            "position": "970000",
            "half": "1",
            "confidence": "1.0"
        },
        {
            "gameTime": "1 - 16:12",
            "label": "comments",
            "category": 0,
            "position": "972000",
            "half": "1",
            "confidence": "1.0"
        },
        {
            "gameTime": "1 - 16:40",
            "label": "comments",
            "category": 0,
            "position": "1000000",
            "half": "1",
            "confidence": "1.0"
        },
        {
            "gameTime": "1 - 16:41",
            "label": "comments",
            "category": 0,
            "position": "1001000",
            "half": "1",
            "confidence": "1.0"
        },
        {
            "gameTime": "1 - 27:40",
            "label": "comments",
            "category": 0,
            "position": "1660000",
            "half": "1",
            "confidence": "1.0"
        },
        {
            "gameTime": "1 - 27:41",
            "label": "comments",
            "category": 0,
            "position": "1661000",
            "half": "1",
            "confidence": "1.0"
        },
        {
            "gameTime": "1 - 41:10",
            "label": "comments",
            "category": 0,
            "position": "2470000",
            "half": "1",
            "confidence": "1.0"
        },
        {
            "gameTime": "1 - 41:11",
            "label": "comments",
            "category": 0,
            "position": "2471000",
            "half": "1",
            "confidence": "1.0"
        },
        {
            "gameTime": "1 - 41:39",
            "label": "comments",
            "category": 0,
            "position": "2499000",
            "half": "1",
            "confidence": "1.0"
        },
        {
            "gameTime": "1 - 41:44",
            "label": "comments",
            "category": 0,
            "position": "2504000",
            "half": "1",
            "confidence": "1.0"
        },
        {
            "gameTime": "1 - 41:48",
            "label": "comments",
            "category": 0,
            "position": "2508000",
            "half": "1",
            "confidence": "1.0"
        },
        {
            "gameTime": "1 - 41:49",
            "label": "comments",
            "category": 0,
            "position": "2509000",
            "half": "1",
            "confidence": "1.0"
        },
        {
            "gameTime": "1 - 41:51",
            "label": "comments",
            "category": 0,
            "position": "2511000",
            "half": "1",
            "confidence": "1.0"
        },
        {
            "gameTime": "1 - 41:52",
            "label": "comments",
            "category": 0,
            "position": "2512000",
            "half": "1",
            "confidence": "1.0"
        },
        {
            "gameTime": "1 - 41:53",
            "label": "comments",
            "category": 0,
            "position": "2513000",
            "half": "1",
            "confidence": "1.0"
        },
        {
            "gameTime": "1 - 41:55",
            "label": "comments",
            "category": 0,
            "position": "2515000",
            "half": "1",
            "confidence": "1.0"
        },
        {
            "gameTime": "1 - 41:56",
            "label": "comments",
            "category": 0,
            "position": "2516000",
            "half": "1",
            "confidence": "1.0"
        },
        {
            "gameTime": "1 - 41:57",
            "label": "comments",
            "category": 0,
            "position": "2517000",
            "half": "1",
            "confidence": "1.0"
        },
        {
            "gameTime": "1 - 41:58",
            "label": "comments",
            "category": 0,
            "position": "2518000",
            "half": "1",
            "confidence": "1.0"
        },
        {
            "gameTime": "1 - 41:59",
            "label": "comments",
            "category": 1,
            "position": "2519000",
            "half": "1",
            "confidence": "1.0"
        },
        {
            "gameTime": "1 - 42:05",
            "label": "comments",
            "category": 0,
            "position": "2525000",
            "half": "1",
            "confidence": "1.0"
        },
        {
            "gameTime": "1 - 42:06",
            "label": "comments",
            "category": 0,
            "position": "2526000",
            "half": "1",
            "confidence": "1.0"
        },
        {
            "gameTime": "1 - 42:08",
            "label": "comments",
            "category": 0,
            "position": "2528000",
            "half": "1",
            "confidence": "1.0"
        },
        {
            "gameTime": "1 - 42:15",
            "label": "comments",
            "category": 0,
            "position": "2535000",
            "half": "1",
            "confidence": "1.0"
        },
        {
            "gameTime": "1 - 42:16",
            "label": "comments",
            "category": 0,
            "position": "2536000",
            "half": "1",
            "confidence": "1.0"
        },
        {
            "gameTime": "1 - 42:18",
            "label": "comments",
            "category": 0,
            "position": "2538000",
            "half": "1",
            "confidence": "1.0"
        },
        {
            "gameTime": "1 - 42:21",
            "label": "comments",
            "category": 0,
            "position": "2541000",
            "half": "1",
            "confidence": "1.0"
        },
        {
            "gameTime": "1 - 42:22",
            "label": "comments",
            "category": 0,
            "position": "2542000",
            "half": "1",
            "confidence": "1.0"
        },
        {
            "gameTime": "1 - 42:28",
            "label": "comments",
            "category": 0,
            "position": "2548000",
            "half": "1",
            "confidence": "1.0"
        },
        {
            "gameTime": "1 - 42:32",
            "label": "comments",
            "category": 0,
            "position": "2552000",
            "half": "1",
            "confidence": "1.0"
        },
        {
            "gameTime": "1 - 42:33",
            "label": "comments",
            "category": 0,
            "position": "2553000",
            "half": "1",
            "confidence": "1.0"
        },
        {
            "gameTime": "1 - 42:36",
            "label": "comments",
            "category": 0,
            "position": "2556000",
            "half": "1",
            "confidence": "1.0"
        },
        {
            "gameTime": "1 - 42:46",
            "label": "comments",
            "category": 0,
            "position": "2566000",
            "half": "1",
            "confidence": "1.0"
        },
        {
            "gameTime": "1 - 42:51",
            "label": "comments",
            "category": 0,
            "position": "2571000",
            "half": "1",
            "confidence": "1.0"
        },
        {
            "gameTime": "1 - 42:57",
            "label": "comments",
            "category": 0,
            "position": "2577000",
            "half": "1",
            "confidence": "1.0"
        },
        {
            "gameTime": "1 - 42:59",
            "label": "comments",
            "category": 0,
            "position": "2579000",
            "half": "1",
            "confidence": "1.0"
        },
        {
            "gameTime": "1 - 43:00",
            "label": "comments",
            "category": 0,
            "position": "2580000",
            "half": "1",
            "confidence": "1.0"
        },
        {
            "gameTime": "1 - 43:05",
            "label": "comments",
            "category": 0,
            "position": "2585000",
            "half": "1",
            "confidence": "1.0"
        },
        {
            "gameTime": "1 - 43:07",
            "label": "comments",
            "category": 0,
            "position": "2587000",
            "half": "1",
            "confidence": "1.0"
        },
        {
            "gameTime": "1 - 43:08",
            "label": "comments",
            "category": 1,
            "position": "2588000",
            "half": "1",
            "confidence": "1.0"
        },
        {
            "gameTime": "1 - 43:15",
            "label": "comments",
            "category": 1,
            "position": "2595000",
            "half": "1",
            "confidence": "1.0"
        },
        {
            "gameTime": "1 - 43:16",
            "label": "comments",
            "category": 0,
            "position": "2596000",
            "half": "1",
            "confidence": "1.0"
        },
        {
            "gameTime": "1 - 43:20",
            "label": "comments",
            "category": 0,
            "position": "2600000",
            "half": "1",
            "confidence": "1.0"
        },
        {
            "gameTime": "1 - 43:39",
            "label": "comments",
            "category": 0,
            "position": "2619000",
            "half": "1",
            "confidence": "1.0"
        },
        {
            "gameTime": "1 - 43:40",
            "label": "comments",
            "category": 0,
            "position": "2620000",
            "half": "1",
            "confidence": "1.0"
        },
        {
            "gameTime": "1 - 43:42",
            "label": "comments",
            "category": 0,
            "position": "2622000",
            "half": "1",
            "confidence": "1.0"
        },
        {
            "gameTime": "1 - 43:43",
            "label": "comments",
            "category": 0,
            "position": "2623000",
            "half": "1",
            "confidence": "1.0"
        },
        {
            "gameTime": "1 - 43:47",
            "label": "comments",
            "category": 0,
            "position": "2627000",
            "half": "1",
            "confidence": "1.0"
        },
        {
            "gameTime": "1 - 43:53",
            "label": "comments",
            "category": 0,
            "position": "2633000",
            "half": "1",
            "confidence": "1.0"
        },
        {
            "gameTime": "1 - 43:54",
            "label": "comments",
            "category": 0,
            "position": "2634000",
            "half": "1",
            "confidence": "1.0"
        },
        {
            "gameTime": "1 - 43:57",
            "label": "comments",
            "category": 0,
            "position": "2637000",
            "half": "1",
            "confidence": "1.0"
        },
        {
            "gameTime": "1 - 43:59",
            "label": "comments",
            "category": 0,
            "position": "2639000",
            "half": "1",
            "confidence": "1.0"
        },
        {
            "gameTime": "1 - 44:02",
            "label": "comments",
            "category": 0,
            "position": "2642000",
            "half": "1",
            "confidence": "1.0"
        },
        {
            "gameTime": "1 - 44:11",
            "label": "comments",
            "category": 1,
            "position": "2651000",
            "half": "1",
            "confidence": "1.0"
        },
        {
            "gameTime": "1 - 44:14",
            "label": "comments",
            "category": 1,
            "position": "2654000",
            "half": "1",
            "confidence": "1.0"
        },
        {
            "gameTime": "1 - 44:16",
            "label": "comments",
            "category": 1,
            "position": "2656000",
            "half": "1",
            "confidence": "1.0"
        },
        {
            "gameTime": "1 - 44:27",
            "label": "comments",
            "category": 0,
            "position": "2667000",
            "half": "1",
            "confidence": "1.0"
        },
        {
            "gameTime": "1 - 44:32",
            "label": "comments",
            "category": 0,
            "position": "2672000",
            "half": "1",
            "confidence": "1.0"
        },
        {
            "gameTime": "1 - 44:33",
            "label": "comments",
            "category": 0,
            "position": "2673000",
            "half": "1",
            "confidence": "1.0"
        },
        {
            "gameTime": "1 - 44:38",
            "label": "comments",
            "category": 0,
            "position": "2678000",
            "half": "1",
            "confidence": "1.0"
        },
        {
            "gameTime": "1 - 44:42",
            "label": "comments",
            "category": 0,
            "position": "2682000",
            "half": "1",
            "confidence": "1.0"
        },
        {
            "gameTime": "1 - 44:44",
            "label": "comments",
            "category": 0,
            "position": "2684000",
            "half": "1",
            "confidence": "1.0"
        },
        {
            "gameTime": "1 - 44:47",
            "label": "comments",
            "category": 0,
            "position": "2687000",
            "half": "1",
            "confidence": "1.0"
        },
        {
            "gameTime": "1 - 44:50",
            "label": "comments",
            "category": 1,
            "position": "2690000",
            "half": "1",
            "confidence": "1.0"
        },
        {
            "gameTime": "1 - 44:54",
            "label": "comments",
            "category": 0,
            "position": "2694000",
            "half": "1",
            "confidence": "1.0"
        },
        {
            "gameTime": "2 - 00:00",
            "label": "comments",
            "category": 0,
            "position": "0",
            "half": "2",
            "confidence": "1.0"
        }
    ],
    "game": "italy_serie-a/2016-2017/2017-02-07 - 22-45 AS Roma 4 - 0 Fiorentina"
}