{
    "predictions": [
        {
            "gameTime": "1 - 00:00",
            "label": "comments",
            "category": 0,
            "position": "0",
            "half": "1",
            "confidence": "1.0"
        },
        {
            "gameTime": "1 - 02:44",
            "label": "comments",
            "category": 0,
            "position": "164000",
            "half": "1",
            "confidence": "1.0"
        },
        {
            "gameTime": "1 - 02:51",
            "label": "comments",
            "category": 0,
            "position": "171000",
            "half": "1",
            "confidence": "1.0"
        },
        {
            "gameTime": "1 - 02:55",
            "label": "comments",
            "category": 0,
            "position": "175000",
            "half": "1",
            "confidence": "1.0"
        },
        {
            "gameTime": "1 - 02:56",
            "label": "comments",
            "category": 0,
            "position": "176000",
            "half": "1",
            "confidence": "1.0"
        },
        {
            "gameTime": "1 - 02:57",
            "label": "comments",
            "category": 0,
            "position": "177000",
            "half": "1",
            "confidence": "1.0"
        },
        {
            "gameTime": "1 - 03:28",
            "label": "comments",
            "category": 0,
            "position": "208000",
            "half": "1",
            "confidence": "1.0"
        },
        {
            "gameTime": "1 - 03:30",
            "label": "comments",
            "category": 0,
            "position": "210000",
            "half": "1",
            "confidence": "1.0"
        },
        {
            "gameTime": "1 - 03:54",
            "label": "comments",
            "category": 0,
            "position": "234000",
            "half": "1",
            "confidence": "1.0"
        },
        {
            "gameTime": "1 - 03:56",
            "label": "comments",
            "category": 0,
            "position": "236000",
            "half": "1",
            "confidence": "1.0"
        },
        {
            "gameTime": "1 - 03:58",
            "label": "comments",
            "category": 0,
            "position": "238000",
            "half": "1",
            "confidence": "1.0"
        },
        {
            "gameTime": "1 - 03:59",
            "label": "comments",
            "category": 0,
            "position": "239000",
            "half": "1",
            "confidence": "1.0"
        },
        {
            "gameTime": "1 - 04:00",
            "label": "comments",
            "category": 0,
            "position": "240000",
            "half": "1",
            "confidence": "1.0"
        },
        {
            "gameTime": "1 - 04:06",
            "label": "comments",
            "category": 0,
            "position": "246000",
            "half": "1",
            "confidence": "1.0"
        },
        {
            "gameTime": "1 - 04:16",
            "label": "comments",
            "category": 0,
            "position": "256000",
            "half": "1",
            "confidence": "1.0"
        },
        {
            "gameTime": "1 - 04:18",
            "label": "comments",
            "category": 0,
            "position": "258000",
            "half": "1",
            "confidence": "1.0"
        },
        {
            "gameTime": "1 - 04:26",
            "label": "comments",
            "category": 0,
            "position": "266000",
            "half": "1",
            "confidence": "1.0"
        },
        {
            "gameTime": "1 - 04:33",
            "label": "comments",
            "category": 0,
            "position": "273000",
            "half": "1",
            "confidence": "1.0"
        },
        {
            "gameTime": "1 - 04:37",
            "label": "comments",
            "category": 0,
            "position": "277000",
            "half": "1",
            "confidence": "1.0"
        },
        {
            "gameTime": "1 - 04:51",
            "label": "comments",
            "category": 0,
            "position": "291000",
            "half": "1",
            "confidence": "1.0"
        },
        {
            "gameTime": "1 - 04:54",
            "label": "comments",
            "category": 0,
            "position": "294000",
            "half": "1",
            "confidence": "1.0"
        },
        {
            "gameTime": "1 - 04:58",
            "label": "comments",
            "category": 0,
            "position": "298000",
            "half": "1",
            "confidence": "1.0"
        },
        {
            "gameTime": "1 - 05:11",
            "label": "comments",
            "category": 0,
            "position": "311000",
            "half": "1",
            "confidence": "1.0"
        },
        {
            "gameTime": "1 - 05:15",
            "label": "comments",
            "category": 0,
            "position": "315000",
            "half": "1",
            "confidence": "1.0"
        },
        {
            "gameTime": "1 - 05:17",
            "label": "comments",
            "category": 0,
            "position": "317000",
            "half": "1",
            "confidence": "1.0"
        },
        {
            "gameTime": "1 - 05:19",
            "label": "comments",
            "category": 0,
            "position": "319000",
            "half": "1",
            "confidence": "1.0"
        },
        {
            "gameTime": "1 - 05:21",
            "label": "comments",
            "category": 0,
            "position": "321000",
            "half": "1",
            "confidence": "1.0"
        },
        {
            "gameTime": "1 - 05:24",
            "label": "comments",
            "category": 0,
            "position": "324000",
            "half": "1",
            "confidence": "1.0"
        },
        {
            "gameTime": "1 - 05:30",
            "label": "comments",
            "category": 0,
            "position": "330000",
            "half": "1",
            "confidence": "1.0"
        },
        {
            "gameTime": "1 - 05:32",
            "label": "comments",
            "category": 0,
            "position": "332000",
            "half": "1",
            "confidence": "1.0"
        },
        {
            "gameTime": "1 - 05:35",
            "label": "comments",
            "category": 0,
            "position": "335000",
            "half": "1",
            "confidence": "1.0"
        },
        {
            "gameTime": "1 - 05:43",
            "label": "comments",
            "category": 0,
            "position": "343000",
            "half": "1",
            "confidence": "1.0"
        },
        {
            "gameTime": "1 - 05:47",
            "label": "comments",
            "category": 0,
            "position": "347000",
            "half": "1",
            "confidence": "1.0"
        },
        {
            "gameTime": "1 - 05:52",
            "label": "comments",
            "category": 0,
            "position": "352000",
            "half": "1",
            "confidence": "1.0"
        },
        {
            "gameTime": "1 - 05:56",
            "label": "comments",
            "category": 0,
            "position": "356000",
            "half": "1",
            "confidence": "1.0"
        },
        {
            "gameTime": "1 - 06:14",
            "label": "comments",
            "category": 0,
            "position": "374000",
            "half": "1",
            "confidence": "1.0"
        },
        {
            "gameTime": "1 - 06:18",
            "label": "comments",
            "category": 0,
            "position": "378000",
            "half": "1",
            "confidence": "1.0"
        },
        {
            "gameTime": "1 - 06:22",
            "label": "comments",
            "category": 0,
            "position": "382000",
            "half": "1",
            "confidence": "1.0"
        },
        {
            "gameTime": "1 - 06:40",
            "label": "comments",
            "category": 0,
            "position": "400000",
            "half": "1",
            "confidence": "1.0"
        },
        {
            "gameTime": "1 - 07:09",
            "label": "comments",
            "category": 0,
            "position": "429000",
            "half": "1",
            "confidence": "1.0"
        },
        {
            "gameTime": "1 - 07:28",
            "label": "comments",
            "category": 0,
            "position": "448000",
            "half": "1",
            "confidence": "1.0"
        },
        {
            "gameTime": "1 - 07:29",
            "label": "comments",
            "category": 0,
            "position": "449000",
            "half": "1",
            "confidence": "1.0"
        },
        {
            "gameTime": "1 - 07:57",
            "label": "comments",
            "category": 1,
            "position": "477000",
            "half": "1",
            "confidence": "1.0"
        },
        {
            "gameTime": "1 - 08:06",
            "label": "comments",
            "category": 1,
            "position": "486000",
            "half": "1",
            "confidence": "1.0"
        },
        {
            "gameTime": "1 - 08:13",
            "label": "comments",
            "category": 1,
            "position": "493000",
            "half": "1",
            "confidence": "1.0"
        },
        {
            "gameTime": "1 - 08:27",
            "label": "comments",
            "category": 0,
            "position": "507000",
            "half": "1",
            "confidence": "1.0"
        },
        {
            "gameTime": "1 - 08:42",
            "label": "comments",
            "category": 0,
            "position": "522000",
            "half": "1",
            "confidence": "1.0"
        },
        {
            "gameTime": "1 - 08:44",
            "label": "comments",
            "category": 0,
            "position": "524000",
            "half": "1",
            "confidence": "1.0"
        },
        {
            "gameTime": "1 - 08:45",
            "label": "comments",
            "category": 0,
            "position": "525000",
            "half": "1",
            "confidence": "1.0"
        },
        {
            "gameTime": "1 - 08:46",
            "label": "comments",
            "category": 0,
            "position": "526000",
            "half": "1",
            "confidence": "1.0"
        },
        {
            "gameTime": "1 - 08:52",
            "label": "comments",
            "category": 0,
            "position": "532000",
            "half": "1",
            "confidence": "1.0"
        },
        {
            "gameTime": "1 - 09:04",
            "label": "comments",
            "category": 1,
            "position": "544000",
            "half": "1",
            "confidence": "1.0"
        },
        {
            "gameTime": "1 - 09:12",
            "label": "comments",
            "category": 1,
            "position": "552000",
            "half": "1",
            "confidence": "1.0"
        },
        {
            "gameTime": "1 - 09:17",
            "label": "comments",
            "category": 1,
            "position": "557000",
            "half": "1",
            "confidence": "1.0"
        },
        {
            "gameTime": "1 - 09:21",
            "label": "comments",
            "category": 0,
            "position": "561000",
            "half": "1",
            "confidence": "1.0"
        },
        {
            "gameTime": "1 - 09:23",
            "label": "comments",
            "category": 0,
            "position": "563000",
            "half": "1",
            "confidence": "1.0"
        },
        {
            "gameTime": "1 - 09:25",
            "label": "comments",
            "category": 1,
            "position": "565000",
            "half": "1",
            "confidence": "1.0"
        },
        {
            "gameTime": "1 - 09:40",
            "label": "comments",
            "category": 1,
            "position": "580000",
            "half": "1",
            "confidence": "1.0"
        },
        {
            "gameTime": "1 - 09:45",
            "label": "comments",
            "category": 0,
            "position": "585000",
            "half": "1",
            "confidence": "1.0"
        },
        {
            "gameTime": "1 - 09:51",
            "label": "comments",
            "category": 0,
            "position": "591000",
            "half": "1",
            "confidence": "1.0"
        },
        {
            "gameTime": "1 - 09:55",
            "label": "comments",
            "category": 1,
            "position": "595000",
            "half": "1",
            "confidence": "1.0"
        },
        {
            "gameTime": "1 - 09:59",
            "label": "comments",
            "category": 1,
            "position": "599000",
            "half": "1",
            "confidence": "1.0"
        },
        {
            "gameTime": "1 - 10:03",
            "label": "comments",
            "category": 0,
            "position": "603000",
            "half": "1",
            "confidence": "1.0"
        },
        {
            "gameTime": "1 - 10:07",
            "label": "comments",
            "category": 0,
            "position": "607000",
            "half": "1",
            "confidence": "1.0"
        },
        {
            "gameTime": "1 - 10:12",
            "label": "comments",
            "category": 1,
            "position": "612000",
            "half": "1",
            "confidence": "1.0"
        },
        {
            "gameTime": "1 - 10:16",
            "label": "comments",
            "category": 0,
            "position": "616000",
            "half": "1",
            "confidence": "1.0"
        },
        {
            "gameTime": "1 - 10:20",
            "label": "comments",
            "category": 1,
            "position": "620000",
            "half": "1",
            "confidence": "1.0"
        },
        {
            "gameTime": "1 - 10:33",
            "label": "comments",
            "category": 0,
            "position": "633000",
            "half": "1",
            "confidence": "1.0"
        },
        {
            "gameTime": "1 - 10:42",
            "label": "comments",
            "category": 0,
            "position": "642000",
            "half": "1",
            "confidence": "1.0"
        },
        {
            "gameTime": "1 - 11:04",
            "label": "comments",
            "category": 1,
            "position": "664000",
            "half": "1",
            "confidence": "1.0"
        },
        {
            "gameTime": "1 - 11:08",
            "label": "comments",
            "category": 1,
            "position": "668000",
            "half": "1",
            "confidence": "1.0"
        },
        {
            "gameTime": "1 - 11:12",
            "label": "comments",
            "category": 1,
            "position": "672000",
            "half": "1",
            "confidence": "1.0"
        },
        {
            "gameTime": "1 - 11:16",
            "label": "comments",
            "category": 0,
            "position": "676000",
            "half": "1",
            "confidence": "1.0"
        },
        {
            "gameTime": "1 - 11:25",
            "label": "comments",
            "category": 0,
            "position": "685000",
            "half": "1",
            "confidence": "1.0"
        },
        {
            "gameTime": "1 - 11:43",
            "label": "comments",
            "category": 1,
            "position": "703000",
            "half": "1",
            "confidence": "1.0"
        },
        {
            "gameTime": "1 - 11:47",
            "label": "comments",
            "category": 0,
            "position": "707000",
            "half": "1",
            "confidence": "1.0"
        },
        {
            "gameTime": "1 - 11:51",
            "label": "comments",
            "category": 0,
            "position": "711000",
            "half": "1",
            "confidence": "1.0"
        },
        {
            "gameTime": "1 - 12:03",
            "label": "comments",
            "category": 0,
            "position": "723000",
            "half": "1",
            "confidence": "1.0"
        },
        {
            "gameTime": "1 - 12:07",
            "label": "comments",
            "category": 0,
            "position": "727000",
            "half": "1",
            "confidence": "1.0"
        },
        {
            "gameTime": "1 - 12:11",
            "label": "comments",
            "category": 0,
            "position": "731000",
            "half": "1",
            "confidence": "1.0"
        },
        {
            "gameTime": "1 - 12:27",
            "label": "comments",
            "category": 0,
            "position": "747000",
            "half": "1",
            "confidence": "1.0"
        },
        {
            "gameTime": "1 - 12:35",
            "label": "comments",
            "category": 0,
            "position": "755000",
            "half": "1",
            "confidence": "1.0"
        },
        {
            "gameTime": "1 - 12:39",
            "label": "comments",
            "category": 0,
            "position": "759000",
            "half": "1",
            "confidence": "1.0"
        },
        {
            "gameTime": "1 - 12:47",
            "label": "comments",
            "category": 0,
            "position": "767000",
            "half": "1",
            "confidence": "1.0"
        },
        {
            "gameTime": "1 - 12:51",
            "label": "comments",
            "category": 0,
            "position": "771000",
            "half": "1",
            "confidence": "1.0"
        },
        {
            "gameTime": "1 - 12:55",
            "label": "comments",
            "category": 1,
            "position": "775000",
            "half": "1",
            "confidence": "1.0"
        },
        {
            "gameTime": "1 - 12:59",
            "label": "comments",
            "category": 1,
            "position": "779000",
            "half": "1",
            "confidence": "1.0"
        },
        {
            "gameTime": "1 - 13:03",
            "label": "comments",
            "category": 1,
            "position": "783000",
            "half": "1",
            "confidence": "1.0"
        },
        {
            "gameTime": "1 - 13:07",
            "label": "comments",
            "category": 1,
            "position": "787000",
            "half": "1",
            "confidence": "1.0"
        },
        {
            "gameTime": "1 - 13:15",
            "label": "comments",
            "category": 1,
            "position": "795000",
            "half": "1",
            "confidence": "1.0"
        },
        {
            "gameTime": "1 - 13:23",
            "label": "comments",
            "category": 0,
            "position": "803000",
            "half": "1",
            "confidence": "1.0"
        },
        {
            "gameTime": "1 - 13:31",
            "label": "comments",
            "category": 0,
            "position": "811000",
            "half": "1",
            "confidence": "1.0"
        },
        {
            "gameTime": "1 - 13:37",
            "label": "comments",
            "category": 1,
            "position": "817000",
            "half": "1",
            "confidence": "1.0"
        },
        {
            "gameTime": "1 - 13:41",
            "label": "comments",
            "category": 0,
            "position": "821000",
            "half": "1",
            "confidence": "1.0"
        },
        {
            "gameTime": "1 - 13:49",
            "label": "comments",
            "category": 1,
            "position": "829000",
            "half": "1",
            "confidence": "1.0"
        },
        {
            "gameTime": "1 - 13:57",
            "label": "comments",
            "category": 0,
            "position": "837000",
            "half": "1",
            "confidence": "1.0"
        },
        {
            "gameTime": "1 - 14:05",
            "label": "comments",
            "category": 0,
            "position": "845000",
            "half": "1",
            "confidence": "1.0"
        },
        {
            "gameTime": "1 - 14:15",
            "label": "comments",
            "category": 0,
            "position": "855000",
            "half": "1",
            "confidence": "1.0"
        },
        {
            "gameTime": "1 - 14:27",
            "label": "comments",
            "category": 0,
            "position": "867000",
            "half": "1",
            "confidence": "1.0"
        },
        {
            "gameTime": "1 - 14:35",
            "label": "comments",
            "category": 0,
            "position": "875000",
            "half": "1",
            "confidence": "1.0"
        },
        {
            "gameTime": "1 - 14:39",
            "label": "comments",
            "category": 0,
            "position": "879000",
            "half": "1",
            "confidence": "1.0"
        },
        {
            "gameTime": "1 - 14:47",
            "label": "comments",
            "category": 0,
            "position": "887000",
            "half": "1",
            "confidence": "1.0"
        },
        {
            "gameTime": "1 - 14:55",
            "label": "comments",
            "category": 0,
            "position": "895000",
            "half": "1",
            "confidence": "1.0"
        },
        {
            "gameTime": "1 - 15:19",
            "label": "comments",
            "category": 1,
            "position": "919000",
            "half": "1",
            "confidence": "1.0"
        },
        {
            "gameTime": "1 - 15:51",
            "label": "comments",
            "category": 0,
            "position": "951000",
            "half": "1",
            "confidence": "1.0"
        },
        {
            "gameTime": "1 - 15:59",
            "label": "comments",
            "category": 1,
            "position": "959000",
            "half": "1",
            "confidence": "1.0"
        },
        {
            "gameTime": "1 - 16:15",
            "label": "comments",
            "category": 0,
            "position": "975000",
            "half": "1",
            "confidence": "1.0"
        },
        {
            "gameTime": "1 - 16:19",
            "label": "comments",
            "category": 0,
            "position": "979000",
            "half": "1",
            "confidence": "1.0"
        },
        {
            "gameTime": "1 - 16:31",
            "label": "comments",
            "category": 1,
            "position": "991000",
            "half": "1",
            "confidence": "1.0"
        },
        {
            "gameTime": "1 - 16:35",
            "label": "comments",
            "category": 0,
            "position": "995000",
            "half": "1",
            "confidence": "1.0"
        },
        {
            "gameTime": "1 - 16:49",
            "label": "comments",
            "category": 0,
            "position": "1009000",
            "half": "1",
            "confidence": "1.0"
        },
        {
            "gameTime": "1 - 17:07",
            "label": "comments",
            "category": 0,
            "position": "1027000",
            "half": "1",
            "confidence": "1.0"
        },
        {
            "gameTime": "1 - 17:19",
            "label": "comments",
            "category": 1,
            "position": "1039000",
            "half": "1",
            "confidence": "1.0"
        },
        {
            "gameTime": "1 - 17:29",
            "label": "comments",
            "category": 0,
            "position": "1049000",
            "half": "1",
            "confidence": "1.0"
        },
        {
            "gameTime": "1 - 17:37",
            "label": "comments",
            "category": 0,
            "position": "1057000",
            "half": "1",
            "confidence": "1.0"
        },
        {
            "gameTime": "1 - 17:45",
            "label": "comments",
            "category": 0,
            "position": "1065000",
            "half": "1",
            "confidence": "1.0"
        },
        {
            "gameTime": "1 - 17:48",
            "label": "comments",
            "category": 0,
            "position": "1068000",
            "half": "1",
            "confidence": "1.0"
        },
        {
            "gameTime": "1 - 17:51",
            "label": "comments",
            "category": 0,
            "position": "1071000",
            "half": "1",
            "confidence": "1.0"
        },
        {
            "gameTime": "1 - 18:02",
            "label": "comments",
            "category": 0,
            "position": "1082000",
            "half": "1",
            "confidence": "1.0"
        },
        {
            "gameTime": "1 - 18:03",
            "label": "comments",
            "category": 0,
            "position": "1083000",
            "half": "1",
            "confidence": "1.0"
        },
        {
            "gameTime": "1 - 18:15",
            "label": "comments",
            "category": 0,
            "position": "1095000",
            "half": "1",
            "confidence": "1.0"
        },
        {
            "gameTime": "1 - 18:29",
            "label": "comments",
            "category": 0,
            "position": "1109000",
            "half": "1",
            "confidence": "1.0"
        },
        {
            "gameTime": "1 - 18:33",
            "label": "comments",
            "category": 0,
            "position": "1113000",
            "half": "1",
            "confidence": "1.0"
        },
        {
            "gameTime": "1 - 18:34",
            "label": "comments",
            "category": 0,
            "position": "1114000",
            "half": "1",
            "confidence": "1.0"
        },
        {
            "gameTime": "1 - 18:38",
            "label": "comments",
            "category": 0,
            "position": "1118000",
            "half": "1",
            "confidence": "1.0"
        },
        {
            "gameTime": "1 - 18:46",
            "label": "comments",
            "category": 0,
            "position": "1126000",
            "half": "1",
            "confidence": "1.0"
        },
        {
            "gameTime": "1 - 18:47",
            "label": "comments",
            "category": 1,
            "position": "1127000",
            "half": "1",
            "confidence": "1.0"
        },
        {
            "gameTime": "1 - 18:49",
            "label": "comments",
            "category": 0,
            "position": "1129000",
            "half": "1",
            "confidence": "1.0"
        },
        {
            "gameTime": "1 - 18:52",
            "label": "comments",
            "category": 0,
            "position": "1132000",
            "half": "1",
            "confidence": "1.0"
        },
        {
            "gameTime": "1 - 18:54",
            "label": "comments",
            "category": 0,
            "position": "1134000",
            "half": "1",
            "confidence": "1.0"
        },
        {
            "gameTime": "1 - 19:08",
            "label": "comments",
            "category": 0,
            "position": "1148000",
            "half": "1",
            "confidence": "1.0"
        },
        {
            "gameTime": "1 - 19:18",
            "label": "comments",
            "category": 0,
            "position": "1158000",
            "half": "1",
            "confidence": "1.0"
        },
        {
            "gameTime": "1 - 19:28",
            "label": "comments",
            "category": 1,
            "position": "1168000",
            "half": "1",
            "confidence": "1.0"
        },
        {
            "gameTime": "1 - 19:31",
            "label": "comments",
            "category": 1,
            "position": "1171000",
            "half": "1",
            "confidence": "1.0"
        },
        {
            "gameTime": "1 - 19:50",
            "label": "comments",
            "category": 1,
            "position": "1190000",
            "half": "1",
            "confidence": "1.0"
        },
        {
            "gameTime": "1 - 19:56",
            "label": "comments",
            "category": 1,
            "position": "1196000",
            "half": "1",
            "confidence": "1.0"
        },
        {
            "gameTime": "1 - 19:58",
            "label": "comments",
            "category": 0,
            "position": "1198000",
            "half": "1",
            "confidence": "1.0"
        },
        {
            "gameTime": "1 - 19:59",
            "label": "comments",
            "category": 0,
            "position": "1199000",
            "half": "1",
            "confidence": "1.0"
        },
        {
            "gameTime": "1 - 20:00",
            "label": "comments",
            "category": 0,
            "position": "1200000",
            "half": "1",
            "confidence": "1.0"
        },
        {
            "gameTime": "1 - 20:14",
            "label": "comments",
            "category": 0,
            "position": "1214000",
            "half": "1",
            "confidence": "1.0"
        },
        {
            "gameTime": "1 - 20:16",
            "label": "comments",
            "category": 0,
            "position": "1216000",
            "half": "1",
            "confidence": "1.0"
        },
        {
            "gameTime": "1 - 20:17",
            "label": "comments",
            "category": 0,
            "position": "1217000",
            "half": "1",
            "confidence": "1.0"
        },
        {
            "gameTime": "1 - 20:19",
            "label": "comments",
            "category": 0,
            "position": "1219000",
            "half": "1",
            "confidence": "1.0"
        },
        {
            "gameTime": "2 - 00:00",
            "label": "comments",
            "category": 0,
            "position": "0",
            "half": "2",
            "confidence": "1.0"
        },
        {
            "gameTime": "2 - 00:01",
            "label": "comments",
            "category": 0,
            "position": "1000",
            "half": "2",
            "confidence": "1.0"
        },
        {
            "gameTime": "2 - 00:17",
            "label": "comments",
            "category": 1,
            "position": "17000",
            "half": "2",
            "confidence": "1.0"
        },
        {
            "gameTime": "2 - 00:19",
            "label": "comments",
            "category": 0,
            "position": "19000",
            "half": "2",
            "confidence": "1.0"
        },
        {
            "gameTime": "2 - 00:22",
            "label": "comments",
            "category": 0,
            "position": "22000",
            "half": "2",
            "confidence": "1.0"
        },
        {
            "gameTime": "2 - 00:48",
            "label": "comments",
            "category": 0,
            "position": "48000",
            "half": "2",
            "confidence": "1.0"
        },
        {
            "gameTime": "2 - 00:49",
            "label": "comments",
            "category": 1,
            "position": "49000",
            "half": "2",
            "confidence": "1.0"
        },
        {
            "gameTime": "2 - 01:19",
            "label": "comments",
            "category": 0,
            "position": "79000",
            "half": "2",
            "confidence": "1.0"
        },
        {
            "gameTime": "2 - 01:28",
            "label": "comments",
            "category": 0,
            "position": "88000",
            "half": "2",
            "confidence": "1.0"
        },
        {
            "gameTime": "2 - 01:35",
            "label": "comments",
            "category": 1,
            "position": "95000",
            "half": "2",
            "confidence": "1.0"
        },
        {
            "gameTime": "2 - 01:50",
            "label": "comments",
            "category": 0,
            "position": "110000",
            "half": "2",
            "confidence": "1.0"
        },
        {
            "gameTime": "2 - 03:01",
            "label": "comments",
            "category": 0,
            "position": "181000",
            "half": "2",
            "confidence": "1.0"
        },
        {
            "gameTime": "2 - 03:32",
            "label": "comments",
            "category": 0,
            "position": "212000",
            "half": "2",
            "confidence": "1.0"
        },
        {
            "gameTime": "2 - 03:45",
            "label": "comments",
            "category": 0,
            "position": "225000",
            "half": "2",
            "confidence": "1.0"
        },
        {
            "gameTime": "2 - 03:54",
            "label": "comments",
            "category": 0,
            "position": "234000",
            "half": "2",
            "confidence": "1.0"
        },
        {
            "gameTime": "2 - 03:56",
            "label": "comments",
            "category": 1,
            "position": "236000",
            "half": "2",
            "confidence": "1.0"
        },
        {
            "gameTime": "2 - 04:00",
            "label": "comments",
            "category": 0,
            "position": "240000",
            "half": "2",
            "confidence": "1.0"
        },
        {
            "gameTime": "2 - 04:03",
            "label": "comments",
            "category": 1,
            "position": "243000",
            "half": "2",
            "confidence": "1.0"
        },
        {
            "gameTime": "2 - 04:05",
            "label": "comments",
            "category": 0,
            "position": "245000",
            "half": "2",
            "confidence": "1.0"
        },
        {
            "gameTime": "2 - 04:22",
            "label": "comments",
            "category": 0,
            "position": "262000",
            "half": "2",
            "confidence": "1.0"
        },
        {
            "gameTime": "2 - 04:24",
            "label": "comments",
            "category": 0,
            "position": "264000",
            "half": "2",
            "confidence": "1.0"
        },
        {
            "gameTime": "2 - 04:31",
            "label": "comments",
            "category": 0,
            "position": "271000",
            "half": "2",
            "confidence": "1.0"
        },
        {
            "gameTime": "2 - 04:34",
            "label": "comments",
            "category": 0,
            "position": "274000",
            "half": "2",
            "confidence": "1.0"
        },
        {
            "gameTime": "2 - 04:55",
            "label": "comments",
            "category": 0,
            "position": "295000",
            "half": "2",
            "confidence": "1.0"
        },
        {
            "gameTime": "2 - 04:57",
            "label": "comments",
            "category": 0,
            "position": "297000",
            "half": "2",
            "confidence": "1.0"
        },
        {
            "gameTime": "2 - 04:59",
            "label": "comments",
            "category": 1,
            "position": "299000",
            "half": "2",
            "confidence": "1.0"
        },
        {
            "gameTime": "2 - 05:01",
            "label": "comments",
            "category": 1,
            "position": "301000",
            "half": "2",
            "confidence": "1.0"
        },
        {
            "gameTime": "2 - 05:04",
            "label": "comments",
            "category": 0,
            "position": "304000",
            "half": "2",
            "confidence": "1.0"
        },
        {
            "gameTime": "2 - 05:06",
            "label": "comments",
            "category": 0,
            "position": "306000",
            "half": "2",
            "confidence": "1.0"
        },
        {
            "gameTime": "2 - 05:58",
            "label": "comments",
            "category": 0,
            "position": "358000",
            "half": "2",
            "confidence": "1.0"
        },
        {
            "gameTime": "2 - 06:00",
            "label": "comments",
            "category": 0,
            "position": "360000",
            "half": "2",
            "confidence": "1.0"
        },
        {
            "gameTime": "2 - 06:16",
            "label": "comments",
            "category": 0,
            "position": "376000",
            "half": "2",
            "confidence": "1.0"
        },
        {
            "gameTime": "2 - 06:19",
            "label": "comments",
            "category": 0,
            "position": "379000",
            "half": "2",
            "confidence": "1.0"
        },
        {
            "gameTime": "2 - 06:22",
            "label": "comments",
            "category": 0,
            "position": "382000",
            "half": "2",
            "confidence": "1.0"
        },
        {
            "gameTime": "2 - 06:25",
            "label": "comments",
            "category": 0,
            "position": "385000",
            "half": "2",
            "confidence": "1.0"
        },
        {
            "gameTime": "2 - 06:28",
            "label": "comments",
            "category": 0,
            "position": "388000",
            "half": "2",
            "confidence": "1.0"
        },
        {
            "gameTime": "2 - 06:31",
            "label": "comments",
            "category": 0,
            "position": "391000",
            "half": "2",
            "confidence": "1.0"
        },
        {
            "gameTime": "2 - 06:34",
            "label": "comments",
            "category": 0,
            "position": "394000",
            "half": "2",
            "confidence": "1.0"
        },
        {
            "gameTime": "2 - 06:37",
            "label": "comments",
            "category": 1,
            "position": "397000",
            "half": "2",
            "confidence": "1.0"
        },
        {
            "gameTime": "2 - 06:40",
            "label": "comments",
            "category": 0,
            "position": "400000",
            "half": "2",
            "confidence": "1.0"
        },
        {
            "gameTime": "2 - 06:43",
            "label": "comments",
            "category": 0,
            "position": "403000",
            "half": "2",
            "confidence": "1.0"
        },
        {
            "gameTime": "2 - 06:52",
            "label": "comments",
            "category": 0,
            "position": "412000",
            "half": "2",
            "confidence": "1.0"
        },
        {
            "gameTime": "2 - 06:55",
            "label": "comments",
            "category": 0,
            "position": "415000",
            "half": "2",
            "confidence": "1.0"
        },
        {
            "gameTime": "2 - 06:58",
            "label": "comments",
            "category": 0,
            "position": "418000",
            "half": "2",
            "confidence": "1.0"
        },
        {
            "gameTime": "2 - 07:01",
            "label": "comments",
            "category": 0,
            "position": "421000",
            "half": "2",
            "confidence": "1.0"
        },
        {
            "gameTime": "2 - 07:04",
            "label": "comments",
            "category": 0,
            "position": "424000",
            "half": "2",
            "confidence": "1.0"
        },
        {
            "gameTime": "2 - 07:07",
            "label": "comments",
            "category": 0,
            "position": "427000",
            "half": "2",
            "confidence": "1.0"
        },
        {
            "gameTime": "2 - 07:10",
            "label": "comments",
            "category": 0,
            "position": "430000",
            "half": "2",
            "confidence": "1.0"
        },
        {
            "gameTime": "2 - 07:14",
            "label": "comments",
            "category": 0,
            "position": "434000",
            "half": "2",
            "confidence": "1.0"
        },
        {
            "gameTime": "2 - 07:17",
            "label": "comments",
            "category": 0,
            "position": "437000",
            "half": "2",
            "confidence": "1.0"
        },
        {
            "gameTime": "2 - 07:21",
            "label": "comments",
            "category": 0,
            "position": "441000",
            "half": "2",
            "confidence": "1.0"
        },
        {
            "gameTime": "2 - 07:24",
            "label": "comments",
            "category": 0,
            "position": "444000",
            "half": "2",
            "confidence": "1.0"
        },
        {
            "gameTime": "2 - 07:27",
            "label": "comments",
            "category": 0,
            "position": "447000",
            "half": "2",
            "confidence": "1.0"
        },
        {
            "gameTime": "2 - 07:36",
            "label": "comments",
            "category": 0,
            "position": "456000",
            "half": "2",
            "confidence": "1.0"
        },
        {
            "gameTime": "2 - 08:10",
            "label": "comments",
            "category": 0,
            "position": "490000",
            "half": "2",
            "confidence": "1.0"
        },
        {
            "gameTime": "2 - 09:00",
            "label": "comments",
            "category": 1,
            "position": "540000",
            "half": "2",
            "confidence": "1.0"
        },
        {
            "gameTime": "2 - 09:14",
            "label": "comments",
            "category": 1,
            "position": "554000",
            "half": "2",
            "confidence": "1.0"
        },
        {
            "gameTime": "2 - 09:15",
            "label": "comments",
            "category": 1,
            "position": "555000",
            "half": "2",
            "confidence": "1.0"
        },
        {
            "gameTime": "2 - 09:19",
            "label": "comments",
            "category": 0,
            "position": "559000",
            "half": "2",
            "confidence": "1.0"
        },
        {
            "gameTime": "2 - 09:24",
            "label": "comments",
            "category": 0,
            "position": "564000",
            "half": "2",
            "confidence": "1.0"
        },
        {
            "gameTime": "2 - 09:30",
            "label": "comments",
            "category": 0,
            "position": "570000",
            "half": "2",
            "confidence": "1.0"
        },
        {
            "gameTime": "2 - 09:33",
            "label": "comments",
            "category": 0,
            "position": "573000",
            "half": "2",
            "confidence": "1.0"
        },
        {
            "gameTime": "2 - 09:37",
            "label": "comments",
            "category": 1,
            "position": "577000",
            "half": "2",
            "confidence": "1.0"
        },
        {
            "gameTime": "2 - 09:51",
            "label": "comments",
            "category": 0,
            "position": "591000",
            "half": "2",
            "confidence": "1.0"
        },
        {
            "gameTime": "2 - 10:06",
            "label": "comments",
            "category": 0,
            "position": "606000",
            "half": "2",
            "confidence": "1.0"
        },
        {
            "gameTime": "2 - 10:16",
            "label": "comments",
            "category": 0,
            "position": "616000",
            "half": "2",
            "confidence": "1.0"
        },
        {
            "gameTime": "2 - 10:20",
            "label": "comments",
            "category": 0,
            "position": "620000",
            "half": "2",
            "confidence": "1.0"
        },
        {
            "gameTime": "2 - 10:27",
            "label": "comments",
            "category": 0,
            "position": "627000",
            "half": "2",
            "confidence": "1.0"
        },
        {
            "gameTime": "2 - 10:29",
            "label": "comments",
            "category": 0,
            "position": "629000",
            "half": "2",
            "confidence": "1.0"
        },
        {
            "gameTime": "2 - 10:35",
            "label": "comments",
            "category": 0,
            "position": "635000",
            "half": "2",
            "confidence": "1.0"
        },
        {
            "gameTime": "2 - 10:40",
            "label": "comments",
            "category": 0,
            "position": "640000",
            "half": "2",
            "confidence": "1.0"
        },
        {
            "gameTime": "2 - 10:59",
            "label": "comments",
            "category": 0,
            "position": "659000",
            "half": "2",
            "confidence": "1.0"
        },
        {
            "gameTime": "2 - 11:05",
            "label": "comments",
            "category": 0,
            "position": "665000",
            "half": "2",
            "confidence": "1.0"
        },
        {
            "gameTime": "2 - 11:29",
            "label": "comments",
            "category": 0,
            "position": "689000",
            "half": "2",
            "confidence": "1.0"
        },
        {
            "gameTime": "2 - 11:42",
            "label": "comments",
            "category": 0,
            "position": "702000",
            "half": "2",
            "confidence": "1.0"
        },
        {
            "gameTime": "2 - 11:59",
            "label": "comments",
            "category": 0,
            "position": "719000",
            "half": "2",
            "confidence": "1.0"
        },
        {
            "gameTime": "2 - 12:08",
            "label": "comments",
            "category": 0,
            "position": "728000",
            "half": "2",
            "confidence": "1.0"
        },
        {
            "gameTime": "2 - 12:17",
            "label": "comments",
            "category": 0,
            "position": "737000",
            "half": "2",
            "confidence": "1.0"
        },
        {
            "gameTime": "2 - 12:20",
            "label": "comments",
            "category": 0,
            "position": "740000",
            "half": "2",
            "confidence": "1.0"
        },
        {
            "gameTime": "2 - 12:27",
            "label": "comments",
            "category": 0,
            "position": "747000",
            "half": "2",
            "confidence": "1.0"
        },
        {
            "gameTime": "2 - 12:34",
            "label": "comments",
            "category": 0,
            "position": "754000",
            "half": "2",
            "confidence": "1.0"
        },
        {
            "gameTime": "2 - 12:36",
            "label": "comments",
            "category": 0,
            "position": "756000",
            "half": "2",
            "confidence": "1.0"
        },
        {
            "gameTime": "2 - 12:39",
            "label": "comments",
            "category": 1,
            "position": "759000",
            "half": "2",
            "confidence": "1.0"
        },
        {
            "gameTime": "2 - 12:40",
            "label": "comments",
            "category": 0,
            "position": "760000",
            "half": "2",
            "confidence": "1.0"
        },
        {
            "gameTime": "2 - 13:06",
            "label": "comments",
            "category": 0,
            "position": "786000",
            "half": "2",
            "confidence": "1.0"
        },
        {
            "gameTime": "2 - 13:07",
            "label": "comments",
            "category": 0,
            "position": "787000",
            "half": "2",
            "confidence": "1.0"
        },
        {
            "gameTime": "2 - 13:13",
            "label": "comments",
            "category": 0,
            "position": "793000",
            "half": "2",
            "confidence": "1.0"
        },
        {
            "gameTime": "2 - 13:26",
            "label": "comments",
            "category": 1,
            "position": "806000",
            "half": "2",
            "confidence": "1.0"
        },
        {
            "gameTime": "2 - 13:32",
            "label": "comments",
            "category": 0,
            "position": "812000",
            "half": "2",
            "confidence": "1.0"
        },
        {
            "gameTime": "2 - 13:34",
            "label": "comments",
            "category": 0,
            "position": "814000",
            "half": "2",
            "confidence": "1.0"
        },
        {
            "gameTime": "2 - 13:50",
            "label": "comments",
            "category": 0,
            "position": "830000",
            "half": "2",
            "confidence": "1.0"
        },
        {
            "gameTime": "2 - 14:03",
            "label": "comments",
            "category": 0,
            "position": "843000",
            "half": "2",
            "confidence": "1.0"
        },
        {
            "gameTime": "2 - 14:25",
            "label": "comments",
            "category": 0,
            "position": "865000",
            "half": "2",
            "confidence": "1.0"
        },
        {
            "gameTime": "2 - 14:33",
            "label": "comments",
            "category": 0,
            "position": "873000",
            "half": "2",
            "confidence": "1.0"
        },
        {
            "gameTime": "2 - 14:34",
            "label": "comments",
            "category": 1,
            "position": "874000",
            "half": "2",
            "confidence": "1.0"
        },
        {
            "gameTime": "2 - 14:42",
            "label": "comments",
            "category": 0,
            "position": "882000",
            "half": "2",
            "confidence": "1.0"
        },
        {
            "gameTime": "2 - 14:45",
            "label": "comments",
            "category": 1,
            "position": "885000",
            "half": "2",
            "confidence": "1.0"
        },
        {
            "gameTime": "2 - 14:56",
            "label": "comments",
            "category": 0,
            "position": "896000",
            "half": "2",
            "confidence": "1.0"
        },
        {
            "gameTime": "2 - 15:20",
            "label": "comments",
            "category": 0,
            "position": "920000",
            "half": "2",
            "confidence": "1.0"
        },
        {
            "gameTime": "2 - 15:35",
            "label": "comments",
            "category": 1,
            "position": "935000",
            "half": "2",
            "confidence": "1.0"
        },
        {
            "gameTime": "2 - 15:36",
            "label": "comments",
            "category": 0,
            "position": "936000",
            "half": "2",
            "confidence": "1.0"
        },
        {
            "gameTime": "2 - 15:38",
            "label": "comments",
            "category": 0,
            "position": "938000",
            "half": "2",
            "confidence": "1.0"
        },
        {
            "gameTime": "2 - 15:40",
            "label": "comments",
            "category": 0,
            "position": "940000",
            "half": "2",
            "confidence": "1.0"
        },
        {
            "gameTime": "2 - 15:46",
            "label": "comments",
            "category": 1,
            "position": "946000",
            "half": "2",
            "confidence": "1.0"
        },
        {
            "gameTime": "2 - 15:48",
            "label": "comments",
            "category": 0,
            "position": "948000",
            "half": "2",
            "confidence": "1.0"
        },
        {
            "gameTime": "2 - 15:55",
            "label": "comments",
            "category": 0,
            "position": "955000",
            "half": "2",
            "confidence": "1.0"
        },
        {
            "gameTime": "2 - 16:25",
            "label": "comments",
            "category": 0,
            "position": "985000",
            "half": "2",
            "confidence": "1.0"
        },
        {
            "gameTime": "2 - 16:41",
            "label": "comments",
            "category": 0,
            "position": "1001000",
            "half": "2",
            "confidence": "1.0"
        },
        {
            "gameTime": "2 - 16:58",
            "label": "comments",
            "category": 0,
            "position": "1018000",
            "half": "2",
            "confidence": "1.0"
        },
        {
            "gameTime": "2 - 17:07",
            "label": "comments",
            "category": 0,
            "position": "1027000",
            "half": "2",
            "confidence": "1.0"
        },
        {
            "gameTime": "2 - 17:15",
            "label": "comments",
            "category": 0,
            "position": "1035000",
            "half": "2",
            "confidence": "1.0"
        },
        {
            "gameTime": "2 - 17:24",
            "label": "comments",
            "category": 0,
            "position": "1044000",
            "half": "2",
            "confidence": "1.0"
        },
        {
            "gameTime": "2 - 17:52",
            "label": "comments",
            "category": 0,
            "position": "1072000",
            "half": "2",
            "confidence": "1.0"
        },
        {
            "gameTime": "2 - 17:53",
            "label": "comments",
            "category": 0,
            "position": "1073000",
            "half": "2",
            "confidence": "1.0"
        },
        {
            "gameTime": "2 - 18:13",
            "label": "comments",
            "category": 0,
            "position": "1093000",
            "half": "2",
            "confidence": "1.0"
        },
        {
            "gameTime": "2 - 18:14",
            "label": "comments",
            "category": 0,
            "position": "1094000",
            "half": "2",
            "confidence": "1.0"
        },
        {
            "gameTime": "2 - 18:38",
            "label": "comments",
            "category": 0,
            "position": "1118000",
            "half": "2",
            "confidence": "1.0"
        },
        {
            "gameTime": "2 - 18:42",
            "label": "comments",
            "category": 1,
            "position": "1122000",
            "half": "2",
            "confidence": "1.0"
        },
        {
            "gameTime": "2 - 18:50",
            "label": "comments",
            "category": 1,
            "position": "1130000",
            "half": "2",
            "confidence": "1.0"
        },
        {
            "gameTime": "2 - 19:50",
            "label": "comments",
            "category": 0,
            "position": "1190000",
            "half": "2",
            "confidence": "1.0"
        },
        {
            "gameTime": "2 - 19:52",
            "label": "comments",
            "category": 0,
            "position": "1192000",
            "half": "2",
            "confidence": "1.0"
        },
        {
            "gameTime": "2 - 19:57",
            "label": "comments",
            "category": 0,
            "position": "1197000",
            "half": "2",
            "confidence": "1.0"
        },
        {
            "gameTime": "2 - 19:58",
            "label": "comments",
            "category": 0,
            "position": "1198000",
            "half": "2",
            "confidence": "1.0"
        },
        {
            "gameTime": "2 - 19:59",
            "label": "comments",
            "category": 0,
            "position": "1199000",
            "half": "2",
            "confidence": "1.0"
        },
        {
            "gameTime": "2 - 20:01",
            "label": "comments",
            "category": 0,
            "position": "1201000",
            "half": "2",
            "confidence": "1.0"
        },
        {
            "gameTime": "2 - 20:03",
            "label": "comments",
            "category": 0,
            "position": "1203000",
            "half": "2",
            "confidence": "1.0"
        },
        {
            "gameTime": "2 - 20:29",
            "label": "comments",
            "category": 0,
            "position": "1229000",
            "half": "2",
            "confidence": "1.0"
        },
        {
            "gameTime": "2 - 20:49",
            "label": "comments",
            "category": 0,
            "position": "1249000",
            "half": "2",
            "confidence": "1.0"
        },
        {
            "gameTime": "2 - 21:10",
            "label": "comments",
            "category": 1,
            "position": "1270000",
            "half": "2",
            "confidence": "1.0"
        },
        {
            "gameTime": "2 - 21:48",
            "label": "comments",
            "category": 1,
            "position": "1308000",
            "half": "2",
            "confidence": "1.0"
        },
        {
            "gameTime": "2 - 21:51",
            "label": "comments",
            "category": 1,
            "position": "1311000",
            "half": "2",
            "confidence": "1.0"
        },
        {
            "gameTime": "2 - 21:55",
            "label": "comments",
            "category": 0,
            "position": "1315000",
            "half": "2",
            "confidence": "1.0"
        },
        {
            "gameTime": "2 - 22:00",
            "label": "comments",
            "category": 0,
            "position": "1320000",
            "half": "2",
            "confidence": "1.0"
        },
        {
            "gameTime": "2 - 22:12",
            "label": "comments",
            "category": 0,
            "position": "1332000",
            "half": "2",
            "confidence": "1.0"
        },
        {
            "gameTime": "2 - 22:21",
            "label": "comments",
            "category": 1,
            "position": "1341000",
            "half": "2",
            "confidence": "1.0"
        },
        {
            "gameTime": "2 - 22:29",
            "label": "comments",
            "category": 0,
            "position": "1349000",
            "half": "2",
            "confidence": "1.0"
        },
        {
            "gameTime": "2 - 22:46",
            "label": "comments",
            "category": 0,
            "position": "1366000",
            "half": "2",
            "confidence": "1.0"
        },
        {
            "gameTime": "2 - 22:53",
            "label": "comments",
            "category": 0,
            "position": "1373000",
            "half": "2",
            "confidence": "1.0"
        },
        {
            "gameTime": "2 - 22:59",
            "label": "comments",
            "category": 0,
            "position": "1379000",
            "half": "2",
            "confidence": "1.0"
        },
        {
            "gameTime": "2 - 23:22",
            "label": "comments",
            "category": 1,
            "position": "1402000",
            "half": "2",
            "confidence": "1.0"
        },
        {
            "gameTime": "2 - 23:24",
            "label": "comments",
            "category": 1,
            "position": "1404000",
            "half": "2",
            "confidence": "1.0"
        },
        {
            "gameTime": "2 - 23:38",
            "label": "comments",
            "category": 0,
            "position": "1418000",
            "half": "2",
            "confidence": "1.0"
        },
        {
            "gameTime": "2 - 23:53",
            "label": "comments",
            "category": 0,
            "position": "1433000",
            "half": "2",
            "confidence": "1.0"
        },
        {
            "gameTime": "2 - 23:55",
            "label": "comments",
            "category": 0,
            "position": "1435000",
            "half": "2",
            "confidence": "1.0"
        },
        {
            "gameTime": "2 - 23:56",
            "label": "comments",
            "category": 0,
            "position": "1436000",
            "half": "2",
            "confidence": "1.0"
        },
        {
            "gameTime": "2 - 24:25",
            "label": "comments",
            "category": 0,
            "position": "1465000",
            "half": "2",
            "confidence": "1.0"
        },
        {
            "gameTime": "2 - 24:46",
            "label": "comments",
            "category": 0,
            "position": "1486000",
            "half": "2",
            "confidence": "1.0"
        },
        {
            "gameTime": "2 - 24:51",
            "label": "comments",
            "category": 0,
            "position": "1491000",
            "half": "2",
            "confidence": "1.0"
        },
        {
            "gameTime": "2 - 25:00",
            "label": "comments",
            "category": 0,
            "position": "1500000",
            "half": "2",
            "confidence": "1.0"
        },
        {
            "gameTime": "2 - 25:02",
            "label": "comments",
            "category": 0,
            "position": "1502000",
            "half": "2",
            "confidence": "1.0"
        },
        {
            "gameTime": "2 - 25:21",
            "label": "comments",
            "category": 0,
            "position": "1521000",
            "half": "2",
            "confidence": "1.0"
        },
        {
            "gameTime": "2 - 25:26",
            "label": "comments",
            "category": 0,
            "position": "1526000",
            "half": "2",
            "confidence": "1.0"
        },
        {
            "gameTime": "2 - 25:33",
            "label": "comments",
            "category": 0,
            "position": "1533000",
            "half": "2",
            "confidence": "1.0"
        },
        {
            "gameTime": "2 - 25:39",
            "label": "comments",
            "category": 0,
            "position": "1539000",
            "half": "2",
            "confidence": "1.0"
        },
        {
            "gameTime": "2 - 25:43",
            "label": "comments",
            "category": 0,
            "position": "1543000",
            "half": "2",
            "confidence": "1.0"
        },
        {
            "gameTime": "2 - 25:45",
            "label": "comments",
            "category": 0,
            "position": "1545000",
            "half": "2",
            "confidence": "1.0"
        },
        {
            "gameTime": "2 - 25:47",
            "label": "comments",
            "category": 0,
            "position": "1547000",
            "half": "2",
            "confidence": "1.0"
        },
        {
            "gameTime": "2 - 25:52",
            "label": "comments",
            "category": 0,
            "position": "1552000",
            "half": "2",
            "confidence": "1.0"
        },
        {
            "gameTime": "2 - 25:57",
            "label": "comments",
            "category": 1,
            "position": "1557000",
            "half": "2",
            "confidence": "1.0"
        },
        {
            "gameTime": "2 - 26:01",
            "label": "comments",
            "category": 0,
            "position": "1561000",
            "half": "2",
            "confidence": "1.0"
        },
        {
            "gameTime": "2 - 26:07",
            "label": "comments",
            "category": 0,
            "position": "1567000",
            "half": "2",
            "confidence": "1.0"
        },
        {
            "gameTime": "2 - 26:17",
            "label": "comments",
            "category": 0,
            "position": "1577000",
            "half": "2",
            "confidence": "1.0"
        },
        {
            "gameTime": "2 - 26:34",
            "label": "comments",
            "category": 0,
            "position": "1594000",
            "half": "2",
            "confidence": "1.0"
        },
        {
            "gameTime": "2 - 26:35",
            "label": "comments",
            "category": 0,
            "position": "1595000",
            "half": "2",
            "confidence": "1.0"
        },
        {
            "gameTime": "2 - 26:52",
            "label": "comments",
            "category": 0,
            "position": "1612000",
            "half": "2",
            "confidence": "1.0"
        },
        {
            "gameTime": "2 - 27:06",
            "label": "comments",
            "category": 0,
            "position": "1626000",
            "half": "2",
            "confidence": "1.0"
        },
        {
            "gameTime": "2 - 27:11",
            "label": "comments",
            "category": 0,
            "position": "1631000",
            "half": "2",
            "confidence": "1.0"
        },
        {
            "gameTime": "2 - 27:13",
            "label": "comments",
            "category": 0,
            "position": "1633000",
            "half": "2",
            "confidence": "1.0"
        },
        {
            "gameTime": "2 - 27:14",
            "label": "comments",
            "category": 0,
            "position": "1634000",
            "half": "2",
            "confidence": "1.0"
        },
        {
            "gameTime": "2 - 27:35",
            "label": "comments",
            "category": 0,
            "position": "1655000",
            "half": "2",
            "confidence": "1.0"
        },
        {
            "gameTime": "2 - 27:46",
            "label": "comments",
            "category": 0,
            "position": "1666000",
            "half": "2",
            "confidence": "1.0"
        },
        {
            "gameTime": "2 - 27:52",
            "label": "comments",
            "category": 0,
            "position": "1672000",
            "half": "2",
            "confidence": "1.0"
        },
        {
            "gameTime": "2 - 28:06",
            "label": "comments",
            "category": 0,
            "position": "1686000",
            "half": "2",
            "confidence": "1.0"
        },
        {
            "gameTime": "2 - 28:14",
            "label": "comments",
            "category": 1,
            "position": "1694000",
            "half": "2",
            "confidence": "1.0"
        },
        {
            "gameTime": "2 - 28:17",
            "label": "comments",
            "category": 1,
            "position": "1697000",
            "half": "2",
            "confidence": "1.0"
        },
        {
            "gameTime": "2 - 28:25",
            "label": "comments",
            "category": 1,
            "position": "1705000",
            "half": "2",
            "confidence": "1.0"
        },
        {
            "gameTime": "2 - 28:28",
            "label": "comments",
            "category": 1,
            "position": "1708000",
            "half": "2",
            "confidence": "1.0"
        },
        {
            "gameTime": "2 - 28:30",
            "label": "comments",
            "category": 1,
            "position": "1710000",
            "half": "2",
            "confidence": "1.0"
        },
        {
            "gameTime": "2 - 28:35",
            "label": "comments",
            "category": 1,
            "position": "1715000",
            "half": "2",
            "confidence": "1.0"
        },
        {
            "gameTime": "2 - 29:00",
            "label": "comments",
            "category": 0,
            "position": "1740000",
            "half": "2",
            "confidence": "1.0"
        },
        {
            "gameTime": "2 - 29:06",
            "label": "comments",
            "category": 1,
            "position": "1746000",
            "half": "2",
            "confidence": "1.0"
        },
        {
            "gameTime": "2 - 29:09",
            "label": "comments",
            "category": 1,
            "position": "1749000",
            "half": "2",
            "confidence": "1.0"
        },
        {
            "gameTime": "2 - 29:13",
            "label": "comments",
            "category": 0,
            "position": "1753000",
            "half": "2",
            "confidence": "1.0"
        },
        {
            "gameTime": "2 - 29:16",
            "label": "comments",
            "category": 0,
            "position": "1756000",
            "half": "2",
            "confidence": "1.0"
        },
        {
            "gameTime": "2 - 29:19",
            "label": "comments",
            "category": 0,
            "position": "1759000",
            "half": "2",
            "confidence": "1.0"
        },
        {
            "gameTime": "2 - 29:22",
            "label": "comments",
            "category": 0,
            "position": "1762000",
            "half": "2",
            "confidence": "1.0"
        },
        {
            "gameTime": "2 - 30:08",
            "label": "comments",
            "category": 0,
            "position": "1808000",
            "half": "2",
            "confidence": "1.0"
        },
        {
            "gameTime": "2 - 30:25",
            "label": "comments",
            "category": 0,
            "position": "1825000",
            "half": "2",
            "confidence": "1.0"
        },
        {
            "gameTime": "2 - 30:28",
            "label": "comments",
            "category": 1,
            "position": "1828000",
            "half": "2",
            "confidence": "1.0"
        },
        {
            "gameTime": "2 - 30:50",
            "label": "comments",
            "category": 0,
            "position": "1850000",
            "half": "2",
            "confidence": "1.0"
        },
        {
            "gameTime": "2 - 30:52",
            "label": "comments",
            "category": 0,
            "position": "1852000",
            "half": "2",
            "confidence": "1.0"
        },
        {
            "gameTime": "2 - 30:58",
            "label": "comments",
            "category": 0,
            "position": "1858000",
            "half": "2",
            "confidence": "1.0"
        },
        {
            "gameTime": "2 - 31:01",
            "label": "comments",
            "category": 0,
            "position": "1861000",
            "half": "2",
            "confidence": "1.0"
        },
        {
            "gameTime": "2 - 31:22",
            "label": "comments",
            "category": 0,
            "position": "1882000",
            "half": "2",
            "confidence": "1.0"
        },
        {
            "gameTime": "2 - 31:31",
            "label": "comments",
            "category": 0,
            "position": "1891000",
            "half": "2",
            "confidence": "1.0"
        },
        {
            "gameTime": "2 - 31:34",
            "label": "comments",
            "category": 0,
            "position": "1894000",
            "half": "2",
            "confidence": "1.0"
        },
        {
            "gameTime": "2 - 31:38",
            "label": "comments",
            "category": 0,
            "position": "1898000",
            "half": "2",
            "confidence": "1.0"
        },
        {
            "gameTime": "2 - 31:41",
            "label": "comments",
            "category": 0,
            "position": "1901000",
            "half": "2",
            "confidence": "1.0"
        },
        {
            "gameTime": "2 - 31:44",
            "label": "comments",
            "category": 0,
            "position": "1904000",
            "half": "2",
            "confidence": "1.0"
        },
        {
            "gameTime": "2 - 31:47",
            "label": "comments",
            "category": 0,
            "position": "1907000",
            "half": "2",
            "confidence": "1.0"
        },
        {
            "gameTime": "2 - 32:05",
            "label": "comments",
            "category": 0,
            "position": "1925000",
            "half": "2",
            "confidence": "1.0"
        },
        {
            "gameTime": "2 - 32:08",
            "label": "comments",
            "category": 0,
            "position": "1928000",
            "half": "2",
            "confidence": "1.0"
        },
        {
            "gameTime": "2 - 32:11",
            "label": "comments",
            "category": 0,
            "position": "1931000",
            "half": "2",
            "confidence": "1.0"
        },
        {
            "gameTime": "2 - 32:14",
            "label": "comments",
            "category": 0,
            "position": "1934000",
            "half": "2",
            "confidence": "1.0"
        },
        {
            "gameTime": "2 - 32:17",
            "label": "comments",
            "category": 0,
            "position": "1937000",
            "half": "2",
            "confidence": "1.0"
        },
        {
            "gameTime": "2 - 32:20",
            "label": "comments",
            "category": 0,
            "position": "1940000",
            "half": "2",
            "confidence": "1.0"
        },
        {
            "gameTime": "2 - 32:26",
            "label": "comments",
            "category": 0,
            "position": "1946000",
            "half": "2",
            "confidence": "1.0"
        },
        {
            "gameTime": "2 - 32:39",
            "label": "comments",
            "category": 0,
            "position": "1959000",
            "half": "2",
            "confidence": "1.0"
        },
        {
            "gameTime": "2 - 32:42",
            "label": "comments",
            "category": 0,
            "position": "1962000",
            "half": "2",
            "confidence": "1.0"
        },
        {
            "gameTime": "2 - 32:47",
            "label": "comments",
            "category": 0,
            "position": "1967000",
            "half": "2",
            "confidence": "1.0"
        },
        {
            "gameTime": "2 - 32:50",
            "label": "comments",
            "category": 0,
            "position": "1970000",
            "half": "2",
            "confidence": "1.0"
        },
        {
            "gameTime": "2 - 33:01",
            "label": "comments",
            "category": 0,
            "position": "1981000",
            "half": "2",
            "confidence": "1.0"
        },
        {
            "gameTime": "2 - 33:05",
            "label": "comments",
            "category": 0,
            "position": "1985000",
            "half": "2",
            "confidence": "1.0"
        },
        {
            "gameTime": "2 - 33:11",
            "label": "comments",
            "category": 0,
            "position": "1991000",
            "half": "2",
            "confidence": "1.0"
        },
        {
            "gameTime": "2 - 33:14",
            "label": "comments",
            "category": 0,
            "position": "1994000",
            "half": "2",
            "confidence": "1.0"
        },
        {
            "gameTime": "2 - 33:41",
            "label": "comments",
            "category": 0,
            "position": "2021000",
            "half": "2",
            "confidence": "1.0"
        },
        {
            "gameTime": "2 - 33:43",
            "label": "comments",
            "category": 1,
            "position": "2023000",
            "half": "2",
            "confidence": "1.0"
        },
        {
            "gameTime": "2 - 33:49",
            "label": "comments",
            "category": 0,
            "position": "2029000",
            "half": "2",
            "confidence": "1.0"
        },
        {
            "gameTime": "2 - 33:52",
            "label": "comments",
            "category": 0,
            "position": "2032000",
            "half": "2",
            "confidence": "1.0"
        },
        {
            "gameTime": "2 - 33:55",
            "label": "comments",
            "category": 1,
            "position": "2035000",
            "half": "2",
            "confidence": "1.0"
        },
        {
            "gameTime": "2 - 34:01",
            "label": "comments",
            "category": 0,
            "position": "2041000",
            "half": "2",
            "confidence": "1.0"
        },
        {
            "gameTime": "2 - 34:07",
            "label": "comments",
            "category": 0,
            "position": "2047000",
            "half": "2",
            "confidence": "1.0"
        },
        {
            "gameTime": "2 - 34:16",
            "label": "comments",
            "category": 0,
            "position": "2056000",
            "half": "2",
            "confidence": "1.0"
        },
        {
            "gameTime": "2 - 34:25",
            "label": "comments",
            "category": 0,
            "position": "2065000",
            "half": "2",
            "confidence": "1.0"
        },
        {
            "gameTime": "2 - 34:28",
            "label": "comments",
            "category": 0,
            "position": "2068000",
            "half": "2",
            "confidence": "1.0"
        },
        {
            "gameTime": "2 - 34:43",
            "label": "comments",
            "category": 0,
            "position": "2083000",
            "half": "2",
            "confidence": "1.0"
        },
        {
            "gameTime": "2 - 34:52",
            "label": "comments",
            "category": 1,
            "position": "2092000",
            "half": "2",
            "confidence": "1.0"
        },
        {
            "gameTime": "2 - 34:55",
            "label": "comments",
            "category": 1,
            "position": "2095000",
            "half": "2",
            "confidence": "1.0"
        },
        {
            "gameTime": "2 - 34:58",
            "label": "comments",
            "category": 1,
            "position": "2098000",
            "half": "2",
            "confidence": "1.0"
        },
        {
            "gameTime": "2 - 35:01",
            "label": "comments",
            "category": 1,
            "position": "2101000",
            "half": "2",
            "confidence": "1.0"
        },
        {
            "gameTime": "2 - 35:07",
            "label": "comments",
            "category": 0,
            "position": "2107000",
            "half": "2",
            "confidence": "1.0"
        },
        {
            "gameTime": "2 - 35:10",
            "label": "comments",
            "category": 0,
            "position": "2110000",
            "half": "2",
            "confidence": "1.0"
        },
        {
            "gameTime": "2 - 35:13",
            "label": "comments",
            "category": 0,
            "position": "2113000",
            "half": "2",
            "confidence": "1.0"
        },
        {
            "gameTime": "2 - 35:19",
            "label": "comments",
            "category": 0,
            "position": "2119000",
            "half": "2",
            "confidence": "1.0"
        },
        {
            "gameTime": "2 - 35:25",
            "label": "comments",
            "category": 0,
            "position": "2125000",
            "half": "2",
            "confidence": "1.0"
        },
        {
            "gameTime": "2 - 35:28",
            "label": "comments",
            "category": 0,
            "position": "2128000",
            "half": "2",
            "confidence": "1.0"
        },
        {
            "gameTime": "2 - 35:37",
            "label": "comments",
            "category": 0,
            "position": "2137000",
            "half": "2",
            "confidence": "1.0"
        },
        {
            "gameTime": "2 - 35:39",
            "label": "comments",
            "category": 0,
            "position": "2139000",
            "half": "2",
            "confidence": "1.0"
        },
        {
            "gameTime": "2 - 35:45",
            "label": "comments",
            "category": 0,
            "position": "2145000",
            "half": "2",
            "confidence": "1.0"
        },
        {
            "gameTime": "2 - 35:48",
            "label": "comments",
            "category": 0,
            "position": "2148000",
            "half": "2",
            "confidence": "1.0"
        },
        {
            "gameTime": "2 - 35:54",
            "label": "comments",
            "category": 0,
            "position": "2154000",
            "half": "2",
            "confidence": "1.0"
        },
        {
            "gameTime": "2 - 36:09",
            "label": "comments",
            "category": 0,
            "position": "2169000",
            "half": "2",
            "confidence": "1.0"
        },
        {
            "gameTime": "2 - 36:46",
            "label": "comments",
            "category": 0,
            "position": "2206000",
            "half": "2",
            "confidence": "1.0"
        },
        {
            "gameTime": "2 - 36:49",
            "label": "comments",
            "category": 0,
            "position": "2209000",
            "half": "2",
            "confidence": "1.0"
        },
        {
            "gameTime": "2 - 36:51",
            "label": "comments",
            "category": 0,
            "position": "2211000",
            "half": "2",
            "confidence": "1.0"
        },
        {
            "gameTime": "2 - 37:09",
            "label": "comments",
            "category": 1,
            "position": "2229000",
            "half": "2",
            "confidence": "1.0"
        },
        {
            "gameTime": "2 - 37:12",
            "label": "comments",
            "category": 1,
            "position": "2232000",
            "half": "2",
            "confidence": "1.0"
        },
        {
            "gameTime": "2 - 37:15",
            "label": "comments",
            "category": 1,
            "position": "2235000",
            "half": "2",
            "confidence": "1.0"
        },
        {
            "gameTime": "2 - 37:18",
            "label": "comments",
            "category": 0,
            "position": "2238000",
            "half": "2",
            "confidence": "1.0"
        },
        {
            "gameTime": "2 - 37:27",
            "label": "comments",
            "category": 0,
            "position": "2247000",
            "half": "2",
            "confidence": "1.0"
        },
        {
            "gameTime": "2 - 37:35",
            "label": "comments",
            "category": 0,
            "position": "2255000",
            "half": "2",
            "confidence": "1.0"
        },
        {
            "gameTime": "2 - 37:41",
            "label": "comments",
            "category": 0,
            "position": "2261000",
            "half": "2",
            "confidence": "1.0"
        },
        {
            "gameTime": "2 - 37:51",
            "label": "comments",
            "category": 0,
            "position": "2271000",
            "half": "2",
            "confidence": "1.0"
        },
        {
            "gameTime": "2 - 37:57",
            "label": "comments",
            "category": 0,
            "position": "2277000",
            "half": "2",
            "confidence": "1.0"
        },
        {
            "gameTime": "2 - 38:00",
            "label": "comments",
            "category": 0,
            "position": "2280000",
            "half": "2",
            "confidence": "1.0"
        },
        {
            "gameTime": "2 - 38:03",
            "label": "comments",
            "category": 0,
            "position": "2283000",
            "half": "2",
            "confidence": "1.0"
        },
        {
            "gameTime": "2 - 38:06",
            "label": "comments",
            "category": 0,
            "position": "2286000",
            "half": "2",
            "confidence": "1.0"
        },
        {
            "gameTime": "2 - 38:09",
            "label": "comments",
            "category": 0,
            "position": "2289000",
            "half": "2",
            "confidence": "1.0"
        },
        {
            "gameTime": "2 - 38:12",
            "label": "comments",
            "category": 0,
            "position": "2292000",
            "half": "2",
            "confidence": "1.0"
        },
        {
            "gameTime": "2 - 38:15",
            "label": "comments",
            "category": 0,
            "position": "2295000",
            "half": "2",
            "confidence": "1.0"
        },
        {
            "gameTime": "2 - 38:18",
            "label": "comments",
            "category": 0,
            "position": "2298000",
            "half": "2",
            "confidence": "1.0"
        },
        {
            "gameTime": "2 - 38:25",
            "label": "comments",
            "category": 0,
            "position": "2305000",
            "half": "2",
            "confidence": "1.0"
        },
        {
            "gameTime": "2 - 38:39",
            "label": "comments",
            "category": 0,
            "position": "2319000",
            "half": "2",
            "confidence": "1.0"
        },
        {
            "gameTime": "2 - 38:45",
            "label": "comments",
            "category": 0,
            "position": "2325000",
            "half": "2",
            "confidence": "1.0"
        },
        {
            "gameTime": "2 - 38:48",
            "label": "comments",
            "category": 0,
            "position": "2328000",
            "half": "2",
            "confidence": "1.0"
        },
        {
            "gameTime": "2 - 38:51",
            "label": "comments",
            "category": 0,
            "position": "2331000",
            "half": "2",
            "confidence": "1.0"
        },
        {
            "gameTime": "2 - 38:52",
            "label": "comments",
            "category": 0,
            "position": "2332000",
            "half": "2",
            "confidence": "1.0"
        },
        {
            "gameTime": "2 - 38:54",
            "label": "comments",
            "category": 0,
            "position": "2334000",
            "half": "2",
            "confidence": "1.0"
        },
        {
            "gameTime": "2 - 38:56",
            "label": "comments",
            "category": 0,
            "position": "2336000",
            "half": "2",
            "confidence": "1.0"
        },
        {
            "gameTime": "2 - 39:22",
            "label": "comments",
            "category": 0,
            "position": "2362000",
            "half": "2",
            "confidence": "1.0"
        },
        {
            "gameTime": "2 - 39:24",
            "label": "comments",
            "category": 0,
            "position": "2364000",
            "half": "2",
            "confidence": "1.0"
        },
        {
            "gameTime": "2 - 39:43",
            "label": "comments",
            "category": 0,
            "position": "2383000",
            "half": "2",
            "confidence": "1.0"
        },
        {
            "gameTime": "2 - 39:47",
            "label": "comments",
            "category": 0,
            "position": "2387000",
            "half": "2",
            "confidence": "1.0"
        },
        {
            "gameTime": "2 - 39:52",
            "label": "comments",
            "category": 0,
            "position": "2392000",
            "half": "2",
            "confidence": "1.0"
        },
        {
            "gameTime": "2 - 39:58",
            "label": "comments",
            "category": 0,
            "position": "2398000",
            "half": "2",
            "confidence": "1.0"
        },
        {
            "gameTime": "2 - 40:02",
            "label": "comments",
            "category": 0,
            "position": "2402000",
            "half": "2",
            "confidence": "1.0"
        },
        {
            "gameTime": "2 - 40:11",
            "label": "comments",
            "category": 1,
            "position": "2411000",
            "half": "2",
            "confidence": "1.0"
        },
        {
            "gameTime": "2 - 40:15",
            "label": "comments",
            "category": 0,
            "position": "2415000",
            "half": "2",
            "confidence": "1.0"
        },
        {
            "gameTime": "2 - 40:19",
            "label": "comments",
            "category": 0,
            "position": "2419000",
            "half": "2",
            "confidence": "1.0"
        },
        {
            "gameTime": "2 - 40:21",
            "label": "comments",
            "category": 1,
            "position": "2421000",
            "half": "2",
            "confidence": "1.0"
        },
        {
            "gameTime": "2 - 40:23",
            "label": "comments",
            "category": 0,
            "position": "2423000",
            "half": "2",
            "confidence": "1.0"
        },
        {
            "gameTime": "2 - 40:29",
            "label": "comments",
            "category": 1,
            "position": "2429000",
            "half": "2",
            "confidence": "1.0"
        },
        {
            "gameTime": "2 - 40:31",
            "label": "comments",
            "category": 0,
            "position": "2431000",
            "half": "2",
            "confidence": "1.0"
        },
        {
            "gameTime": "2 - 40:35",
            "label": "comments",
            "category": 0,
            "position": "2435000",
            "half": "2",
            "confidence": "1.0"
        },
        {
            "gameTime": "2 - 40:42",
            "label": "comments",
            "category": 0,
            "position": "2442000",
            "half": "2",
            "confidence": "1.0"
        },
        {
            "gameTime": "2 - 40:43",
            "label": "comments",
            "category": 0,
            "position": "2443000",
            "half": "2",
            "confidence": "1.0"
        },
        {
            "gameTime": "2 - 40:48",
            "label": "comments",
            "category": 0,
            "position": "2448000",
            "half": "2",
            "confidence": "1.0"
        },
        {
            "gameTime": "2 - 40:54",
            "label": "comments",
            "category": 0,
            "position": "2454000",
            "half": "2",
            "confidence": "1.0"
        },
        {
            "gameTime": "2 - 40:56",
            "label": "comments",
            "category": 0,
            "position": "2456000",
            "half": "2",
            "confidence": "1.0"
        },
        {
            "gameTime": "2 - 41:00",
            "label": "comments",
            "category": 0,
            "position": "2460000",
            "half": "2",
            "confidence": "1.0"
        },
        {
            "gameTime": "2 - 41:05",
            "label": "comments",
            "category": 0,
            "position": "2465000",
            "half": "2",
            "confidence": "1.0"
        },
        {
            "gameTime": "2 - 41:29",
            "label": "comments",
            "category": 0,
            "position": "2489000",
            "half": "2",
            "confidence": "1.0"
        },
        {
            "gameTime": "2 - 41:32",
            "label": "comments",
            "category": 0,
            "position": "2492000",
            "half": "2",
            "confidence": "1.0"
        },
        {
            "gameTime": "2 - 41:48",
            "label": "comments",
            "category": 0,
            "position": "2508000",
            "half": "2",
            "confidence": "1.0"
        },
        {
            "gameTime": "2 - 41:50",
            "label": "comments",
            "category": 0,
            "position": "2510000",
            "half": "2",
            "confidence": "1.0"
        },
        {
            "gameTime": "2 - 42:23",
            "label": "comments",
            "category": 0,
            "position": "2543000",
            "half": "2",
            "confidence": "1.0"
        },
        {
            "gameTime": "2 - 42:24",
            "label": "comments",
            "category": 0,
            "position": "2544000",
            "half": "2",
            "confidence": "1.0"
        },
        {
            "gameTime": "2 - 42:28",
            "label": "comments",
            "category": 0,
            "position": "2548000",
            "half": "2",
            "confidence": "1.0"
        },
        {
            "gameTime": "2 - 42:53",
            "label": "comments",
            "category": 0,
            "position": "2573000",
            "half": "2",
            "confidence": "1.0"
        },
        {
            "gameTime": "2 - 42:54",
            "label": "comments",
            "category": 1,
            "position": "2574000",
            "half": "2",
            "confidence": "1.0"
        },
        {
            "gameTime": "2 - 43:14",
            "label": "comments",
            "category": 0,
            "position": "2594000",
            "half": "2",
            "confidence": "1.0"
        },
        {
            "gameTime": "2 - 43:15",
            "label": "comments",
            "category": 0,
            "position": "2595000",
            "half": "2",
            "confidence": "1.0"
        },
        {
            "gameTime": "2 - 43:18",
            "label": "comments",
            "category": 0,
            "position": "2598000",
            "half": "2",
            "confidence": "1.0"
        },
        {
            "gameTime": "2 - 43:22",
            "label": "comments",
            "category": 0,
            "position": "2602000",
            "half": "2",
            "confidence": "1.0"
        },
        {
            "gameTime": "2 - 43:24",
            "label": "comments",
            "category": 0,
            "position": "2604000",
            "half": "2",
            "confidence": "1.0"
        },
        {
            "gameTime": "2 - 43:27",
            "label": "comments",
            "category": 0,
            "position": "2607000",
            "half": "2",
            "confidence": "1.0"
        },
        {
            "gameTime": "2 - 43:34",
            "label": "comments",
            "category": 0,
            "position": "2614000",
            "half": "2",
            "confidence": "1.0"
        },
        {
            "gameTime": "2 - 43:39",
            "label": "comments",
            "category": 0,
            "position": "2619000",
            "half": "2",
            "confidence": "1.0"
        },
        {
            "gameTime": "2 - 43:44",
            "label": "comments",
            "category": 1,
            "position": "2624000",
            "half": "2",
            "confidence": "1.0"
        },
        {
            "gameTime": "2 - 43:46",
            "label": "comments",
            "category": 1,
            "position": "2626000",
            "half": "2",
            "confidence": "1.0"
        },
        {
            "gameTime": "2 - 43:48",
            "label": "comments",
            "category": 0,
            "position": "2628000",
            "half": "2",
            "confidence": "1.0"
        },
        {
            "gameTime": "2 - 43:55",
            "label": "comments",
            "category": 1,
            "position": "2635000",
            "half": "2",
            "confidence": "1.0"
        },
        {
            "gameTime": "2 - 44:02",
            "label": "comments",
            "category": 1,
            "position": "2642000",
            "half": "2",
            "confidence": "1.0"
        },
        {
            "gameTime": "2 - 44:13",
            "label": "comments",
            "category": 0,
            "position": "2653000",
            "half": "2",
            "confidence": "1.0"
        },
        {
            "gameTime": "2 - 44:17",
            "label": "comments",
            "category": 1,
            "position": "2657000",
            "half": "2",
            "confidence": "1.0"
        },
        {
            "gameTime": "2 - 44:36",
            "label": "comments",
            "category": 0,
            "position": "2676000",
            "half": "2",
            "confidence": "1.0"
        },
        {
            "gameTime": "2 - 44:37",
            "label": "comments",
            "category": 0,
            "position": "2677000",
            "half": "2",
            "confidence": "1.0"
        },
        {
            "gameTime": "2 - 44:39",
            "label": "comments",
            "category": 0,
            "position": "2679000",
            "half": "2",
            "confidence": "1.0"
        },
        {
            "gameTime": "2 - 44:44",
            "label": "comments",
            "category": 1,
            "position": "2684000",
            "half": "2",
            "confidence": "1.0"
        }
    ],
    "game": "germany_bundesliga/2016-2017/2016-10-01 - 19-30 Bayer Leverkusen 2 - 0 Dortmund"
}