{
    "predictions": [
        {
            "gameTime": "1 - 00:00",
            "label": "comments",
            "category": 0,
            "position": "0",
            "half": "1",
            "confidence": "1.0"
        },
        {
            "gameTime": "2 - 00:00",
            "label": "comments",
            "category": 0,
            "position": "0",
            "half": "2",
            "confidence": "1.0"
        },
        {
            "gameTime": "2 - 00:09",
            "label": "comments",
            "category": 0,
            "position": "9000",
            "half": "2",
            "confidence": "1.0"
        },
        {
            "gameTime": "2 - 00:21",
            "label": "comments",
            "category": 0,
            "position": "21000",
            "half": "2",
            "confidence": "1.0"
        },
        {
            "gameTime": "2 - 00:21",
            "label": "comments",
            "category": 1,
            "position": "21000",
            "half": "2",
            "confidence": "1.0"
        },
        {
            "gameTime": "2 - 00:34",
            "label": "comments",
            "category": 1,
            "position": "34000",
            "half": "2",
            "confidence": "1.0"
        },
        {
            "gameTime": "2 - 00:44",
            "label": "comments",
            "category": 0,
            "position": "44000",
            "half": "2",
            "confidence": "1.0"
        },
        {
            "gameTime": "2 - 00:53",
            "label": "comments",
            "category": 1,
            "position": "53000",
            "half": "2",
            "confidence": "1.0"
        },
        {
            "gameTime": "2 - 01:07",
            "label": "comments",
            "category": 0,
            "position": "67000",
            "half": "2",
            "confidence": "1.0"
        },
        {
            "gameTime": "2 - 01:13",
            "label": "comments",
            "category": 0,
            "position": "73000",
            "half": "2",
            "confidence": "1.0"
        },
        {
            "gameTime": "2 - 01:13",
            "label": "comments",
            "category": 1,
            "position": "73000",
            "half": "2",
            "confidence": "1.0"
        },
        {
            "gameTime": "2 - 01:19",
            "label": "comments",
            "category": 1,
            "position": "79000",
            "half": "2",
            "confidence": "1.0"
        },
        {
            "gameTime": "2 - 01:27",
            "label": "comments",
            "category": 0,
            "position": "87000",
            "half": "2",
            "confidence": "1.0"
        },
        {
            "gameTime": "2 - 01:34",
            "label": "comments",
            "category": 0,
            "position": "94000",
            "half": "2",
            "confidence": "1.0"
        },
        {
            "gameTime": "2 - 01:38",
            "label": "comments",
            "category": 1,
            "position": "98000",
            "half": "2",
            "confidence": "1.0"
        },
        {
            "gameTime": "2 - 01:43",
            "label": "comments",
            "category": 1,
            "position": "103000",
            "half": "2",
            "confidence": "1.0"
        },
        {
            "gameTime": "2 - 01:50",
            "label": "comments",
            "category": 1,
            "position": "110000",
            "half": "2",
            "confidence": "1.0"
        },
        {
            "gameTime": "2 - 01:58",
            "label": "comments",
            "category": 1,
            "position": "118000",
            "half": "2",
            "confidence": "1.0"
        },
        {
            "gameTime": "2 - 02:08",
            "label": "comments",
            "category": 1,
            "position": "128000",
            "half": "2",
            "confidence": "1.0"
        },
        {
            "gameTime": "2 - 02:12",
            "label": "comments",
            "category": 1,
            "position": "132000",
            "half": "2",
            "confidence": "1.0"
        },
        {
            "gameTime": "2 - 02:22",
            "label": "comments",
            "category": 1,
            "position": "142000",
            "half": "2",
            "confidence": "1.0"
        },
        {
            "gameTime": "2 - 02:29",
            "label": "comments",
            "category": 0,
            "position": "149000",
            "half": "2",
            "confidence": "1.0"
        },
        {
            "gameTime": "2 - 02:37",
            "label": "comments",
            "category": 0,
            "position": "157000",
            "half": "2",
            "confidence": "1.0"
        },
        {
            "gameTime": "2 - 02:46",
            "label": "comments",
            "category": 0,
            "position": "166000",
            "half": "2",
            "confidence": "1.0"
        },
        {
            "gameTime": "2 - 02:46",
            "label": "comments",
            "category": 1,
            "position": "166000",
            "half": "2",
            "confidence": "1.0"
        },
        {
            "gameTime": "2 - 03:05",
            "label": "comments",
            "category": 0,
            "position": "185000",
            "half": "2",
            "confidence": "1.0"
        },
        {
            "gameTime": "2 - 03:15",
            "label": "comments",
            "category": 0,
            "position": "195000",
            "half": "2",
            "confidence": "1.0"
        },
        {
            "gameTime": "2 - 03:26",
            "label": "comments",
            "category": 0,
            "position": "206000",
            "half": "2",
            "confidence": "1.0"
        },
        {
            "gameTime": "2 - 03:30",
            "label": "comments",
            "category": 0,
            "position": "210000",
            "half": "2",
            "confidence": "1.0"
        },
        {
            "gameTime": "2 - 03:37",
            "label": "comments",
            "category": 0,
            "position": "217000",
            "half": "2",
            "confidence": "1.0"
        },
        {
            "gameTime": "2 - 03:43",
            "label": "comments",
            "category": 0,
            "position": "223000",
            "half": "2",
            "confidence": "1.0"
        },
        {
            "gameTime": "2 - 03:48",
            "label": "comments",
            "category": 0,
            "position": "228000",
            "half": "2",
            "confidence": "1.0"
        },
        {
            "gameTime": "2 - 04:07",
            "label": "comments",
            "category": 0,
            "position": "247000",
            "half": "2",
            "confidence": "1.0"
        },
        {
            "gameTime": "2 - 04:37",
            "label": "comments",
            "category": 0,
            "position": "277000",
            "half": "2",
            "confidence": "1.0"
        },
        {
            "gameTime": "2 - 05:07",
            "label": "comments",
            "category": 0,
            "position": "307000",
            "half": "2",
            "confidence": "1.0"
        },
        {
            "gameTime": "2 - 05:22",
            "label": "comments",
            "category": 0,
            "position": "322000",
            "half": "2",
            "confidence": "1.0"
        },
        {
            "gameTime": "2 - 05:31",
            "label": "comments",
            "category": 0,
            "position": "331000",
            "half": "2",
            "confidence": "1.0"
        },
        {
            "gameTime": "2 - 05:45",
            "label": "comments",
            "category": 0,
            "position": "345000",
            "half": "2",
            "confidence": "1.0"
        },
        {
            "gameTime": "2 - 05:53",
            "label": "comments",
            "category": 0,
            "position": "353000",
            "half": "2",
            "confidence": "1.0"
        },
        {
            "gameTime": "2 - 06:00",
            "label": "comments",
            "category": 1,
            "position": "360000",
            "half": "2",
            "confidence": "1.0"
        },
        {
            "gameTime": "2 - 06:05",
            "label": "comments",
            "category": 1,
            "position": "365000",
            "half": "2",
            "confidence": "1.0"
        },
        {
            "gameTime": "2 - 06:12",
            "label": "comments",
            "category": 0,
            "position": "372000",
            "half": "2",
            "confidence": "1.0"
        },
        {
            "gameTime": "2 - 06:18",
            "label": "comments",
            "category": 0,
            "position": "378000",
            "half": "2",
            "confidence": "1.0"
        },
        {
            "gameTime": "2 - 06:26",
            "label": "comments",
            "category": 0,
            "position": "386000",
            "half": "2",
            "confidence": "1.0"
        },
        {
            "gameTime": "2 - 06:56",
            "label": "comments",
            "category": 1,
            "position": "416000",
            "half": "2",
            "confidence": "1.0"
        },
        {
            "gameTime": "2 - 07:47",
            "label": "comments",
            "category": 0,
            "position": "467000",
            "half": "2",
            "confidence": "1.0"
        },
        {
            "gameTime": "2 - 07:56",
            "label": "comments",
            "category": 0,
            "position": "476000",
            "half": "2",
            "confidence": "1.0"
        },
        {
            "gameTime": "2 - 07:56",
            "label": "comments",
            "category": 1,
            "position": "476000",
            "half": "2",
            "confidence": "1.0"
        },
        {
            "gameTime": "2 - 08:04",
            "label": "comments",
            "category": 0,
            "position": "484000",
            "half": "2",
            "confidence": "1.0"
        },
        {
            "gameTime": "2 - 08:10",
            "label": "comments",
            "category": 0,
            "position": "490000",
            "half": "2",
            "confidence": "1.0"
        },
        {
            "gameTime": "2 - 08:16",
            "label": "comments",
            "category": 0,
            "position": "496000",
            "half": "2",
            "confidence": "1.0"
        },
        {
            "gameTime": "2 - 22:04",
            "label": "comments",
            "category": 0,
            "position": "1324000",
            "half": "2",
            "confidence": "1.0"
        },
        {
            "gameTime": "2 - 22:34",
            "label": "comments",
            "category": 0,
            "position": "1354000",
            "half": "2",
            "confidence": "1.0"
        },
        {
            "gameTime": "2 - 23:04",
            "label": "comments",
            "category": 0,
            "position": "1384000",
            "half": "2",
            "confidence": "1.0"
        },
        {
            "gameTime": "2 - 23:34",
            "label": "comments",
            "category": 0,
            "position": "1414000",
            "half": "2",
            "confidence": "1.0"
        },
        {
            "gameTime": "2 - 24:04",
            "label": "comments",
            "category": 0,
            "position": "1444000",
            "half": "2",
            "confidence": "1.0"
        },
        {
            "gameTime": "2 - 24:34",
            "label": "comments",
            "category": 1,
            "position": "1474000",
            "half": "2",
            "confidence": "1.0"
        },
        {
            "gameTime": "2 - 35:39",
            "label": "comments",
            "category": 0,
            "position": "2139000",
            "half": "2",
            "confidence": "1.0"
        },
        {
            "gameTime": "2 - 35:40",
            "label": "comments",
            "category": 0,
            "position": "2140000",
            "half": "2",
            "confidence": "1.0"
        },
        {
            "gameTime": "2 - 35:51",
            "label": "comments",
            "category": 0,
            "position": "2151000",
            "half": "2",
            "confidence": "1.0"
        },
        {
            "gameTime": "2 - 39:04",
            "label": "comments",
            "category": 0,
            "position": "2344000",
            "half": "2",
            "confidence": "1.0"
        },
        {
            "gameTime": "2 - 39:10",
            "label": "comments",
            "category": 0,
            "position": "2350000",
            "half": "2",
            "confidence": "1.0"
        },
        {
            "gameTime": "2 - 39:33",
            "label": "comments",
            "category": 0,
            "position": "2373000",
            "half": "2",
            "confidence": "1.0"
        }
    ],
    "game": "italy_serie-a/2015-2016/2015-09-27 - 21-45 Inter 1 - 4 Fiorentina"
}