{
    "predictions": [
        {
            "gameTime": "1 - 00:00",
            "label": "comments",
            "category": 0,
            "position": "0",
            "half": "1",
            "confidence": "1.0"
        },
        {
            "gameTime": "1 - 00:07",
            "label": "comments",
            "category": 0,
            "position": "7000",
            "half": "1",
            "confidence": "1.0"
        },
        {
            "gameTime": "1 - 00:14",
            "label": "comments",
            "category": 0,
            "position": "14000",
            "half": "1",
            "confidence": "1.0"
        },
        {
            "gameTime": "1 - 00:17",
            "label": "comments",
            "category": 0,
            "position": "17000",
            "half": "1",
            "confidence": "1.0"
        },
        {
            "gameTime": "1 - 00:26",
            "label": "comments",
            "category": 0,
            "position": "26000",
            "half": "1",
            "confidence": "1.0"
        },
        {
            "gameTime": "1 - 00:29",
            "label": "comments",
            "category": 0,
            "position": "29000",
            "half": "1",
            "confidence": "1.0"
        },
        {
            "gameTime": "1 - 00:33",
            "label": "comments",
            "category": 0,
            "position": "33000",
            "half": "1",
            "confidence": "1.0"
        },
        {
            "gameTime": "1 - 00:53",
            "label": "comments",
            "category": 1,
            "position": "53000",
            "half": "1",
            "confidence": "1.0"
        },
        {
            "gameTime": "1 - 01:07",
            "label": "comments",
            "category": 1,
            "position": "67000",
            "half": "1",
            "confidence": "1.0"
        },
        {
            "gameTime": "1 - 01:12",
            "label": "comments",
            "category": 0,
            "position": "72000",
            "half": "1",
            "confidence": "1.0"
        },
        {
            "gameTime": "1 - 01:23",
            "label": "comments",
            "category": 0,
            "position": "83000",
            "half": "1",
            "confidence": "1.0"
        },
        {
            "gameTime": "1 - 01:33",
            "label": "comments",
            "category": 1,
            "position": "93000",
            "half": "1",
            "confidence": "1.0"
        },
        {
            "gameTime": "1 - 01:38",
            "label": "comments",
            "category": 0,
            "position": "98000",
            "half": "1",
            "confidence": "1.0"
        },
        {
            "gameTime": "1 - 01:53",
            "label": "comments",
            "category": 0,
            "position": "113000",
            "half": "1",
            "confidence": "1.0"
        },
        {
            "gameTime": "1 - 01:59",
            "label": "comments",
            "category": 0,
            "position": "119000",
            "half": "1",
            "confidence": "1.0"
        },
        {
            "gameTime": "1 - 02:05",
            "label": "comments",
            "category": 0,
            "position": "125000",
            "half": "1",
            "confidence": "1.0"
        },
        {
            "gameTime": "1 - 02:08",
            "label": "comments",
            "category": 0,
            "position": "128000",
            "half": "1",
            "confidence": "1.0"
        },
        {
            "gameTime": "1 - 02:11",
            "label": "comments",
            "category": 0,
            "position": "131000",
            "half": "1",
            "confidence": "1.0"
        },
        {
            "gameTime": "1 - 02:14",
            "label": "comments",
            "category": 0,
            "position": "134000",
            "half": "1",
            "confidence": "1.0"
        },
        {
            "gameTime": "1 - 02:17",
            "label": "comments",
            "category": 0,
            "position": "137000",
            "half": "1",
            "confidence": "1.0"
        },
        {
            "gameTime": "1 - 02:20",
            "label": "comments",
            "category": 0,
            "position": "140000",
            "half": "1",
            "confidence": "1.0"
        },
        {
            "gameTime": "1 - 02:29",
            "label": "comments",
            "category": 0,
            "position": "149000",
            "half": "1",
            "confidence": "1.0"
        },
        {
            "gameTime": "1 - 02:33",
            "label": "comments",
            "category": 0,
            "position": "153000",
            "half": "1",
            "confidence": "1.0"
        },
        {
            "gameTime": "1 - 02:47",
            "label": "comments",
            "category": 0,
            "position": "167000",
            "half": "1",
            "confidence": "1.0"
        },
        {
            "gameTime": "1 - 02:57",
            "label": "comments",
            "category": 0,
            "position": "177000",
            "half": "1",
            "confidence": "1.0"
        },
        {
            "gameTime": "1 - 03:02",
            "label": "comments",
            "category": 0,
            "position": "182000",
            "half": "1",
            "confidence": "1.0"
        },
        {
            "gameTime": "1 - 03:07",
            "label": "comments",
            "category": 0,
            "position": "187000",
            "half": "1",
            "confidence": "1.0"
        },
        {
            "gameTime": "1 - 03:11",
            "label": "comments",
            "category": 0,
            "position": "191000",
            "half": "1",
            "confidence": "1.0"
        },
        {
            "gameTime": "1 - 03:11",
            "label": "comments",
            "category": 1,
            "position": "191000",
            "half": "1",
            "confidence": "1.0"
        },
        {
            "gameTime": "1 - 03:13",
            "label": "comments",
            "category": 0,
            "position": "193000",
            "half": "1",
            "confidence": "1.0"
        },
        {
            "gameTime": "1 - 03:26",
            "label": "comments",
            "category": 0,
            "position": "206000",
            "half": "1",
            "confidence": "1.0"
        },
        {
            "gameTime": "1 - 03:29",
            "label": "comments",
            "category": 0,
            "position": "209000",
            "half": "1",
            "confidence": "1.0"
        },
        {
            "gameTime": "1 - 03:32",
            "label": "comments",
            "category": 0,
            "position": "212000",
            "half": "1",
            "confidence": "1.0"
        },
        {
            "gameTime": "1 - 03:35",
            "label": "comments",
            "category": 0,
            "position": "215000",
            "half": "1",
            "confidence": "1.0"
        },
        {
            "gameTime": "1 - 03:37",
            "label": "comments",
            "category": 0,
            "position": "217000",
            "half": "1",
            "confidence": "1.0"
        },
        {
            "gameTime": "1 - 03:41",
            "label": "comments",
            "category": 0,
            "position": "221000",
            "half": "1",
            "confidence": "1.0"
        },
        {
            "gameTime": "1 - 03:45",
            "label": "comments",
            "category": 0,
            "position": "225000",
            "half": "1",
            "confidence": "1.0"
        },
        {
            "gameTime": "1 - 03:47",
            "label": "comments",
            "category": 0,
            "position": "227000",
            "half": "1",
            "confidence": "1.0"
        },
        {
            "gameTime": "1 - 03:49",
            "label": "comments",
            "category": 0,
            "position": "229000",
            "half": "1",
            "confidence": "1.0"
        },
        {
            "gameTime": "1 - 03:53",
            "label": "comments",
            "category": 0,
            "position": "233000",
            "half": "1",
            "confidence": "1.0"
        },
        {
            "gameTime": "1 - 03:57",
            "label": "comments",
            "category": 0,
            "position": "237000",
            "half": "1",
            "confidence": "1.0"
        },
        {
            "gameTime": "1 - 04:00",
            "label": "comments",
            "category": 0,
            "position": "240000",
            "half": "1",
            "confidence": "1.0"
        },
        {
            "gameTime": "1 - 04:02",
            "label": "comments",
            "category": 0,
            "position": "242000",
            "half": "1",
            "confidence": "1.0"
        },
        {
            "gameTime": "1 - 04:05",
            "label": "comments",
            "category": 0,
            "position": "245000",
            "half": "1",
            "confidence": "1.0"
        },
        {
            "gameTime": "1 - 04:07",
            "label": "comments",
            "category": 0,
            "position": "247000",
            "half": "1",
            "confidence": "1.0"
        },
        {
            "gameTime": "1 - 04:09",
            "label": "comments",
            "category": 0,
            "position": "249000",
            "half": "1",
            "confidence": "1.0"
        },
        {
            "gameTime": "1 - 04:18",
            "label": "comments",
            "category": 0,
            "position": "258000",
            "half": "1",
            "confidence": "1.0"
        },
        {
            "gameTime": "1 - 04:24",
            "label": "comments",
            "category": 0,
            "position": "264000",
            "half": "1",
            "confidence": "1.0"
        },
        {
            "gameTime": "1 - 04:27",
            "label": "comments",
            "category": 1,
            "position": "267000",
            "half": "1",
            "confidence": "1.0"
        },
        {
            "gameTime": "1 - 04:39",
            "label": "comments",
            "category": 0,
            "position": "279000",
            "half": "1",
            "confidence": "1.0"
        },
        {
            "gameTime": "1 - 04:45",
            "label": "comments",
            "category": 0,
            "position": "285000",
            "half": "1",
            "confidence": "1.0"
        },
        {
            "gameTime": "1 - 04:49",
            "label": "comments",
            "category": 0,
            "position": "289000",
            "half": "1",
            "confidence": "1.0"
        },
        {
            "gameTime": "1 - 04:55",
            "label": "comments",
            "category": 0,
            "position": "295000",
            "half": "1",
            "confidence": "1.0"
        },
        {
            "gameTime": "1 - 04:57",
            "label": "comments",
            "category": 0,
            "position": "297000",
            "half": "1",
            "confidence": "1.0"
        },
        {
            "gameTime": "1 - 05:02",
            "label": "comments",
            "category": 0,
            "position": "302000",
            "half": "1",
            "confidence": "1.0"
        },
        {
            "gameTime": "1 - 05:04",
            "label": "comments",
            "category": 0,
            "position": "304000",
            "half": "1",
            "confidence": "1.0"
        },
        {
            "gameTime": "1 - 05:06",
            "label": "comments",
            "category": 0,
            "position": "306000",
            "half": "1",
            "confidence": "1.0"
        },
        {
            "gameTime": "1 - 05:09",
            "label": "comments",
            "category": 0,
            "position": "309000",
            "half": "1",
            "confidence": "1.0"
        },
        {
            "gameTime": "1 - 05:22",
            "label": "comments",
            "category": 0,
            "position": "322000",
            "half": "1",
            "confidence": "1.0"
        },
        {
            "gameTime": "1 - 05:25",
            "label": "comments",
            "category": 0,
            "position": "325000",
            "half": "1",
            "confidence": "1.0"
        },
        {
            "gameTime": "1 - 05:27",
            "label": "comments",
            "category": 0,
            "position": "327000",
            "half": "1",
            "confidence": "1.0"
        },
        {
            "gameTime": "1 - 05:43",
            "label": "comments",
            "category": 0,
            "position": "343000",
            "half": "1",
            "confidence": "1.0"
        },
        {
            "gameTime": "1 - 05:58",
            "label": "comments",
            "category": 1,
            "position": "358000",
            "half": "1",
            "confidence": "1.0"
        },
        {
            "gameTime": "1 - 06:03",
            "label": "comments",
            "category": 0,
            "position": "363000",
            "half": "1",
            "confidence": "1.0"
        },
        {
            "gameTime": "1 - 06:08",
            "label": "comments",
            "category": 0,
            "position": "368000",
            "half": "1",
            "confidence": "1.0"
        },
        {
            "gameTime": "1 - 06:10",
            "label": "comments",
            "category": 0,
            "position": "370000",
            "half": "1",
            "confidence": "1.0"
        },
        {
            "gameTime": "1 - 06:38",
            "label": "comments",
            "category": 1,
            "position": "398000",
            "half": "1",
            "confidence": "1.0"
        },
        {
            "gameTime": "1 - 06:55",
            "label": "comments",
            "category": 0,
            "position": "415000",
            "half": "1",
            "confidence": "1.0"
        },
        {
            "gameTime": "1 - 06:59",
            "label": "comments",
            "category": 0,
            "position": "419000",
            "half": "1",
            "confidence": "1.0"
        },
        {
            "gameTime": "1 - 07:13",
            "label": "comments",
            "category": 0,
            "position": "433000",
            "half": "1",
            "confidence": "1.0"
        },
        {
            "gameTime": "1 - 07:15",
            "label": "comments",
            "category": 0,
            "position": "435000",
            "half": "1",
            "confidence": "1.0"
        },
        {
            "gameTime": "1 - 07:17",
            "label": "comments",
            "category": 0,
            "position": "437000",
            "half": "1",
            "confidence": "1.0"
        },
        {
            "gameTime": "1 - 07:20",
            "label": "comments",
            "category": 0,
            "position": "440000",
            "half": "1",
            "confidence": "1.0"
        },
        {
            "gameTime": "1 - 07:24",
            "label": "comments",
            "category": 0,
            "position": "444000",
            "half": "1",
            "confidence": "1.0"
        },
        {
            "gameTime": "1 - 07:26",
            "label": "comments",
            "category": 0,
            "position": "446000",
            "half": "1",
            "confidence": "1.0"
        },
        {
            "gameTime": "1 - 07:28",
            "label": "comments",
            "category": 0,
            "position": "448000",
            "half": "1",
            "confidence": "1.0"
        },
        {
            "gameTime": "1 - 07:30",
            "label": "comments",
            "category": 0,
            "position": "450000",
            "half": "1",
            "confidence": "1.0"
        },
        {
            "gameTime": "1 - 07:38",
            "label": "comments",
            "category": 0,
            "position": "458000",
            "half": "1",
            "confidence": "1.0"
        },
        {
            "gameTime": "1 - 07:40",
            "label": "comments",
            "category": 0,
            "position": "460000",
            "half": "1",
            "confidence": "1.0"
        },
        {
            "gameTime": "1 - 07:44",
            "label": "comments",
            "category": 0,
            "position": "464000",
            "half": "1",
            "confidence": "1.0"
        },
        {
            "gameTime": "1 - 07:46",
            "label": "comments",
            "category": 0,
            "position": "466000",
            "half": "1",
            "confidence": "1.0"
        },
        {
            "gameTime": "1 - 08:02",
            "label": "comments",
            "category": 0,
            "position": "482000",
            "half": "1",
            "confidence": "1.0"
        },
        {
            "gameTime": "1 - 08:06",
            "label": "comments",
            "category": 0,
            "position": "486000",
            "half": "1",
            "confidence": "1.0"
        },
        {
            "gameTime": "1 - 08:08",
            "label": "comments",
            "category": 0,
            "position": "488000",
            "half": "1",
            "confidence": "1.0"
        },
        {
            "gameTime": "1 - 08:10",
            "label": "comments",
            "category": 0,
            "position": "490000",
            "half": "1",
            "confidence": "1.0"
        },
        {
            "gameTime": "1 - 08:12",
            "label": "comments",
            "category": 0,
            "position": "492000",
            "half": "1",
            "confidence": "1.0"
        },
        {
            "gameTime": "1 - 08:15",
            "label": "comments",
            "category": 0,
            "position": "495000",
            "half": "1",
            "confidence": "1.0"
        },
        {
            "gameTime": "1 - 08:49",
            "label": "comments",
            "category": 0,
            "position": "529000",
            "half": "1",
            "confidence": "1.0"
        },
        {
            "gameTime": "1 - 09:01",
            "label": "comments",
            "category": 1,
            "position": "541000",
            "half": "1",
            "confidence": "1.0"
        },
        {
            "gameTime": "1 - 09:06",
            "label": "comments",
            "category": 0,
            "position": "546000",
            "half": "1",
            "confidence": "1.0"
        },
        {
            "gameTime": "1 - 09:06",
            "label": "comments",
            "category": 1,
            "position": "546000",
            "half": "1",
            "confidence": "1.0"
        },
        {
            "gameTime": "1 - 09:43",
            "label": "comments",
            "category": 0,
            "position": "583000",
            "half": "1",
            "confidence": "1.0"
        },
        {
            "gameTime": "1 - 10:06",
            "label": "comments",
            "category": 0,
            "position": "606000",
            "half": "1",
            "confidence": "1.0"
        },
        {
            "gameTime": "1 - 10:16",
            "label": "comments",
            "category": 0,
            "position": "616000",
            "half": "1",
            "confidence": "1.0"
        },
        {
            "gameTime": "1 - 10:23",
            "label": "comments",
            "category": 0,
            "position": "623000",
            "half": "1",
            "confidence": "1.0"
        },
        {
            "gameTime": "1 - 10:36",
            "label": "comments",
            "category": 0,
            "position": "636000",
            "half": "1",
            "confidence": "1.0"
        },
        {
            "gameTime": "1 - 10:51",
            "label": "comments",
            "category": 0,
            "position": "651000",
            "half": "1",
            "confidence": "1.0"
        },
        {
            "gameTime": "1 - 11:06",
            "label": "comments",
            "category": 0,
            "position": "666000",
            "half": "1",
            "confidence": "1.0"
        },
        {
            "gameTime": "1 - 11:14",
            "label": "comments",
            "category": 0,
            "position": "674000",
            "half": "1",
            "confidence": "1.0"
        },
        {
            "gameTime": "1 - 11:21",
            "label": "comments",
            "category": 0,
            "position": "681000",
            "half": "1",
            "confidence": "1.0"
        },
        {
            "gameTime": "1 - 11:52",
            "label": "comments",
            "category": 0,
            "position": "712000",
            "half": "1",
            "confidence": "1.0"
        },
        {
            "gameTime": "1 - 12:12",
            "label": "comments",
            "category": 0,
            "position": "732000",
            "half": "1",
            "confidence": "1.0"
        },
        {
            "gameTime": "1 - 12:29",
            "label": "comments",
            "category": 0,
            "position": "749000",
            "half": "1",
            "confidence": "1.0"
        },
        {
            "gameTime": "1 - 13:44",
            "label": "comments",
            "category": 0,
            "position": "824000",
            "half": "1",
            "confidence": "1.0"
        },
        {
            "gameTime": "1 - 13:59",
            "label": "comments",
            "category": 0,
            "position": "839000",
            "half": "1",
            "confidence": "1.0"
        },
        {
            "gameTime": "1 - 14:20",
            "label": "comments",
            "category": 0,
            "position": "860000",
            "half": "1",
            "confidence": "1.0"
        },
        {
            "gameTime": "1 - 14:29",
            "label": "comments",
            "category": 0,
            "position": "869000",
            "half": "1",
            "confidence": "1.0"
        },
        {
            "gameTime": "1 - 14:38",
            "label": "comments",
            "category": 0,
            "position": "878000",
            "half": "1",
            "confidence": "1.0"
        },
        {
            "gameTime": "1 - 14:40",
            "label": "comments",
            "category": 1,
            "position": "880000",
            "half": "1",
            "confidence": "1.0"
        },
        {
            "gameTime": "1 - 14:55",
            "label": "comments",
            "category": 0,
            "position": "895000",
            "half": "1",
            "confidence": "1.0"
        },
        {
            "gameTime": "1 - 15:03",
            "label": "comments",
            "category": 0,
            "position": "903000",
            "half": "1",
            "confidence": "1.0"
        },
        {
            "gameTime": "1 - 15:10",
            "label": "comments",
            "category": 0,
            "position": "910000",
            "half": "1",
            "confidence": "1.0"
        },
        {
            "gameTime": "1 - 15:40",
            "label": "comments",
            "category": 1,
            "position": "940000",
            "half": "1",
            "confidence": "1.0"
        },
        {
            "gameTime": "1 - 15:54",
            "label": "comments",
            "category": 1,
            "position": "954000",
            "half": "1",
            "confidence": "1.0"
        },
        {
            "gameTime": "1 - 16:03",
            "label": "comments",
            "category": 0,
            "position": "963000",
            "half": "1",
            "confidence": "1.0"
        },
        {
            "gameTime": "1 - 16:09",
            "label": "comments",
            "category": 0,
            "position": "969000",
            "half": "1",
            "confidence": "1.0"
        },
        {
            "gameTime": "1 - 16:34",
            "label": "comments",
            "category": 0,
            "position": "994000",
            "half": "1",
            "confidence": "1.0"
        },
        {
            "gameTime": "1 - 16:46",
            "label": "comments",
            "category": 0,
            "position": "1006000",
            "half": "1",
            "confidence": "1.0"
        },
        {
            "gameTime": "1 - 17:04",
            "label": "comments",
            "category": 1,
            "position": "1024000",
            "half": "1",
            "confidence": "1.0"
        },
        {
            "gameTime": "1 - 17:21",
            "label": "comments",
            "category": 0,
            "position": "1041000",
            "half": "1",
            "confidence": "1.0"
        },
        {
            "gameTime": "1 - 17:25",
            "label": "comments",
            "category": 0,
            "position": "1045000",
            "half": "1",
            "confidence": "1.0"
        },
        {
            "gameTime": "1 - 17:34",
            "label": "comments",
            "category": 0,
            "position": "1054000",
            "half": "1",
            "confidence": "1.0"
        },
        {
            "gameTime": "1 - 17:39",
            "label": "comments",
            "category": 0,
            "position": "1059000",
            "half": "1",
            "confidence": "1.0"
        },
        {
            "gameTime": "1 - 17:54",
            "label": "comments",
            "category": 0,
            "position": "1074000",
            "half": "1",
            "confidence": "1.0"
        },
        {
            "gameTime": "1 - 18:06",
            "label": "comments",
            "category": 0,
            "position": "1086000",
            "half": "1",
            "confidence": "1.0"
        },
        {
            "gameTime": "1 - 18:13",
            "label": "comments",
            "category": 0,
            "position": "1093000",
            "half": "1",
            "confidence": "1.0"
        },
        {
            "gameTime": "1 - 18:19",
            "label": "comments",
            "category": 1,
            "position": "1099000",
            "half": "1",
            "confidence": "1.0"
        },
        {
            "gameTime": "1 - 18:32",
            "label": "comments",
            "category": 0,
            "position": "1112000",
            "half": "1",
            "confidence": "1.0"
        },
        {
            "gameTime": "1 - 18:36",
            "label": "comments",
            "category": 0,
            "position": "1116000",
            "half": "1",
            "confidence": "1.0"
        },
        {
            "gameTime": "1 - 18:43",
            "label": "comments",
            "category": 0,
            "position": "1123000",
            "half": "1",
            "confidence": "1.0"
        },
        {
            "gameTime": "1 - 18:57",
            "label": "comments",
            "category": 1,
            "position": "1137000",
            "half": "1",
            "confidence": "1.0"
        },
        {
            "gameTime": "1 - 19:06",
            "label": "comments",
            "category": 1,
            "position": "1146000",
            "half": "1",
            "confidence": "1.0"
        },
        {
            "gameTime": "1 - 19:08",
            "label": "comments",
            "category": 0,
            "position": "1148000",
            "half": "1",
            "confidence": "1.0"
        },
        {
            "gameTime": "1 - 19:21",
            "label": "comments",
            "category": 0,
            "position": "1161000",
            "half": "1",
            "confidence": "1.0"
        },
        {
            "gameTime": "1 - 19:33",
            "label": "comments",
            "category": 1,
            "position": "1173000",
            "half": "1",
            "confidence": "1.0"
        },
        {
            "gameTime": "1 - 19:36",
            "label": "comments",
            "category": 0,
            "position": "1176000",
            "half": "1",
            "confidence": "1.0"
        },
        {
            "gameTime": "1 - 19:38",
            "label": "comments",
            "category": 1,
            "position": "1178000",
            "half": "1",
            "confidence": "1.0"
        },
        {
            "gameTime": "1 - 19:40",
            "label": "comments",
            "category": 1,
            "position": "1180000",
            "half": "1",
            "confidence": "1.0"
        },
        {
            "gameTime": "1 - 19:43",
            "label": "comments",
            "category": 1,
            "position": "1183000",
            "half": "1",
            "confidence": "1.0"
        },
        {
            "gameTime": "1 - 19:47",
            "label": "comments",
            "category": 1,
            "position": "1187000",
            "half": "1",
            "confidence": "1.0"
        },
        {
            "gameTime": "1 - 19:50",
            "label": "comments",
            "category": 0,
            "position": "1190000",
            "half": "1",
            "confidence": "1.0"
        },
        {
            "gameTime": "1 - 20:26",
            "label": "comments",
            "category": 0,
            "position": "1226000",
            "half": "1",
            "confidence": "1.0"
        },
        {
            "gameTime": "1 - 20:35",
            "label": "comments",
            "category": 0,
            "position": "1235000",
            "half": "1",
            "confidence": "1.0"
        },
        {
            "gameTime": "1 - 20:42",
            "label": "comments",
            "category": 0,
            "position": "1242000",
            "half": "1",
            "confidence": "1.0"
        },
        {
            "gameTime": "1 - 20:56",
            "label": "comments",
            "category": 0,
            "position": "1256000",
            "half": "1",
            "confidence": "1.0"
        },
        {
            "gameTime": "1 - 21:25",
            "label": "comments",
            "category": 0,
            "position": "1285000",
            "half": "1",
            "confidence": "1.0"
        },
        {
            "gameTime": "1 - 21:28",
            "label": "comments",
            "category": 0,
            "position": "1288000",
            "half": "1",
            "confidence": "1.0"
        },
        {
            "gameTime": "1 - 21:35",
            "label": "comments",
            "category": 0,
            "position": "1295000",
            "half": "1",
            "confidence": "1.0"
        },
        {
            "gameTime": "1 - 21:40",
            "label": "comments",
            "category": 0,
            "position": "1300000",
            "half": "1",
            "confidence": "1.0"
        },
        {
            "gameTime": "1 - 21:44",
            "label": "comments",
            "category": 0,
            "position": "1304000",
            "half": "1",
            "confidence": "1.0"
        },
        {
            "gameTime": "1 - 21:47",
            "label": "comments",
            "category": 0,
            "position": "1307000",
            "half": "1",
            "confidence": "1.0"
        },
        {
            "gameTime": "1 - 21:49",
            "label": "comments",
            "category": 0,
            "position": "1309000",
            "half": "1",
            "confidence": "1.0"
        },
        {
            "gameTime": "1 - 21:53",
            "label": "comments",
            "category": 0,
            "position": "1313000",
            "half": "1",
            "confidence": "1.0"
        },
        {
            "gameTime": "1 - 21:55",
            "label": "comments",
            "category": 0,
            "position": "1315000",
            "half": "1",
            "confidence": "1.0"
        },
        {
            "gameTime": "1 - 22:54",
            "label": "comments",
            "category": 0,
            "position": "1374000",
            "half": "1",
            "confidence": "1.0"
        },
        {
            "gameTime": "1 - 22:56",
            "label": "comments",
            "category": 0,
            "position": "1376000",
            "half": "1",
            "confidence": "1.0"
        },
        {
            "gameTime": "1 - 22:57",
            "label": "comments",
            "category": 0,
            "position": "1377000",
            "half": "1",
            "confidence": "1.0"
        },
        {
            "gameTime": "1 - 22:58",
            "label": "comments",
            "category": 0,
            "position": "1378000",
            "half": "1",
            "confidence": "1.0"
        },
        {
            "gameTime": "1 - 23:07",
            "label": "comments",
            "category": 0,
            "position": "1387000",
            "half": "1",
            "confidence": "1.0"
        },
        {
            "gameTime": "1 - 23:08",
            "label": "comments",
            "category": 0,
            "position": "1388000",
            "half": "1",
            "confidence": "1.0"
        },
        {
            "gameTime": "1 - 23:09",
            "label": "comments",
            "category": 0,
            "position": "1389000",
            "half": "1",
            "confidence": "1.0"
        },
        {
            "gameTime": "1 - 23:10",
            "label": "comments",
            "category": 0,
            "position": "1390000",
            "half": "1",
            "confidence": "1.0"
        },
        {
            "gameTime": "1 - 23:11",
            "label": "comments",
            "category": 1,
            "position": "1391000",
            "half": "1",
            "confidence": "1.0"
        },
        {
            "gameTime": "1 - 23:20",
            "label": "comments",
            "category": 0,
            "position": "1400000",
            "half": "1",
            "confidence": "1.0"
        },
        {
            "gameTime": "1 - 23:51",
            "label": "comments",
            "category": 0,
            "position": "1431000",
            "half": "1",
            "confidence": "1.0"
        },
        {
            "gameTime": "1 - 28:03",
            "label": "comments",
            "category": 0,
            "position": "1683000",
            "half": "1",
            "confidence": "1.0"
        },
        {
            "gameTime": "1 - 28:07",
            "label": "comments",
            "category": 0,
            "position": "1687000",
            "half": "1",
            "confidence": "1.0"
        },
        {
            "gameTime": "1 - 28:13",
            "label": "comments",
            "category": 0,
            "position": "1693000",
            "half": "1",
            "confidence": "1.0"
        },
        {
            "gameTime": "1 - 28:17",
            "label": "comments",
            "category": 0,
            "position": "1697000",
            "half": "1",
            "confidence": "1.0"
        },
        {
            "gameTime": "1 - 28:21",
            "label": "comments",
            "category": 1,
            "position": "1701000",
            "half": "1",
            "confidence": "1.0"
        },
        {
            "gameTime": "1 - 28:25",
            "label": "comments",
            "category": 1,
            "position": "1705000",
            "half": "1",
            "confidence": "1.0"
        },
        {
            "gameTime": "1 - 28:29",
            "label": "comments",
            "category": 0,
            "position": "1709000",
            "half": "1",
            "confidence": "1.0"
        },
        {
            "gameTime": "1 - 28:31",
            "label": "comments",
            "category": 1,
            "position": "1711000",
            "half": "1",
            "confidence": "1.0"
        },
        {
            "gameTime": "1 - 28:41",
            "label": "comments",
            "category": 0,
            "position": "1721000",
            "half": "1",
            "confidence": "1.0"
        },
        {
            "gameTime": "1 - 29:01",
            "label": "comments",
            "category": 0,
            "position": "1741000",
            "half": "1",
            "confidence": "1.0"
        },
        {
            "gameTime": "1 - 29:15",
            "label": "comments",
            "category": 0,
            "position": "1755000",
            "half": "1",
            "confidence": "1.0"
        },
        {
            "gameTime": "1 - 29:21",
            "label": "comments",
            "category": 0,
            "position": "1761000",
            "half": "1",
            "confidence": "1.0"
        },
        {
            "gameTime": "1 - 29:31",
            "label": "comments",
            "category": 1,
            "position": "1771000",
            "half": "1",
            "confidence": "1.0"
        },
        {
            "gameTime": "1 - 29:40",
            "label": "comments",
            "category": 1,
            "position": "1780000",
            "half": "1",
            "confidence": "1.0"
        },
        {
            "gameTime": "1 - 29:44",
            "label": "comments",
            "category": 0,
            "position": "1784000",
            "half": "1",
            "confidence": "1.0"
        },
        {
            "gameTime": "1 - 30:05",
            "label": "comments",
            "category": 0,
            "position": "1805000",
            "half": "1",
            "confidence": "1.0"
        },
        {
            "gameTime": "1 - 30:08",
            "label": "comments",
            "category": 0,
            "position": "1808000",
            "half": "1",
            "confidence": "1.0"
        },
        {
            "gameTime": "1 - 30:10",
            "label": "comments",
            "category": 0,
            "position": "1810000",
            "half": "1",
            "confidence": "1.0"
        },
        {
            "gameTime": "1 - 30:14",
            "label": "comments",
            "category": 0,
            "position": "1814000",
            "half": "1",
            "confidence": "1.0"
        },
        {
            "gameTime": "1 - 30:44",
            "label": "comments",
            "category": 0,
            "position": "1844000",
            "half": "1",
            "confidence": "1.0"
        },
        {
            "gameTime": "1 - 31:14",
            "label": "comments",
            "category": 0,
            "position": "1874000",
            "half": "1",
            "confidence": "1.0"
        },
        {
            "gameTime": "1 - 31:15",
            "label": "comments",
            "category": 0,
            "position": "1875000",
            "half": "1",
            "confidence": "1.0"
        },
        {
            "gameTime": "1 - 31:19",
            "label": "comments",
            "category": 0,
            "position": "1879000",
            "half": "1",
            "confidence": "1.0"
        },
        {
            "gameTime": "1 - 31:30",
            "label": "comments",
            "category": 0,
            "position": "1890000",
            "half": "1",
            "confidence": "1.0"
        },
        {
            "gameTime": "1 - 31:33",
            "label": "comments",
            "category": 0,
            "position": "1893000",
            "half": "1",
            "confidence": "1.0"
        },
        {
            "gameTime": "1 - 31:43",
            "label": "comments",
            "category": 0,
            "position": "1903000",
            "half": "1",
            "confidence": "1.0"
        },
        {
            "gameTime": "1 - 31:56",
            "label": "comments",
            "category": 0,
            "position": "1916000",
            "half": "1",
            "confidence": "1.0"
        },
        {
            "gameTime": "1 - 32:16",
            "label": "comments",
            "category": 0,
            "position": "1936000",
            "half": "1",
            "confidence": "1.0"
        },
        {
            "gameTime": "1 - 32:20",
            "label": "comments",
            "category": 0,
            "position": "1940000",
            "half": "1",
            "confidence": "1.0"
        },
        {
            "gameTime": "1 - 32:56",
            "label": "comments",
            "category": 1,
            "position": "1976000",
            "half": "1",
            "confidence": "1.0"
        },
        {
            "gameTime": "1 - 33:20",
            "label": "comments",
            "category": 0,
            "position": "2000000",
            "half": "1",
            "confidence": "1.0"
        },
        {
            "gameTime": "1 - 33:53",
            "label": "comments",
            "category": 1,
            "position": "2033000",
            "half": "1",
            "confidence": "1.0"
        },
        {
            "gameTime": "1 - 33:59",
            "label": "comments",
            "category": 0,
            "position": "2039000",
            "half": "1",
            "confidence": "1.0"
        },
        {
            "gameTime": "1 - 34:03",
            "label": "comments",
            "category": 0,
            "position": "2043000",
            "half": "1",
            "confidence": "1.0"
        },
        {
            "gameTime": "1 - 34:06",
            "label": "comments",
            "category": 0,
            "position": "2046000",
            "half": "1",
            "confidence": "1.0"
        },
        {
            "gameTime": "1 - 34:09",
            "label": "comments",
            "category": 0,
            "position": "2049000",
            "half": "1",
            "confidence": "1.0"
        },
        {
            "gameTime": "1 - 34:13",
            "label": "comments",
            "category": 0,
            "position": "2053000",
            "half": "1",
            "confidence": "1.0"
        },
        {
            "gameTime": "1 - 34:16",
            "label": "comments",
            "category": 0,
            "position": "2056000",
            "half": "1",
            "confidence": "1.0"
        },
        {
            "gameTime": "1 - 34:23",
            "label": "comments",
            "category": 0,
            "position": "2063000",
            "half": "1",
            "confidence": "1.0"
        },
        {
            "gameTime": "1 - 34:35",
            "label": "comments",
            "category": 0,
            "position": "2075000",
            "half": "1",
            "confidence": "1.0"
        },
        {
            "gameTime": "1 - 34:38",
            "label": "comments",
            "category": 0,
            "position": "2078000",
            "half": "1",
            "confidence": "1.0"
        },
        {
            "gameTime": "1 - 34:41",
            "label": "comments",
            "category": 0,
            "position": "2081000",
            "half": "1",
            "confidence": "1.0"
        },
        {
            "gameTime": "1 - 34:53",
            "label": "comments",
            "category": 0,
            "position": "2093000",
            "half": "1",
            "confidence": "1.0"
        },
        {
            "gameTime": "1 - 35:05",
            "label": "comments",
            "category": 0,
            "position": "2105000",
            "half": "1",
            "confidence": "1.0"
        },
        {
            "gameTime": "1 - 35:11",
            "label": "comments",
            "category": 0,
            "position": "2111000",
            "half": "1",
            "confidence": "1.0"
        },
        {
            "gameTime": "1 - 35:14",
            "label": "comments",
            "category": 0,
            "position": "2114000",
            "half": "1",
            "confidence": "1.0"
        },
        {
            "gameTime": "1 - 35:17",
            "label": "comments",
            "category": 0,
            "position": "2117000",
            "half": "1",
            "confidence": "1.0"
        },
        {
            "gameTime": "1 - 35:20",
            "label": "comments",
            "category": 1,
            "position": "2120000",
            "half": "1",
            "confidence": "1.0"
        },
        {
            "gameTime": "1 - 35:26",
            "label": "comments",
            "category": 0,
            "position": "2126000",
            "half": "1",
            "confidence": "1.0"
        },
        {
            "gameTime": "1 - 35:33",
            "label": "comments",
            "category": 0,
            "position": "2133000",
            "half": "1",
            "confidence": "1.0"
        },
        {
            "gameTime": "1 - 35:41",
            "label": "comments",
            "category": 0,
            "position": "2141000",
            "half": "1",
            "confidence": "1.0"
        },
        {
            "gameTime": "1 - 35:54",
            "label": "comments",
            "category": 0,
            "position": "2154000",
            "half": "1",
            "confidence": "1.0"
        },
        {
            "gameTime": "1 - 35:57",
            "label": "comments",
            "category": 0,
            "position": "2157000",
            "half": "1",
            "confidence": "1.0"
        },
        {
            "gameTime": "1 - 36:09",
            "label": "comments",
            "category": 0,
            "position": "2169000",
            "half": "1",
            "confidence": "1.0"
        },
        {
            "gameTime": "1 - 36:15",
            "label": "comments",
            "category": 0,
            "position": "2175000",
            "half": "1",
            "confidence": "1.0"
        },
        {
            "gameTime": "1 - 36:35",
            "label": "comments",
            "category": 0,
            "position": "2195000",
            "half": "1",
            "confidence": "1.0"
        },
        {
            "gameTime": "1 - 36:43",
            "label": "comments",
            "category": 0,
            "position": "2203000",
            "half": "1",
            "confidence": "1.0"
        },
        {
            "gameTime": "1 - 36:51",
            "label": "comments",
            "category": 0,
            "position": "2211000",
            "half": "1",
            "confidence": "1.0"
        },
        {
            "gameTime": "1 - 36:57",
            "label": "comments",
            "category": 0,
            "position": "2217000",
            "half": "1",
            "confidence": "1.0"
        },
        {
            "gameTime": "1 - 37:02",
            "label": "comments",
            "category": 0,
            "position": "2222000",
            "half": "1",
            "confidence": "1.0"
        },
        {
            "gameTime": "1 - 37:05",
            "label": "comments",
            "category": 0,
            "position": "2225000",
            "half": "1",
            "confidence": "1.0"
        },
        {
            "gameTime": "1 - 37:21",
            "label": "comments",
            "category": 0,
            "position": "2241000",
            "half": "1",
            "confidence": "1.0"
        },
        {
            "gameTime": "1 - 37:41",
            "label": "comments",
            "category": 0,
            "position": "2261000",
            "half": "1",
            "confidence": "1.0"
        },
        {
            "gameTime": "1 - 37:51",
            "label": "comments",
            "category": 0,
            "position": "2271000",
            "half": "1",
            "confidence": "1.0"
        },
        {
            "gameTime": "1 - 38:21",
            "label": "comments",
            "category": 0,
            "position": "2301000",
            "half": "1",
            "confidence": "1.0"
        },
        {
            "gameTime": "1 - 38:40",
            "label": "comments",
            "category": 0,
            "position": "2320000",
            "half": "1",
            "confidence": "1.0"
        },
        {
            "gameTime": "1 - 39:40",
            "label": "comments",
            "category": 0,
            "position": "2380000",
            "half": "1",
            "confidence": "1.0"
        },
        {
            "gameTime": "1 - 39:48",
            "label": "comments",
            "category": 0,
            "position": "2388000",
            "half": "1",
            "confidence": "1.0"
        },
        {
            "gameTime": "1 - 40:11",
            "label": "comments",
            "category": 0,
            "position": "2411000",
            "half": "1",
            "confidence": "1.0"
        },
        {
            "gameTime": "1 - 40:17",
            "label": "comments",
            "category": 0,
            "position": "2417000",
            "half": "1",
            "confidence": "1.0"
        },
        {
            "gameTime": "1 - 40:31",
            "label": "comments",
            "category": 1,
            "position": "2431000",
            "half": "1",
            "confidence": "1.0"
        },
        {
            "gameTime": "1 - 40:35",
            "label": "comments",
            "category": 0,
            "position": "2435000",
            "half": "1",
            "confidence": "1.0"
        },
        {
            "gameTime": "1 - 40:41",
            "label": "comments",
            "category": 0,
            "position": "2441000",
            "half": "1",
            "confidence": "1.0"
        },
        {
            "gameTime": "1 - 40:45",
            "label": "comments",
            "category": 1,
            "position": "2445000",
            "half": "1",
            "confidence": "1.0"
        },
        {
            "gameTime": "1 - 40:56",
            "label": "comments",
            "category": 1,
            "position": "2456000",
            "half": "1",
            "confidence": "1.0"
        },
        {
            "gameTime": "1 - 41:02",
            "label": "comments",
            "category": 0,
            "position": "2462000",
            "half": "1",
            "confidence": "1.0"
        },
        {
            "gameTime": "1 - 41:32",
            "label": "comments",
            "category": 0,
            "position": "2492000",
            "half": "1",
            "confidence": "1.0"
        },
        {
            "gameTime": "1 - 42:02",
            "label": "comments",
            "category": 0,
            "position": "2522000",
            "half": "1",
            "confidence": "1.0"
        },
        {
            "gameTime": "1 - 42:17",
            "label": "comments",
            "category": 0,
            "position": "2537000",
            "half": "1",
            "confidence": "1.0"
        },
        {
            "gameTime": "1 - 42:19",
            "label": "comments",
            "category": 0,
            "position": "2539000",
            "half": "1",
            "confidence": "1.0"
        },
        {
            "gameTime": "1 - 42:22",
            "label": "comments",
            "category": 0,
            "position": "2542000",
            "half": "1",
            "confidence": "1.0"
        },
        {
            "gameTime": "1 - 42:24",
            "label": "comments",
            "category": 0,
            "position": "2544000",
            "half": "1",
            "confidence": "1.0"
        },
        {
            "gameTime": "1 - 42:27",
            "label": "comments",
            "category": 0,
            "position": "2547000",
            "half": "1",
            "confidence": "1.0"
        },
        {
            "gameTime": "1 - 42:32",
            "label": "comments",
            "category": 0,
            "position": "2552000",
            "half": "1",
            "confidence": "1.0"
        },
        {
            "gameTime": "1 - 42:35",
            "label": "comments",
            "category": 0,
            "position": "2555000",
            "half": "1",
            "confidence": "1.0"
        },
        {
            "gameTime": "1 - 42:38",
            "label": "comments",
            "category": 0,
            "position": "2558000",
            "half": "1",
            "confidence": "1.0"
        },
        {
            "gameTime": "1 - 42:42",
            "label": "comments",
            "category": 0,
            "position": "2562000",
            "half": "1",
            "confidence": "1.0"
        },
        {
            "gameTime": "1 - 42:45",
            "label": "comments",
            "category": 0,
            "position": "2565000",
            "half": "1",
            "confidence": "1.0"
        },
        {
            "gameTime": "1 - 42:48",
            "label": "comments",
            "category": 0,
            "position": "2568000",
            "half": "1",
            "confidence": "1.0"
        },
        {
            "gameTime": "1 - 43:02",
            "label": "comments",
            "category": 1,
            "position": "2582000",
            "half": "1",
            "confidence": "1.0"
        },
        {
            "gameTime": "1 - 43:32",
            "label": "comments",
            "category": 0,
            "position": "2612000",
            "half": "1",
            "confidence": "1.0"
        },
        {
            "gameTime": "1 - 44:02",
            "label": "comments",
            "category": 0,
            "position": "2642000",
            "half": "1",
            "confidence": "1.0"
        },
        {
            "gameTime": "1 - 44:05",
            "label": "comments",
            "category": 0,
            "position": "2645000",
            "half": "1",
            "confidence": "1.0"
        },
        {
            "gameTime": "1 - 44:08",
            "label": "comments",
            "category": 0,
            "position": "2648000",
            "half": "1",
            "confidence": "1.0"
        },
        {
            "gameTime": "1 - 44:14",
            "label": "comments",
            "category": 0,
            "position": "2654000",
            "half": "1",
            "confidence": "1.0"
        },
        {
            "gameTime": "1 - 44:18",
            "label": "comments",
            "category": 0,
            "position": "2658000",
            "half": "1",
            "confidence": "1.0"
        },
        {
            "gameTime": "1 - 44:21",
            "label": "comments",
            "category": 0,
            "position": "2661000",
            "half": "1",
            "confidence": "1.0"
        },
        {
            "gameTime": "1 - 44:27",
            "label": "comments",
            "category": 0,
            "position": "2667000",
            "half": "1",
            "confidence": "1.0"
        },
        {
            "gameTime": "1 - 44:29",
            "label": "comments",
            "category": 0,
            "position": "2669000",
            "half": "1",
            "confidence": "1.0"
        },
        {
            "gameTime": "1 - 44:33",
            "label": "comments",
            "category": 0,
            "position": "2673000",
            "half": "1",
            "confidence": "1.0"
        },
        {
            "gameTime": "1 - 44:37",
            "label": "comments",
            "category": 0,
            "position": "2677000",
            "half": "1",
            "confidence": "1.0"
        },
        {
            "gameTime": "1 - 44:46",
            "label": "comments",
            "category": 0,
            "position": "2686000",
            "half": "1",
            "confidence": "1.0"
        },
        {
            "gameTime": "2 - 00:00",
            "label": "comments",
            "category": 0,
            "position": "0",
            "half": "2",
            "confidence": "1.0"
        },
        {
            "gameTime": "2 - 00:12",
            "label": "comments",
            "category": 0,
            "position": "12000",
            "half": "2",
            "confidence": "1.0"
        },
        {
            "gameTime": "2 - 00:21",
            "label": "comments",
            "category": 0,
            "position": "21000",
            "half": "2",
            "confidence": "1.0"
        },
        {
            "gameTime": "2 - 00:30",
            "label": "comments",
            "category": 0,
            "position": "30000",
            "half": "2",
            "confidence": "1.0"
        },
        {
            "gameTime": "2 - 00:40",
            "label": "comments",
            "category": 0,
            "position": "40000",
            "half": "2",
            "confidence": "1.0"
        },
        {
            "gameTime": "2 - 01:00",
            "label": "comments",
            "category": 0,
            "position": "60000",
            "half": "2",
            "confidence": "1.0"
        },
        {
            "gameTime": "2 - 01:09",
            "label": "comments",
            "category": 0,
            "position": "69000",
            "half": "2",
            "confidence": "1.0"
        },
        {
            "gameTime": "2 - 01:30",
            "label": "comments",
            "category": 0,
            "position": "90000",
            "half": "2",
            "confidence": "1.0"
        },
        {
            "gameTime": "2 - 01:51",
            "label": "comments",
            "category": 0,
            "position": "111000",
            "half": "2",
            "confidence": "1.0"
        },
        {
            "gameTime": "2 - 01:58",
            "label": "comments",
            "category": 0,
            "position": "118000",
            "half": "2",
            "confidence": "1.0"
        },
        {
            "gameTime": "2 - 02:00",
            "label": "comments",
            "category": 0,
            "position": "120000",
            "half": "2",
            "confidence": "1.0"
        },
        {
            "gameTime": "2 - 02:07",
            "label": "comments",
            "category": 0,
            "position": "127000",
            "half": "2",
            "confidence": "1.0"
        },
        {
            "gameTime": "2 - 02:50",
            "label": "comments",
            "category": 0,
            "position": "170000",
            "half": "2",
            "confidence": "1.0"
        },
        {
            "gameTime": "2 - 02:54",
            "label": "comments",
            "category": 0,
            "position": "174000",
            "half": "2",
            "confidence": "1.0"
        },
        {
            "gameTime": "2 - 03:01",
            "label": "comments",
            "category": 0,
            "position": "181000",
            "half": "2",
            "confidence": "1.0"
        },
        {
            "gameTime": "2 - 03:08",
            "label": "comments",
            "category": 0,
            "position": "188000",
            "half": "2",
            "confidence": "1.0"
        },
        {
            "gameTime": "2 - 03:14",
            "label": "comments",
            "category": 0,
            "position": "194000",
            "half": "2",
            "confidence": "1.0"
        },
        {
            "gameTime": "2 - 03:20",
            "label": "comments",
            "category": 0,
            "position": "200000",
            "half": "2",
            "confidence": "1.0"
        },
        {
            "gameTime": "2 - 03:27",
            "label": "comments",
            "category": 0,
            "position": "207000",
            "half": "2",
            "confidence": "1.0"
        },
        {
            "gameTime": "2 - 03:33",
            "label": "comments",
            "category": 1,
            "position": "213000",
            "half": "2",
            "confidence": "1.0"
        },
        {
            "gameTime": "2 - 03:45",
            "label": "comments",
            "category": 0,
            "position": "225000",
            "half": "2",
            "confidence": "1.0"
        },
        {
            "gameTime": "2 - 03:49",
            "label": "comments",
            "category": 0,
            "position": "229000",
            "half": "2",
            "confidence": "1.0"
        },
        {
            "gameTime": "2 - 03:56",
            "label": "comments",
            "category": 0,
            "position": "236000",
            "half": "2",
            "confidence": "1.0"
        },
        {
            "gameTime": "2 - 04:12",
            "label": "comments",
            "category": 0,
            "position": "252000",
            "half": "2",
            "confidence": "1.0"
        },
        {
            "gameTime": "2 - 04:26",
            "label": "comments",
            "category": 0,
            "position": "266000",
            "half": "2",
            "confidence": "1.0"
        },
        {
            "gameTime": "2 - 04:39",
            "label": "comments",
            "category": 1,
            "position": "279000",
            "half": "2",
            "confidence": "1.0"
        },
        {
            "gameTime": "2 - 04:59",
            "label": "comments",
            "category": 0,
            "position": "299000",
            "half": "2",
            "confidence": "1.0"
        },
        {
            "gameTime": "2 - 05:01",
            "label": "comments",
            "category": 0,
            "position": "301000",
            "half": "2",
            "confidence": "1.0"
        },
        {
            "gameTime": "2 - 05:12",
            "label": "comments",
            "category": 0,
            "position": "312000",
            "half": "2",
            "confidence": "1.0"
        },
        {
            "gameTime": "2 - 05:15",
            "label": "comments",
            "category": 0,
            "position": "315000",
            "half": "2",
            "confidence": "1.0"
        },
        {
            "gameTime": "2 - 05:17",
            "label": "comments",
            "category": 0,
            "position": "317000",
            "half": "2",
            "confidence": "1.0"
        },
        {
            "gameTime": "2 - 05:22",
            "label": "comments",
            "category": 0,
            "position": "322000",
            "half": "2",
            "confidence": "1.0"
        },
        {
            "gameTime": "2 - 05:41",
            "label": "comments",
            "category": 0,
            "position": "341000",
            "half": "2",
            "confidence": "1.0"
        },
        {
            "gameTime": "2 - 05:43",
            "label": "comments",
            "category": 1,
            "position": "343000",
            "half": "2",
            "confidence": "1.0"
        },
        {
            "gameTime": "2 - 05:52",
            "label": "comments",
            "category": 0,
            "position": "352000",
            "half": "2",
            "confidence": "1.0"
        },
        {
            "gameTime": "2 - 05:54",
            "label": "comments",
            "category": 0,
            "position": "354000",
            "half": "2",
            "confidence": "1.0"
        },
        {
            "gameTime": "2 - 06:04",
            "label": "comments",
            "category": 0,
            "position": "364000",
            "half": "2",
            "confidence": "1.0"
        },
        {
            "gameTime": "2 - 06:06",
            "label": "comments",
            "category": 0,
            "position": "366000",
            "half": "2",
            "confidence": "1.0"
        },
        {
            "gameTime": "2 - 06:08",
            "label": "comments",
            "category": 0,
            "position": "368000",
            "half": "2",
            "confidence": "1.0"
        },
        {
            "gameTime": "2 - 06:12",
            "label": "comments",
            "category": 0,
            "position": "372000",
            "half": "2",
            "confidence": "1.0"
        },
        {
            "gameTime": "2 - 06:15",
            "label": "comments",
            "category": 0,
            "position": "375000",
            "half": "2",
            "confidence": "1.0"
        },
        {
            "gameTime": "2 - 06:24",
            "label": "comments",
            "category": 0,
            "position": "384000",
            "half": "2",
            "confidence": "1.0"
        },
        {
            "gameTime": "2 - 06:27",
            "label": "comments",
            "category": 0,
            "position": "387000",
            "half": "2",
            "confidence": "1.0"
        },
        {
            "gameTime": "2 - 06:29",
            "label": "comments",
            "category": 1,
            "position": "389000",
            "half": "2",
            "confidence": "1.0"
        },
        {
            "gameTime": "2 - 06:42",
            "label": "comments",
            "category": 1,
            "position": "402000",
            "half": "2",
            "confidence": "1.0"
        },
        {
            "gameTime": "2 - 06:49",
            "label": "comments",
            "category": 0,
            "position": "409000",
            "half": "2",
            "confidence": "1.0"
        },
        {
            "gameTime": "2 - 06:51",
            "label": "comments",
            "category": 0,
            "position": "411000",
            "half": "2",
            "confidence": "1.0"
        },
        {
            "gameTime": "2 - 06:53",
            "label": "comments",
            "category": 0,
            "position": "413000",
            "half": "2",
            "confidence": "1.0"
        },
        {
            "gameTime": "2 - 06:55",
            "label": "comments",
            "category": 0,
            "position": "415000",
            "half": "2",
            "confidence": "1.0"
        },
        {
            "gameTime": "2 - 06:57",
            "label": "comments",
            "category": 0,
            "position": "417000",
            "half": "2",
            "confidence": "1.0"
        },
        {
            "gameTime": "2 - 06:59",
            "label": "comments",
            "category": 0,
            "position": "419000",
            "half": "2",
            "confidence": "1.0"
        },
        {
            "gameTime": "2 - 07:03",
            "label": "comments",
            "category": 0,
            "position": "423000",
            "half": "2",
            "confidence": "1.0"
        },
        {
            "gameTime": "2 - 07:07",
            "label": "comments",
            "category": 0,
            "position": "427000",
            "half": "2",
            "confidence": "1.0"
        },
        {
            "gameTime": "2 - 07:09",
            "label": "comments",
            "category": 0,
            "position": "429000",
            "half": "2",
            "confidence": "1.0"
        },
        {
            "gameTime": "2 - 07:11",
            "label": "comments",
            "category": 0,
            "position": "431000",
            "half": "2",
            "confidence": "1.0"
        },
        {
            "gameTime": "2 - 07:13",
            "label": "comments",
            "category": 0,
            "position": "433000",
            "half": "2",
            "confidence": "1.0"
        },
        {
            "gameTime": "2 - 07:15",
            "label": "comments",
            "category": 0,
            "position": "435000",
            "half": "2",
            "confidence": "1.0"
        },
        {
            "gameTime": "2 - 07:17",
            "label": "comments",
            "category": 0,
            "position": "437000",
            "half": "2",
            "confidence": "1.0"
        },
        {
            "gameTime": "2 - 07:18",
            "label": "comments",
            "category": 0,
            "position": "438000",
            "half": "2",
            "confidence": "1.0"
        },
        {
            "gameTime": "2 - 07:20",
            "label": "comments",
            "category": 0,
            "position": "440000",
            "half": "2",
            "confidence": "1.0"
        },
        {
            "gameTime": "2 - 07:22",
            "label": "comments",
            "category": 0,
            "position": "442000",
            "half": "2",
            "confidence": "1.0"
        },
        {
            "gameTime": "2 - 07:26",
            "label": "comments",
            "category": 0,
            "position": "446000",
            "half": "2",
            "confidence": "1.0"
        },
        {
            "gameTime": "2 - 07:43",
            "label": "comments",
            "category": 0,
            "position": "463000",
            "half": "2",
            "confidence": "1.0"
        },
        {
            "gameTime": "2 - 07:48",
            "label": "comments",
            "category": 1,
            "position": "468000",
            "half": "2",
            "confidence": "1.0"
        },
        {
            "gameTime": "2 - 08:11",
            "label": "comments",
            "category": 1,
            "position": "491000",
            "half": "2",
            "confidence": "1.0"
        },
        {
            "gameTime": "2 - 08:18",
            "label": "comments",
            "category": 1,
            "position": "498000",
            "half": "2",
            "confidence": "1.0"
        },
        {
            "gameTime": "2 - 08:41",
            "label": "comments",
            "category": 1,
            "position": "521000",
            "half": "2",
            "confidence": "1.0"
        },
        {
            "gameTime": "2 - 09:34",
            "label": "comments",
            "category": 0,
            "position": "574000",
            "half": "2",
            "confidence": "1.0"
        },
        {
            "gameTime": "2 - 09:36",
            "label": "comments",
            "category": 0,
            "position": "576000",
            "half": "2",
            "confidence": "1.0"
        },
        {
            "gameTime": "2 - 09:38",
            "label": "comments",
            "category": 0,
            "position": "578000",
            "half": "2",
            "confidence": "1.0"
        },
        {
            "gameTime": "2 - 09:40",
            "label": "comments",
            "category": 1,
            "position": "580000",
            "half": "2",
            "confidence": "1.0"
        },
        {
            "gameTime": "2 - 09:42",
            "label": "comments",
            "category": 0,
            "position": "582000",
            "half": "2",
            "confidence": "1.0"
        },
        {
            "gameTime": "2 - 09:44",
            "label": "comments",
            "category": 0,
            "position": "584000",
            "half": "2",
            "confidence": "1.0"
        },
        {
            "gameTime": "2 - 09:47",
            "label": "comments",
            "category": 0,
            "position": "587000",
            "half": "2",
            "confidence": "1.0"
        },
        {
            "gameTime": "2 - 09:49",
            "label": "comments",
            "category": 0,
            "position": "589000",
            "half": "2",
            "confidence": "1.0"
        },
        {
            "gameTime": "2 - 09:51",
            "label": "comments",
            "category": 1,
            "position": "591000",
            "half": "2",
            "confidence": "1.0"
        },
        {
            "gameTime": "2 - 09:53",
            "label": "comments",
            "category": 0,
            "position": "593000",
            "half": "2",
            "confidence": "1.0"
        },
        {
            "gameTime": "2 - 09:56",
            "label": "comments",
            "category": 0,
            "position": "596000",
            "half": "2",
            "confidence": "1.0"
        },
        {
            "gameTime": "2 - 09:58",
            "label": "comments",
            "category": 1,
            "position": "598000",
            "half": "2",
            "confidence": "1.0"
        },
        {
            "gameTime": "2 - 10:00",
            "label": "comments",
            "category": 1,
            "position": "600000",
            "half": "2",
            "confidence": "1.0"
        },
        {
            "gameTime": "2 - 10:25",
            "label": "comments",
            "category": 1,
            "position": "625000",
            "half": "2",
            "confidence": "1.0"
        },
        {
            "gameTime": "2 - 10:39",
            "label": "comments",
            "category": 0,
            "position": "639000",
            "half": "2",
            "confidence": "1.0"
        },
        {
            "gameTime": "2 - 10:54",
            "label": "comments",
            "category": 0,
            "position": "654000",
            "half": "2",
            "confidence": "1.0"
        },
        {
            "gameTime": "2 - 11:01",
            "label": "comments",
            "category": 0,
            "position": "661000",
            "half": "2",
            "confidence": "1.0"
        },
        {
            "gameTime": "2 - 11:41",
            "label": "comments",
            "category": 0,
            "position": "701000",
            "half": "2",
            "confidence": "1.0"
        },
        {
            "gameTime": "2 - 11:45",
            "label": "comments",
            "category": 0,
            "position": "705000",
            "half": "2",
            "confidence": "1.0"
        },
        {
            "gameTime": "2 - 11:49",
            "label": "comments",
            "category": 0,
            "position": "709000",
            "half": "2",
            "confidence": "1.0"
        },
        {
            "gameTime": "2 - 11:51",
            "label": "comments",
            "category": 0,
            "position": "711000",
            "half": "2",
            "confidence": "1.0"
        },
        {
            "gameTime": "2 - 11:55",
            "label": "comments",
            "category": 0,
            "position": "715000",
            "half": "2",
            "confidence": "1.0"
        },
        {
            "gameTime": "2 - 11:57",
            "label": "comments",
            "category": 0,
            "position": "717000",
            "half": "2",
            "confidence": "1.0"
        },
        {
            "gameTime": "2 - 12:11",
            "label": "comments",
            "category": 0,
            "position": "731000",
            "half": "2",
            "confidence": "1.0"
        },
        {
            "gameTime": "2 - 12:13",
            "label": "comments",
            "category": 0,
            "position": "733000",
            "half": "2",
            "confidence": "1.0"
        },
        {
            "gameTime": "2 - 12:15",
            "label": "comments",
            "category": 0,
            "position": "735000",
            "half": "2",
            "confidence": "1.0"
        },
        {
            "gameTime": "2 - 12:27",
            "label": "comments",
            "category": 0,
            "position": "747000",
            "half": "2",
            "confidence": "1.0"
        },
        {
            "gameTime": "2 - 12:33",
            "label": "comments",
            "category": 0,
            "position": "753000",
            "half": "2",
            "confidence": "1.0"
        },
        {
            "gameTime": "2 - 12:35",
            "label": "comments",
            "category": 0,
            "position": "755000",
            "half": "2",
            "confidence": "1.0"
        },
        {
            "gameTime": "2 - 13:00",
            "label": "comments",
            "category": 0,
            "position": "780000",
            "half": "2",
            "confidence": "1.0"
        },
        {
            "gameTime": "2 - 14:24",
            "label": "comments",
            "category": 0,
            "position": "864000",
            "half": "2",
            "confidence": "1.0"
        },
        {
            "gameTime": "2 - 14:28",
            "label": "comments",
            "category": 0,
            "position": "868000",
            "half": "2",
            "confidence": "1.0"
        },
        {
            "gameTime": "2 - 14:30",
            "label": "comments",
            "category": 0,
            "position": "870000",
            "half": "2",
            "confidence": "1.0"
        },
        {
            "gameTime": "2 - 14:39",
            "label": "comments",
            "category": 0,
            "position": "879000",
            "half": "2",
            "confidence": "1.0"
        },
        {
            "gameTime": "2 - 14:45",
            "label": "comments",
            "category": 0,
            "position": "885000",
            "half": "2",
            "confidence": "1.0"
        },
        {
            "gameTime": "2 - 14:52",
            "label": "comments",
            "category": 0,
            "position": "892000",
            "half": "2",
            "confidence": "1.0"
        },
        {
            "gameTime": "2 - 15:02",
            "label": "comments",
            "category": 0,
            "position": "902000",
            "half": "2",
            "confidence": "1.0"
        },
        {
            "gameTime": "2 - 15:09",
            "label": "comments",
            "category": 1,
            "position": "909000",
            "half": "2",
            "confidence": "1.0"
        },
        {
            "gameTime": "2 - 15:12",
            "label": "comments",
            "category": 0,
            "position": "912000",
            "half": "2",
            "confidence": "1.0"
        },
        {
            "gameTime": "2 - 15:26",
            "label": "comments",
            "category": 0,
            "position": "926000",
            "half": "2",
            "confidence": "1.0"
        },
        {
            "gameTime": "2 - 15:35",
            "label": "comments",
            "category": 0,
            "position": "935000",
            "half": "2",
            "confidence": "1.0"
        },
        {
            "gameTime": "2 - 15:53",
            "label": "comments",
            "category": 0,
            "position": "953000",
            "half": "2",
            "confidence": "1.0"
        },
        {
            "gameTime": "2 - 15:55",
            "label": "comments",
            "category": 0,
            "position": "955000",
            "half": "2",
            "confidence": "1.0"
        },
        {
            "gameTime": "2 - 16:04",
            "label": "comments",
            "category": 0,
            "position": "964000",
            "half": "2",
            "confidence": "1.0"
        },
        {
            "gameTime": "2 - 16:06",
            "label": "comments",
            "category": 1,
            "position": "966000",
            "half": "2",
            "confidence": "1.0"
        },
        {
            "gameTime": "2 - 16:08",
            "label": "comments",
            "category": 0,
            "position": "968000",
            "half": "2",
            "confidence": "1.0"
        },
        {
            "gameTime": "2 - 16:09",
            "label": "comments",
            "category": 0,
            "position": "969000",
            "half": "2",
            "confidence": "1.0"
        },
        {
            "gameTime": "2 - 16:19",
            "label": "comments",
            "category": 0,
            "position": "979000",
            "half": "2",
            "confidence": "1.0"
        },
        {
            "gameTime": "2 - 16:24",
            "label": "comments",
            "category": 0,
            "position": "984000",
            "half": "2",
            "confidence": "1.0"
        },
        {
            "gameTime": "2 - 16:54",
            "label": "comments",
            "category": 0,
            "position": "1014000",
            "half": "2",
            "confidence": "1.0"
        },
        {
            "gameTime": "2 - 17:06",
            "label": "comments",
            "category": 0,
            "position": "1026000",
            "half": "2",
            "confidence": "1.0"
        },
        {
            "gameTime": "2 - 17:19",
            "label": "comments",
            "category": 0,
            "position": "1039000",
            "half": "2",
            "confidence": "1.0"
        },
        {
            "gameTime": "2 - 18:19",
            "label": "comments",
            "category": 0,
            "position": "1099000",
            "half": "2",
            "confidence": "1.0"
        },
        {
            "gameTime": "2 - 18:34",
            "label": "comments",
            "category": 0,
            "position": "1114000",
            "half": "2",
            "confidence": "1.0"
        },
        {
            "gameTime": "2 - 18:36",
            "label": "comments",
            "category": 0,
            "position": "1116000",
            "half": "2",
            "confidence": "1.0"
        },
        {
            "gameTime": "2 - 18:54",
            "label": "comments",
            "category": 0,
            "position": "1134000",
            "half": "2",
            "confidence": "1.0"
        },
        {
            "gameTime": "2 - 19:15",
            "label": "comments",
            "category": 0,
            "position": "1155000",
            "half": "2",
            "confidence": "1.0"
        },
        {
            "gameTime": "2 - 19:45",
            "label": "comments",
            "category": 0,
            "position": "1185000",
            "half": "2",
            "confidence": "1.0"
        },
        {
            "gameTime": "2 - 20:01",
            "label": "comments",
            "category": 0,
            "position": "1201000",
            "half": "2",
            "confidence": "1.0"
        },
        {
            "gameTime": "2 - 20:11",
            "label": "comments",
            "category": 0,
            "position": "1211000",
            "half": "2",
            "confidence": "1.0"
        },
        {
            "gameTime": "2 - 20:16",
            "label": "comments",
            "category": 0,
            "position": "1216000",
            "half": "2",
            "confidence": "1.0"
        },
        {
            "gameTime": "2 - 20:26",
            "label": "comments",
            "category": 0,
            "position": "1226000",
            "half": "2",
            "confidence": "1.0"
        },
        {
            "gameTime": "2 - 20:28",
            "label": "comments",
            "category": 0,
            "position": "1228000",
            "half": "2",
            "confidence": "1.0"
        },
        {
            "gameTime": "2 - 20:34",
            "label": "comments",
            "category": 0,
            "position": "1234000",
            "half": "2",
            "confidence": "1.0"
        },
        {
            "gameTime": "2 - 21:02",
            "label": "comments",
            "category": 0,
            "position": "1262000",
            "half": "2",
            "confidence": "1.0"
        },
        {
            "gameTime": "2 - 21:06",
            "label": "comments",
            "category": 0,
            "position": "1266000",
            "half": "2",
            "confidence": "1.0"
        },
        {
            "gameTime": "2 - 21:10",
            "label": "comments",
            "category": 0,
            "position": "1270000",
            "half": "2",
            "confidence": "1.0"
        },
        {
            "gameTime": "2 - 21:12",
            "label": "comments",
            "category": 0,
            "position": "1272000",
            "half": "2",
            "confidence": "1.0"
        },
        {
            "gameTime": "2 - 21:22",
            "label": "comments",
            "category": 0,
            "position": "1282000",
            "half": "2",
            "confidence": "1.0"
        },
        {
            "gameTime": "2 - 21:30",
            "label": "comments",
            "category": 0,
            "position": "1290000",
            "half": "2",
            "confidence": "1.0"
        },
        {
            "gameTime": "2 - 22:09",
            "label": "comments",
            "category": 0,
            "position": "1329000",
            "half": "2",
            "confidence": "1.0"
        },
        {
            "gameTime": "2 - 22:17",
            "label": "comments",
            "category": 0,
            "position": "1337000",
            "half": "2",
            "confidence": "1.0"
        },
        {
            "gameTime": "2 - 22:23",
            "label": "comments",
            "category": 0,
            "position": "1343000",
            "half": "2",
            "confidence": "1.0"
        },
        {
            "gameTime": "2 - 22:28",
            "label": "comments",
            "category": 0,
            "position": "1348000",
            "half": "2",
            "confidence": "1.0"
        },
        {
            "gameTime": "2 - 22:34",
            "label": "comments",
            "category": 0,
            "position": "1354000",
            "half": "2",
            "confidence": "1.0"
        },
        {
            "gameTime": "2 - 22:43",
            "label": "comments",
            "category": 0,
            "position": "1363000",
            "half": "2",
            "confidence": "1.0"
        },
        {
            "gameTime": "2 - 22:46",
            "label": "comments",
            "category": 1,
            "position": "1366000",
            "half": "2",
            "confidence": "1.0"
        },
        {
            "gameTime": "2 - 22:52",
            "label": "comments",
            "category": 0,
            "position": "1372000",
            "half": "2",
            "confidence": "1.0"
        },
        {
            "gameTime": "2 - 22:55",
            "label": "comments",
            "category": 0,
            "position": "1375000",
            "half": "2",
            "confidence": "1.0"
        },
        {
            "gameTime": "2 - 23:01",
            "label": "comments",
            "category": 0,
            "position": "1381000",
            "half": "2",
            "confidence": "1.0"
        },
        {
            "gameTime": "2 - 23:07",
            "label": "comments",
            "category": 0,
            "position": "1387000",
            "half": "2",
            "confidence": "1.0"
        },
        {
            "gameTime": "2 - 23:13",
            "label": "comments",
            "category": 0,
            "position": "1393000",
            "half": "2",
            "confidence": "1.0"
        },
        {
            "gameTime": "2 - 23:36",
            "label": "comments",
            "category": 0,
            "position": "1416000",
            "half": "2",
            "confidence": "1.0"
        },
        {
            "gameTime": "2 - 23:41",
            "label": "comments",
            "category": 0,
            "position": "1421000",
            "half": "2",
            "confidence": "1.0"
        },
        {
            "gameTime": "2 - 23:56",
            "label": "comments",
            "category": 0,
            "position": "1436000",
            "half": "2",
            "confidence": "1.0"
        },
        {
            "gameTime": "2 - 24:01",
            "label": "comments",
            "category": 0,
            "position": "1441000",
            "half": "2",
            "confidence": "1.0"
        },
        {
            "gameTime": "2 - 24:08",
            "label": "comments",
            "category": 0,
            "position": "1448000",
            "half": "2",
            "confidence": "1.0"
        },
        {
            "gameTime": "2 - 24:16",
            "label": "comments",
            "category": 0,
            "position": "1456000",
            "half": "2",
            "confidence": "1.0"
        },
        {
            "gameTime": "2 - 24:31",
            "label": "comments",
            "category": 0,
            "position": "1471000",
            "half": "2",
            "confidence": "1.0"
        },
        {
            "gameTime": "2 - 24:43",
            "label": "comments",
            "category": 0,
            "position": "1483000",
            "half": "2",
            "confidence": "1.0"
        },
        {
            "gameTime": "2 - 24:46",
            "label": "comments",
            "category": 0,
            "position": "1486000",
            "half": "2",
            "confidence": "1.0"
        },
        {
            "gameTime": "2 - 24:54",
            "label": "comments",
            "category": 0,
            "position": "1494000",
            "half": "2",
            "confidence": "1.0"
        },
        {
            "gameTime": "2 - 24:57",
            "label": "comments",
            "category": 0,
            "position": "1497000",
            "half": "2",
            "confidence": "1.0"
        },
        {
            "gameTime": "2 - 25:24",
            "label": "comments",
            "category": 0,
            "position": "1524000",
            "half": "2",
            "confidence": "1.0"
        },
        {
            "gameTime": "2 - 25:30",
            "label": "comments",
            "category": 0,
            "position": "1530000",
            "half": "2",
            "confidence": "1.0"
        },
        {
            "gameTime": "2 - 25:35",
            "label": "comments",
            "category": 0,
            "position": "1535000",
            "half": "2",
            "confidence": "1.0"
        },
        {
            "gameTime": "2 - 25:48",
            "label": "comments",
            "category": 0,
            "position": "1548000",
            "half": "2",
            "confidence": "1.0"
        },
        {
            "gameTime": "2 - 26:11",
            "label": "comments",
            "category": 0,
            "position": "1571000",
            "half": "2",
            "confidence": "1.0"
        },
        {
            "gameTime": "2 - 26:14",
            "label": "comments",
            "category": 0,
            "position": "1574000",
            "half": "2",
            "confidence": "1.0"
        },
        {
            "gameTime": "2 - 26:16",
            "label": "comments",
            "category": 0,
            "position": "1576000",
            "half": "2",
            "confidence": "1.0"
        },
        {
            "gameTime": "2 - 26:27",
            "label": "comments",
            "category": 0,
            "position": "1587000",
            "half": "2",
            "confidence": "1.0"
        },
        {
            "gameTime": "2 - 26:28",
            "label": "comments",
            "category": 0,
            "position": "1588000",
            "half": "2",
            "confidence": "1.0"
        },
        {
            "gameTime": "2 - 26:37",
            "label": "comments",
            "category": 0,
            "position": "1597000",
            "half": "2",
            "confidence": "1.0"
        },
        {
            "gameTime": "2 - 26:39",
            "label": "comments",
            "category": 0,
            "position": "1599000",
            "half": "2",
            "confidence": "1.0"
        },
        {
            "gameTime": "2 - 26:40",
            "label": "comments",
            "category": 0,
            "position": "1600000",
            "half": "2",
            "confidence": "1.0"
        },
        {
            "gameTime": "2 - 27:01",
            "label": "comments",
            "category": 0,
            "position": "1621000",
            "half": "2",
            "confidence": "1.0"
        },
        {
            "gameTime": "2 - 27:05",
            "label": "comments",
            "category": 0,
            "position": "1625000",
            "half": "2",
            "confidence": "1.0"
        },
        {
            "gameTime": "2 - 27:15",
            "label": "comments",
            "category": 0,
            "position": "1635000",
            "half": "2",
            "confidence": "1.0"
        },
        {
            "gameTime": "2 - 27:17",
            "label": "comments",
            "category": 0,
            "position": "1637000",
            "half": "2",
            "confidence": "1.0"
        },
        {
            "gameTime": "2 - 27:19",
            "label": "comments",
            "category": 1,
            "position": "1639000",
            "half": "2",
            "confidence": "1.0"
        },
        {
            "gameTime": "2 - 27:33",
            "label": "comments",
            "category": 1,
            "position": "1653000",
            "half": "2",
            "confidence": "1.0"
        },
        {
            "gameTime": "2 - 27:48",
            "label": "comments",
            "category": 0,
            "position": "1668000",
            "half": "2",
            "confidence": "1.0"
        },
        {
            "gameTime": "2 - 27:50",
            "label": "comments",
            "category": 0,
            "position": "1670000",
            "half": "2",
            "confidence": "1.0"
        },
        {
            "gameTime": "2 - 27:54",
            "label": "comments",
            "category": 0,
            "position": "1674000",
            "half": "2",
            "confidence": "1.0"
        },
        {
            "gameTime": "2 - 28:00",
            "label": "comments",
            "category": 0,
            "position": "1680000",
            "half": "2",
            "confidence": "1.0"
        },
        {
            "gameTime": "2 - 28:02",
            "label": "comments",
            "category": 0,
            "position": "1682000",
            "half": "2",
            "confidence": "1.0"
        },
        {
            "gameTime": "2 - 28:07",
            "label": "comments",
            "category": 0,
            "position": "1687000",
            "half": "2",
            "confidence": "1.0"
        },
        {
            "gameTime": "2 - 28:08",
            "label": "comments",
            "category": 0,
            "position": "1688000",
            "half": "2",
            "confidence": "1.0"
        },
        {
            "gameTime": "2 - 28:10",
            "label": "comments",
            "category": 0,
            "position": "1690000",
            "half": "2",
            "confidence": "1.0"
        },
        {
            "gameTime": "2 - 30:36",
            "label": "comments",
            "category": 0,
            "position": "1836000",
            "half": "2",
            "confidence": "1.0"
        },
        {
            "gameTime": "2 - 30:37",
            "label": "comments",
            "category": 0,
            "position": "1837000",
            "half": "2",
            "confidence": "1.0"
        },
        {
            "gameTime": "2 - 30:46",
            "label": "comments",
            "category": 0,
            "position": "1846000",
            "half": "2",
            "confidence": "1.0"
        },
        {
            "gameTime": "2 - 30:49",
            "label": "comments",
            "category": 0,
            "position": "1849000",
            "half": "2",
            "confidence": "1.0"
        },
        {
            "gameTime": "2 - 30:51",
            "label": "comments",
            "category": 0,
            "position": "1851000",
            "half": "2",
            "confidence": "1.0"
        },
        {
            "gameTime": "2 - 30:52",
            "label": "comments",
            "category": 0,
            "position": "1852000",
            "half": "2",
            "confidence": "1.0"
        },
        {
            "gameTime": "2 - 30:54",
            "label": "comments",
            "category": 0,
            "position": "1854000",
            "half": "2",
            "confidence": "1.0"
        },
        {
            "gameTime": "2 - 30:55",
            "label": "comments",
            "category": 1,
            "position": "1855000",
            "half": "2",
            "confidence": "1.0"
        },
        {
            "gameTime": "2 - 30:57",
            "label": "comments",
            "category": 0,
            "position": "1857000",
            "half": "2",
            "confidence": "1.0"
        },
        {
            "gameTime": "2 - 31:04",
            "label": "comments",
            "category": 0,
            "position": "1864000",
            "half": "2",
            "confidence": "1.0"
        },
        {
            "gameTime": "2 - 31:04",
            "label": "comments",
            "category": 1,
            "position": "1864000",
            "half": "2",
            "confidence": "1.0"
        },
        {
            "gameTime": "2 - 34:15",
            "label": "comments",
            "category": 0,
            "position": "2055000",
            "half": "2",
            "confidence": "1.0"
        },
        {
            "gameTime": "2 - 34:15",
            "label": "comments",
            "category": 1,
            "position": "2055000",
            "half": "2",
            "confidence": "1.0"
        },
        {
            "gameTime": "2 - 35:45",
            "label": "comments",
            "category": 0,
            "position": "2145000",
            "half": "2",
            "confidence": "1.0"
        },
        {
            "gameTime": "2 - 35:45",
            "label": "comments",
            "category": 1,
            "position": "2145000",
            "half": "2",
            "confidence": "1.0"
        },
        {
            "gameTime": "2 - 36:45",
            "label": "comments",
            "category": 1,
            "position": "2205000",
            "half": "2",
            "confidence": "1.0"
        }
    ],
    "game": "germany_bundesliga/2016-2017/2016-11-05 - 17-30 Hamburger SV 2 - 5 Dortmund"
}