{
    "predictions": [
        {
            "gameTime": "1 - 00:00",
            "label": "comments",
            "category": 1,
            "position": "0",
            "half": "1",
            "confidence": "1.0"
        },
        {
            "gameTime": "2 - 00:00",
            "label": "comments",
            "category": 1,
            "position": "0",
            "half": "2",
            "confidence": "1.0"
        },
        {
            "gameTime": "2 - 26:08",
            "label": "comments",
            "category": 1,
            "position": "1568000",
            "half": "2",
            "confidence": "1.0"
        },
        {
            "gameTime": "2 - 26:10",
            "label": "comments",
            "category": 0,
            "position": "1570000",
            "half": "2",
            "confidence": "1.0"
        },
        {
            "gameTime": "2 - 26:15",
            "label": "comments",
            "category": 0,
            "position": "1575000",
            "half": "2",
            "confidence": "1.0"
        },
        {
            "gameTime": "2 - 26:20",
            "label": "comments",
            "category": 0,
            "position": "1580000",
            "half": "2",
            "confidence": "1.0"
        },
        {
            "gameTime": "2 - 26:21",
            "label": "comments",
            "category": 0,
            "position": "1581000",
            "half": "2",
            "confidence": "1.0"
        },
        {
            "gameTime": "2 - 27:02",
            "label": "comments",
            "category": 0,
            "position": "1622000",
            "half": "2",
            "confidence": "1.0"
        },
        {
            "gameTime": "2 - 27:12",
            "label": "comments",
            "category": 0,
            "position": "1632000",
            "half": "2",
            "confidence": "1.0"
        },
        {
            "gameTime": "2 - 27:16",
            "label": "comments",
            "category": 1,
            "position": "1636000",
            "half": "2",
            "confidence": "1.0"
        },
        {
            "gameTime": "2 - 27:20",
            "label": "comments",
            "category": 0,
            "position": "1640000",
            "half": "2",
            "confidence": "1.0"
        },
        {
            "gameTime": "2 - 27:28",
            "label": "comments",
            "category": 1,
            "position": "1648000",
            "half": "2",
            "confidence": "1.0"
        },
        {
            "gameTime": "2 - 27:31",
            "label": "comments",
            "category": 0,
            "position": "1651000",
            "half": "2",
            "confidence": "1.0"
        },
        {
            "gameTime": "2 - 27:36",
            "label": "comments",
            "category": 0,
            "position": "1656000",
            "half": "2",
            "confidence": "1.0"
        },
        {
            "gameTime": "2 - 27:39",
            "label": "comments",
            "category": 0,
            "position": "1659000",
            "half": "2",
            "confidence": "1.0"
        },
        {
            "gameTime": "2 - 27:46",
            "label": "comments",
            "category": 0,
            "position": "1666000",
            "half": "2",
            "confidence": "1.0"
        },
        {
            "gameTime": "2 - 27:51",
            "label": "comments",
            "category": 0,
            "position": "1671000",
            "half": "2",
            "confidence": "1.0"
        },
        {
            "gameTime": "2 - 27:57",
            "label": "comments",
            "category": 0,
            "position": "1677000",
            "half": "2",
            "confidence": "1.0"
        },
        {
            "gameTime": "2 - 28:09",
            "label": "comments",
            "category": 0,
            "position": "1689000",
            "half": "2",
            "confidence": "1.0"
        },
        {
            "gameTime": "2 - 28:12",
            "label": "comments",
            "category": 0,
            "position": "1692000",
            "half": "2",
            "confidence": "1.0"
        },
        {
            "gameTime": "2 - 28:14",
            "label": "comments",
            "category": 0,
            "position": "1694000",
            "half": "2",
            "confidence": "1.0"
        },
        {
            "gameTime": "2 - 28:19",
            "label": "comments",
            "category": 0,
            "position": "1699000",
            "half": "2",
            "confidence": "1.0"
        },
        {
            "gameTime": "2 - 28:33",
            "label": "comments",
            "category": 0,
            "position": "1713000",
            "half": "2",
            "confidence": "1.0"
        },
        {
            "gameTime": "2 - 28:42",
            "label": "comments",
            "category": 1,
            "position": "1722000",
            "half": "2",
            "confidence": "1.0"
        },
        {
            "gameTime": "2 - 28:45",
            "label": "comments",
            "category": 1,
            "position": "1725000",
            "half": "2",
            "confidence": "1.0"
        },
        {
            "gameTime": "2 - 28:49",
            "label": "comments",
            "category": 1,
            "position": "1729000",
            "half": "2",
            "confidence": "1.0"
        },
        {
            "gameTime": "2 - 28:53",
            "label": "comments",
            "category": 1,
            "position": "1733000",
            "half": "2",
            "confidence": "1.0"
        },
        {
            "gameTime": "2 - 28:57",
            "label": "comments",
            "category": 0,
            "position": "1737000",
            "half": "2",
            "confidence": "1.0"
        },
        {
            "gameTime": "2 - 29:00",
            "label": "comments",
            "category": 0,
            "position": "1740000",
            "half": "2",
            "confidence": "1.0"
        },
        {
            "gameTime": "2 - 29:08",
            "label": "comments",
            "category": 0,
            "position": "1748000",
            "half": "2",
            "confidence": "1.0"
        },
        {
            "gameTime": "2 - 29:16",
            "label": "comments",
            "category": 0,
            "position": "1756000",
            "half": "2",
            "confidence": "1.0"
        },
        {
            "gameTime": "2 - 29:19",
            "label": "comments",
            "category": 0,
            "position": "1759000",
            "half": "2",
            "confidence": "1.0"
        },
        {
            "gameTime": "2 - 29:21",
            "label": "comments",
            "category": 1,
            "position": "1761000",
            "half": "2",
            "confidence": "1.0"
        },
        {
            "gameTime": "2 - 29:24",
            "label": "comments",
            "category": 1,
            "position": "1764000",
            "half": "2",
            "confidence": "1.0"
        },
        {
            "gameTime": "2 - 29:27",
            "label": "comments",
            "category": 0,
            "position": "1767000",
            "half": "2",
            "confidence": "1.0"
        },
        {
            "gameTime": "2 - 29:35",
            "label": "comments",
            "category": 0,
            "position": "1775000",
            "half": "2",
            "confidence": "1.0"
        },
        {
            "gameTime": "2 - 29:45",
            "label": "comments",
            "category": 0,
            "position": "1785000",
            "half": "2",
            "confidence": "1.0"
        },
        {
            "gameTime": "2 - 29:51",
            "label": "comments",
            "category": 0,
            "position": "1791000",
            "half": "2",
            "confidence": "1.0"
        },
        {
            "gameTime": "2 - 29:54",
            "label": "comments",
            "category": 0,
            "position": "1794000",
            "half": "2",
            "confidence": "1.0"
        },
        {
            "gameTime": "2 - 30:03",
            "label": "comments",
            "category": 0,
            "position": "1803000",
            "half": "2",
            "confidence": "1.0"
        },
        {
            "gameTime": "2 - 30:08",
            "label": "comments",
            "category": 1,
            "position": "1808000",
            "half": "2",
            "confidence": "1.0"
        },
        {
            "gameTime": "2 - 30:13",
            "label": "comments",
            "category": 0,
            "position": "1813000",
            "half": "2",
            "confidence": "1.0"
        },
        {
            "gameTime": "2 - 30:20",
            "label": "comments",
            "category": 0,
            "position": "1820000",
            "half": "2",
            "confidence": "1.0"
        },
        {
            "gameTime": "2 - 30:26",
            "label": "comments",
            "category": 0,
            "position": "1826000",
            "half": "2",
            "confidence": "1.0"
        },
        {
            "gameTime": "2 - 30:32",
            "label": "comments",
            "category": 0,
            "position": "1832000",
            "half": "2",
            "confidence": "1.0"
        },
        {
            "gameTime": "2 - 30:37",
            "label": "comments",
            "category": 0,
            "position": "1837000",
            "half": "2",
            "confidence": "1.0"
        },
        {
            "gameTime": "2 - 30:40",
            "label": "comments",
            "category": 0,
            "position": "1840000",
            "half": "2",
            "confidence": "1.0"
        },
        {
            "gameTime": "2 - 30:43",
            "label": "comments",
            "category": 0,
            "position": "1843000",
            "half": "2",
            "confidence": "1.0"
        },
        {
            "gameTime": "2 - 30:47",
            "label": "comments",
            "category": 0,
            "position": "1847000",
            "half": "2",
            "confidence": "1.0"
        },
        {
            "gameTime": "2 - 30:51",
            "label": "comments",
            "category": 0,
            "position": "1851000",
            "half": "2",
            "confidence": "1.0"
        },
        {
            "gameTime": "2 - 30:53",
            "label": "comments",
            "category": 0,
            "position": "1853000",
            "half": "2",
            "confidence": "1.0"
        },
        {
            "gameTime": "2 - 30:56",
            "label": "comments",
            "category": 0,
            "position": "1856000",
            "half": "2",
            "confidence": "1.0"
        },
        {
            "gameTime": "2 - 31:01",
            "label": "comments",
            "category": 0,
            "position": "1861000",
            "half": "2",
            "confidence": "1.0"
        },
        {
            "gameTime": "2 - 31:07",
            "label": "comments",
            "category": 0,
            "position": "1867000",
            "half": "2",
            "confidence": "1.0"
        },
        {
            "gameTime": "2 - 31:10",
            "label": "comments",
            "category": 0,
            "position": "1870000",
            "half": "2",
            "confidence": "1.0"
        },
        {
            "gameTime": "2 - 31:14",
            "label": "comments",
            "category": 0,
            "position": "1874000",
            "half": "2",
            "confidence": "1.0"
        },
        {
            "gameTime": "2 - 31:20",
            "label": "comments",
            "category": 0,
            "position": "1880000",
            "half": "2",
            "confidence": "1.0"
        },
        {
            "gameTime": "2 - 31:23",
            "label": "comments",
            "category": 0,
            "position": "1883000",
            "half": "2",
            "confidence": "1.0"
        },
        {
            "gameTime": "2 - 31:30",
            "label": "comments",
            "category": 0,
            "position": "1890000",
            "half": "2",
            "confidence": "1.0"
        },
        {
            "gameTime": "2 - 31:33",
            "label": "comments",
            "category": 0,
            "position": "1893000",
            "half": "2",
            "confidence": "1.0"
        },
        {
            "gameTime": "2 - 31:37",
            "label": "comments",
            "category": 0,
            "position": "1897000",
            "half": "2",
            "confidence": "1.0"
        },
        {
            "gameTime": "2 - 31:39",
            "label": "comments",
            "category": 0,
            "position": "1899000",
            "half": "2",
            "confidence": "1.0"
        },
        {
            "gameTime": "2 - 31:42",
            "label": "comments",
            "category": 0,
            "position": "1902000",
            "half": "2",
            "confidence": "1.0"
        },
        {
            "gameTime": "2 - 31:45",
            "label": "comments",
            "category": 0,
            "position": "1905000",
            "half": "2",
            "confidence": "1.0"
        },
        {
            "gameTime": "2 - 31:47",
            "label": "comments",
            "category": 0,
            "position": "1907000",
            "half": "2",
            "confidence": "1.0"
        },
        {
            "gameTime": "2 - 31:50",
            "label": "comments",
            "category": 0,
            "position": "1910000",
            "half": "2",
            "confidence": "1.0"
        },
        {
            "gameTime": "2 - 31:54",
            "label": "comments",
            "category": 0,
            "position": "1914000",
            "half": "2",
            "confidence": "1.0"
        },
        {
            "gameTime": "2 - 31:57",
            "label": "comments",
            "category": 0,
            "position": "1917000",
            "half": "2",
            "confidence": "1.0"
        },
        {
            "gameTime": "2 - 32:19",
            "label": "comments",
            "category": 0,
            "position": "1939000",
            "half": "2",
            "confidence": "1.0"
        },
        {
            "gameTime": "2 - 32:49",
            "label": "comments",
            "category": 0,
            "position": "1969000",
            "half": "2",
            "confidence": "1.0"
        },
        {
            "gameTime": "2 - 33:00",
            "label": "comments",
            "category": 1,
            "position": "1980000",
            "half": "2",
            "confidence": "1.0"
        },
        {
            "gameTime": "2 - 33:13",
            "label": "comments",
            "category": 0,
            "position": "1993000",
            "half": "2",
            "confidence": "1.0"
        },
        {
            "gameTime": "2 - 33:20",
            "label": "comments",
            "category": 0,
            "position": "2000000",
            "half": "2",
            "confidence": "1.0"
        },
        {
            "gameTime": "2 - 33:26",
            "label": "comments",
            "category": 0,
            "position": "2006000",
            "half": "2",
            "confidence": "1.0"
        },
        {
            "gameTime": "2 - 33:29",
            "label": "comments",
            "category": 0,
            "position": "2009000",
            "half": "2",
            "confidence": "1.0"
        },
        {
            "gameTime": "2 - 33:50",
            "label": "comments",
            "category": 0,
            "position": "2030000",
            "half": "2",
            "confidence": "1.0"
        },
        {
            "gameTime": "2 - 33:52",
            "label": "comments",
            "category": 0,
            "position": "2032000",
            "half": "2",
            "confidence": "1.0"
        },
        {
            "gameTime": "2 - 33:55",
            "label": "comments",
            "category": 1,
            "position": "2035000",
            "half": "2",
            "confidence": "1.0"
        },
        {
            "gameTime": "2 - 33:56",
            "label": "comments",
            "category": 0,
            "position": "2036000",
            "half": "2",
            "confidence": "1.0"
        },
        {
            "gameTime": "2 - 33:58",
            "label": "comments",
            "category": 0,
            "position": "2038000",
            "half": "2",
            "confidence": "1.0"
        },
        {
            "gameTime": "2 - 34:00",
            "label": "comments",
            "category": 1,
            "position": "2040000",
            "half": "2",
            "confidence": "1.0"
        },
        {
            "gameTime": "2 - 34:02",
            "label": "comments",
            "category": 0,
            "position": "2042000",
            "half": "2",
            "confidence": "1.0"
        },
        {
            "gameTime": "2 - 34:07",
            "label": "comments",
            "category": 0,
            "position": "2047000",
            "half": "2",
            "confidence": "1.0"
        },
        {
            "gameTime": "2 - 34:20",
            "label": "comments",
            "category": 0,
            "position": "2060000",
            "half": "2",
            "confidence": "1.0"
        },
        {
            "gameTime": "2 - 34:23",
            "label": "comments",
            "category": 1,
            "position": "2063000",
            "half": "2",
            "confidence": "1.0"
        },
        {
            "gameTime": "2 - 34:27",
            "label": "comments",
            "category": 0,
            "position": "2067000",
            "half": "2",
            "confidence": "1.0"
        },
        {
            "gameTime": "2 - 34:33",
            "label": "comments",
            "category": 0,
            "position": "2073000",
            "half": "2",
            "confidence": "1.0"
        },
        {
            "gameTime": "2 - 34:37",
            "label": "comments",
            "category": 0,
            "position": "2077000",
            "half": "2",
            "confidence": "1.0"
        },
        {
            "gameTime": "2 - 34:40",
            "label": "comments",
            "category": 0,
            "position": "2080000",
            "half": "2",
            "confidence": "1.0"
        },
        {
            "gameTime": "2 - 34:42",
            "label": "comments",
            "category": 1,
            "position": "2082000",
            "half": "2",
            "confidence": "1.0"
        },
        {
            "gameTime": "2 - 34:52",
            "label": "comments",
            "category": 0,
            "position": "2092000",
            "half": "2",
            "confidence": "1.0"
        },
        {
            "gameTime": "2 - 34:56",
            "label": "comments",
            "category": 1,
            "position": "2096000",
            "half": "2",
            "confidence": "1.0"
        },
        {
            "gameTime": "2 - 35:02",
            "label": "comments",
            "category": 1,
            "position": "2102000",
            "half": "2",
            "confidence": "1.0"
        },
        {
            "gameTime": "2 - 35:10",
            "label": "comments",
            "category": 0,
            "position": "2110000",
            "half": "2",
            "confidence": "1.0"
        },
        {
            "gameTime": "2 - 35:13",
            "label": "comments",
            "category": 0,
            "position": "2113000",
            "half": "2",
            "confidence": "1.0"
        },
        {
            "gameTime": "2 - 35:15",
            "label": "comments",
            "category": 0,
            "position": "2115000",
            "half": "2",
            "confidence": "1.0"
        },
        {
            "gameTime": "2 - 35:22",
            "label": "comments",
            "category": 0,
            "position": "2122000",
            "half": "2",
            "confidence": "1.0"
        },
        {
            "gameTime": "2 - 35:29",
            "label": "comments",
            "category": 0,
            "position": "2129000",
            "half": "2",
            "confidence": "1.0"
        },
        {
            "gameTime": "2 - 35:31",
            "label": "comments",
            "category": 0,
            "position": "2131000",
            "half": "2",
            "confidence": "1.0"
        },
        {
            "gameTime": "2 - 35:40",
            "label": "comments",
            "category": 0,
            "position": "2140000",
            "half": "2",
            "confidence": "1.0"
        },
        {
            "gameTime": "2 - 35:50",
            "label": "comments",
            "category": 0,
            "position": "2150000",
            "half": "2",
            "confidence": "1.0"
        },
        {
            "gameTime": "2 - 36:01",
            "label": "comments",
            "category": 0,
            "position": "2161000",
            "half": "2",
            "confidence": "1.0"
        },
        {
            "gameTime": "2 - 36:05",
            "label": "comments",
            "category": 0,
            "position": "2165000",
            "half": "2",
            "confidence": "1.0"
        },
        {
            "gameTime": "2 - 36:11",
            "label": "comments",
            "category": 0,
            "position": "2171000",
            "half": "2",
            "confidence": "1.0"
        },
        {
            "gameTime": "2 - 36:23",
            "label": "comments",
            "category": 0,
            "position": "2183000",
            "half": "2",
            "confidence": "1.0"
        },
        {
            "gameTime": "2 - 36:26",
            "label": "comments",
            "category": 0,
            "position": "2186000",
            "half": "2",
            "confidence": "1.0"
        },
        {
            "gameTime": "2 - 36:27",
            "label": "comments",
            "category": 0,
            "position": "2187000",
            "half": "2",
            "confidence": "1.0"
        },
        {
            "gameTime": "2 - 36:28",
            "label": "comments",
            "category": 0,
            "position": "2188000",
            "half": "2",
            "confidence": "1.0"
        },
        {
            "gameTime": "2 - 36:29",
            "label": "comments",
            "category": 0,
            "position": "2189000",
            "half": "2",
            "confidence": "1.0"
        },
        {
            "gameTime": "2 - 36:31",
            "label": "comments",
            "category": 0,
            "position": "2191000",
            "half": "2",
            "confidence": "1.0"
        },
        {
            "gameTime": "2 - 36:33",
            "label": "comments",
            "category": 0,
            "position": "2193000",
            "half": "2",
            "confidence": "1.0"
        },
        {
            "gameTime": "2 - 36:37",
            "label": "comments",
            "category": 0,
            "position": "2197000",
            "half": "2",
            "confidence": "1.0"
        },
        {
            "gameTime": "2 - 36:42",
            "label": "comments",
            "category": 0,
            "position": "2202000",
            "half": "2",
            "confidence": "1.0"
        },
        {
            "gameTime": "2 - 36:45",
            "label": "comments",
            "category": 0,
            "position": "2205000",
            "half": "2",
            "confidence": "1.0"
        },
        {
            "gameTime": "2 - 36:47",
            "label": "comments",
            "category": 0,
            "position": "2207000",
            "half": "2",
            "confidence": "1.0"
        },
        {
            "gameTime": "2 - 36:53",
            "label": "comments",
            "category": 0,
            "position": "2213000",
            "half": "2",
            "confidence": "1.0"
        },
        {
            "gameTime": "2 - 36:55",
            "label": "comments",
            "category": 0,
            "position": "2215000",
            "half": "2",
            "confidence": "1.0"
        },
        {
            "gameTime": "2 - 36:59",
            "label": "comments",
            "category": 0,
            "position": "2219000",
            "half": "2",
            "confidence": "1.0"
        },
        {
            "gameTime": "2 - 37:03",
            "label": "comments",
            "category": 0,
            "position": "2223000",
            "half": "2",
            "confidence": "1.0"
        },
        {
            "gameTime": "2 - 37:07",
            "label": "comments",
            "category": 0,
            "position": "2227000",
            "half": "2",
            "confidence": "1.0"
        },
        {
            "gameTime": "2 - 37:09",
            "label": "comments",
            "category": 0,
            "position": "2229000",
            "half": "2",
            "confidence": "1.0"
        },
        {
            "gameTime": "2 - 37:35",
            "label": "comments",
            "category": 0,
            "position": "2255000",
            "half": "2",
            "confidence": "1.0"
        },
        {
            "gameTime": "2 - 37:37",
            "label": "comments",
            "category": 0,
            "position": "2257000",
            "half": "2",
            "confidence": "1.0"
        },
        {
            "gameTime": "2 - 37:38",
            "label": "comments",
            "category": 0,
            "position": "2258000",
            "half": "2",
            "confidence": "1.0"
        },
        {
            "gameTime": "2 - 37:41",
            "label": "comments",
            "category": 0,
            "position": "2261000",
            "half": "2",
            "confidence": "1.0"
        },
        {
            "gameTime": "2 - 37:47",
            "label": "comments",
            "category": 0,
            "position": "2267000",
            "half": "2",
            "confidence": "1.0"
        },
        {
            "gameTime": "2 - 37:59",
            "label": "comments",
            "category": 0,
            "position": "2279000",
            "half": "2",
            "confidence": "1.0"
        },
        {
            "gameTime": "2 - 38:00",
            "label": "comments",
            "category": 0,
            "position": "2280000",
            "half": "2",
            "confidence": "1.0"
        },
        {
            "gameTime": "2 - 38:05",
            "label": "comments",
            "category": 0,
            "position": "2285000",
            "half": "2",
            "confidence": "1.0"
        },
        {
            "gameTime": "2 - 38:16",
            "label": "comments",
            "category": 1,
            "position": "2296000",
            "half": "2",
            "confidence": "1.0"
        },
        {
            "gameTime": "2 - 38:17",
            "label": "comments",
            "category": 0,
            "position": "2297000",
            "half": "2",
            "confidence": "1.0"
        },
        {
            "gameTime": "2 - 38:25",
            "label": "comments",
            "category": 0,
            "position": "2305000",
            "half": "2",
            "confidence": "1.0"
        },
        {
            "gameTime": "2 - 38:29",
            "label": "comments",
            "category": 0,
            "position": "2309000",
            "half": "2",
            "confidence": "1.0"
        },
        {
            "gameTime": "2 - 38:45",
            "label": "comments",
            "category": 0,
            "position": "2325000",
            "half": "2",
            "confidence": "1.0"
        },
        {
            "gameTime": "2 - 38:48",
            "label": "comments",
            "category": 0,
            "position": "2328000",
            "half": "2",
            "confidence": "1.0"
        },
        {
            "gameTime": "2 - 38:52",
            "label": "comments",
            "category": 0,
            "position": "2332000",
            "half": "2",
            "confidence": "1.0"
        },
        {
            "gameTime": "2 - 38:53",
            "label": "comments",
            "category": 0,
            "position": "2333000",
            "half": "2",
            "confidence": "1.0"
        },
        {
            "gameTime": "2 - 38:54",
            "label": "comments",
            "category": 1,
            "position": "2334000",
            "half": "2",
            "confidence": "1.0"
        },
        {
            "gameTime": "2 - 38:56",
            "label": "comments",
            "category": 0,
            "position": "2336000",
            "half": "2",
            "confidence": "1.0"
        },
        {
            "gameTime": "2 - 39:01",
            "label": "comments",
            "category": 1,
            "position": "2341000",
            "half": "2",
            "confidence": "1.0"
        },
        {
            "gameTime": "2 - 39:02",
            "label": "comments",
            "category": 1,
            "position": "2342000",
            "half": "2",
            "confidence": "1.0"
        },
        {
            "gameTime": "2 - 39:04",
            "label": "comments",
            "category": 1,
            "position": "2344000",
            "half": "2",
            "confidence": "1.0"
        },
        {
            "gameTime": "2 - 39:09",
            "label": "comments",
            "category": 0,
            "position": "2349000",
            "half": "2",
            "confidence": "1.0"
        },
        {
            "gameTime": "2 - 39:13",
            "label": "comments",
            "category": 0,
            "position": "2353000",
            "half": "2",
            "confidence": "1.0"
        },
        {
            "gameTime": "2 - 39:22",
            "label": "comments",
            "category": 0,
            "position": "2362000",
            "half": "2",
            "confidence": "1.0"
        },
        {
            "gameTime": "2 - 39:23",
            "label": "comments",
            "category": 0,
            "position": "2363000",
            "half": "2",
            "confidence": "1.0"
        },
        {
            "gameTime": "2 - 39:24",
            "label": "comments",
            "category": 0,
            "position": "2364000",
            "half": "2",
            "confidence": "1.0"
        },
        {
            "gameTime": "2 - 39:31",
            "label": "comments",
            "category": 0,
            "position": "2371000",
            "half": "2",
            "confidence": "1.0"
        },
        {
            "gameTime": "2 - 39:38",
            "label": "comments",
            "category": 0,
            "position": "2378000",
            "half": "2",
            "confidence": "1.0"
        },
        {
            "gameTime": "2 - 39:41",
            "label": "comments",
            "category": 0,
            "position": "2381000",
            "half": "2",
            "confidence": "1.0"
        },
        {
            "gameTime": "2 - 39:42",
            "label": "comments",
            "category": 0,
            "position": "2382000",
            "half": "2",
            "confidence": "1.0"
        },
        {
            "gameTime": "2 - 39:44",
            "label": "comments",
            "category": 0,
            "position": "2384000",
            "half": "2",
            "confidence": "1.0"
        },
        {
            "gameTime": "2 - 39:46",
            "label": "comments",
            "category": 0,
            "position": "2386000",
            "half": "2",
            "confidence": "1.0"
        },
        {
            "gameTime": "2 - 39:49",
            "label": "comments",
            "category": 0,
            "position": "2389000",
            "half": "2",
            "confidence": "1.0"
        },
        {
            "gameTime": "2 - 39:51",
            "label": "comments",
            "category": 0,
            "position": "2391000",
            "half": "2",
            "confidence": "1.0"
        },
        {
            "gameTime": "2 - 39:52",
            "label": "comments",
            "category": 0,
            "position": "2392000",
            "half": "2",
            "confidence": "1.0"
        },
        {
            "gameTime": "2 - 39:53",
            "label": "comments",
            "category": 0,
            "position": "2393000",
            "half": "2",
            "confidence": "1.0"
        },
        {
            "gameTime": "2 - 39:55",
            "label": "comments",
            "category": 0,
            "position": "2395000",
            "half": "2",
            "confidence": "1.0"
        },
        {
            "gameTime": "2 - 39:58",
            "label": "comments",
            "category": 0,
            "position": "2398000",
            "half": "2",
            "confidence": "1.0"
        },
        {
            "gameTime": "2 - 39:59",
            "label": "comments",
            "category": 0,
            "position": "2399000",
            "half": "2",
            "confidence": "1.0"
        },
        {
            "gameTime": "2 - 40:01",
            "label": "comments",
            "category": 0,
            "position": "2401000",
            "half": "2",
            "confidence": "1.0"
        },
        {
            "gameTime": "2 - 40:04",
            "label": "comments",
            "category": 0,
            "position": "2404000",
            "half": "2",
            "confidence": "1.0"
        },
        {
            "gameTime": "2 - 40:20",
            "label": "comments",
            "category": 0,
            "position": "2420000",
            "half": "2",
            "confidence": "1.0"
        },
        {
            "gameTime": "2 - 40:22",
            "label": "comments",
            "category": 0,
            "position": "2422000",
            "half": "2",
            "confidence": "1.0"
        },
        {
            "gameTime": "2 - 40:27",
            "label": "comments",
            "category": 0,
            "position": "2427000",
            "half": "2",
            "confidence": "1.0"
        },
        {
            "gameTime": "2 - 40:30",
            "label": "comments",
            "category": 0,
            "position": "2430000",
            "half": "2",
            "confidence": "1.0"
        },
        {
            "gameTime": "2 - 40:50",
            "label": "comments",
            "category": 0,
            "position": "2450000",
            "half": "2",
            "confidence": "1.0"
        },
        {
            "gameTime": "2 - 40:52",
            "label": "comments",
            "category": 0,
            "position": "2452000",
            "half": "2",
            "confidence": "1.0"
        },
        {
            "gameTime": "2 - 40:56",
            "label": "comments",
            "category": 0,
            "position": "2456000",
            "half": "2",
            "confidence": "1.0"
        },
        {
            "gameTime": "2 - 41:00",
            "label": "comments",
            "category": 0,
            "position": "2460000",
            "half": "2",
            "confidence": "1.0"
        },
        {
            "gameTime": "2 - 41:03",
            "label": "comments",
            "category": 0,
            "position": "2463000",
            "half": "2",
            "confidence": "1.0"
        },
        {
            "gameTime": "2 - 41:12",
            "label": "comments",
            "category": 0,
            "position": "2472000",
            "half": "2",
            "confidence": "1.0"
        },
        {
            "gameTime": "2 - 41:15",
            "label": "comments",
            "category": 0,
            "position": "2475000",
            "half": "2",
            "confidence": "1.0"
        },
        {
            "gameTime": "2 - 41:17",
            "label": "comments",
            "category": 0,
            "position": "2477000",
            "half": "2",
            "confidence": "1.0"
        },
        {
            "gameTime": "2 - 41:19",
            "label": "comments",
            "category": 0,
            "position": "2479000",
            "half": "2",
            "confidence": "1.0"
        },
        {
            "gameTime": "2 - 41:34",
            "label": "comments",
            "category": 0,
            "position": "2494000",
            "half": "2",
            "confidence": "1.0"
        },
        {
            "gameTime": "2 - 41:40",
            "label": "comments",
            "category": 0,
            "position": "2500000",
            "half": "2",
            "confidence": "1.0"
        },
        {
            "gameTime": "2 - 41:49",
            "label": "comments",
            "category": 0,
            "position": "2509000",
            "half": "2",
            "confidence": "1.0"
        },
        {
            "gameTime": "2 - 41:56",
            "label": "comments",
            "category": 0,
            "position": "2516000",
            "half": "2",
            "confidence": "1.0"
        },
        {
            "gameTime": "2 - 41:59",
            "label": "comments",
            "category": 0,
            "position": "2519000",
            "half": "2",
            "confidence": "1.0"
        },
        {
            "gameTime": "2 - 42:02",
            "label": "comments",
            "category": 0,
            "position": "2522000",
            "half": "2",
            "confidence": "1.0"
        },
        {
            "gameTime": "2 - 42:10",
            "label": "comments",
            "category": 0,
            "position": "2530000",
            "half": "2",
            "confidence": "1.0"
        },
        {
            "gameTime": "2 - 42:20",
            "label": "comments",
            "category": 0,
            "position": "2540000",
            "half": "2",
            "confidence": "1.0"
        },
        {
            "gameTime": "2 - 42:22",
            "label": "comments",
            "category": 0,
            "position": "2542000",
            "half": "2",
            "confidence": "1.0"
        },
        {
            "gameTime": "2 - 42:34",
            "label": "comments",
            "category": 1,
            "position": "2554000",
            "half": "2",
            "confidence": "1.0"
        },
        {
            "gameTime": "2 - 42:37",
            "label": "comments",
            "category": 0,
            "position": "2557000",
            "half": "2",
            "confidence": "1.0"
        },
        {
            "gameTime": "2 - 42:40",
            "label": "comments",
            "category": 0,
            "position": "2560000",
            "half": "2",
            "confidence": "1.0"
        },
        {
            "gameTime": "2 - 42:50",
            "label": "comments",
            "category": 0,
            "position": "2570000",
            "half": "2",
            "confidence": "1.0"
        },
        {
            "gameTime": "2 - 43:03",
            "label": "comments",
            "category": 0,
            "position": "2583000",
            "half": "2",
            "confidence": "1.0"
        },
        {
            "gameTime": "2 - 43:08",
            "label": "comments",
            "category": 0,
            "position": "2588000",
            "half": "2",
            "confidence": "1.0"
        },
        {
            "gameTime": "2 - 43:20",
            "label": "comments",
            "category": 0,
            "position": "2600000",
            "half": "2",
            "confidence": "1.0"
        },
        {
            "gameTime": "2 - 43:26",
            "label": "comments",
            "category": 0,
            "position": "2606000",
            "half": "2",
            "confidence": "1.0"
        },
        {
            "gameTime": "2 - 43:32",
            "label": "comments",
            "category": 1,
            "position": "2612000",
            "half": "2",
            "confidence": "1.0"
        },
        {
            "gameTime": "2 - 43:37",
            "label": "comments",
            "category": 0,
            "position": "2617000",
            "half": "2",
            "confidence": "1.0"
        },
        {
            "gameTime": "2 - 43:37",
            "label": "comments",
            "category": 1,
            "position": "2617000",
            "half": "2",
            "confidence": "1.0"
        },
        {
            "gameTime": "2 - 43:43",
            "label": "comments",
            "category": 0,
            "position": "2623000",
            "half": "2",
            "confidence": "1.0"
        },
        {
            "gameTime": "2 - 43:48",
            "label": "comments",
            "category": 0,
            "position": "2628000",
            "half": "2",
            "confidence": "1.0"
        },
        {
            "gameTime": "2 - 43:53",
            "label": "comments",
            "category": 0,
            "position": "2633000",
            "half": "2",
            "confidence": "1.0"
        },
        {
            "gameTime": "2 - 44:11",
            "label": "comments",
            "category": 0,
            "position": "2651000",
            "half": "2",
            "confidence": "1.0"
        },
        {
            "gameTime": "2 - 44:18",
            "label": "comments",
            "category": 0,
            "position": "2658000",
            "half": "2",
            "confidence": "1.0"
        },
        {
            "gameTime": "2 - 44:27",
            "label": "comments",
            "category": 0,
            "position": "2667000",
            "half": "2",
            "confidence": "1.0"
        },
        {
            "gameTime": "2 - 44:37",
            "label": "comments",
            "category": 0,
            "position": "2677000",
            "half": "2",
            "confidence": "1.0"
        },
        {
            "gameTime": "2 - 44:43",
            "label": "comments",
            "category": 0,
            "position": "2683000",
            "half": "2",
            "confidence": "1.0"
        },
        {
            "gameTime": "2 - 44:46",
            "label": "comments",
            "category": 0,
            "position": "2686000",
            "half": "2",
            "confidence": "1.0"
        },
        {
            "gameTime": "2 - 44:50",
            "label": "comments",
            "category": 1,
            "position": "2690000",
            "half": "2",
            "confidence": "1.0"
        },
        {
            "gameTime": "2 - 44:53",
            "label": "comments",
            "category": 0,
            "position": "2693000",
            "half": "2",
            "confidence": "1.0"
        }
    ],
    "game": "italy_serie-a/2016-2017/2017-04-01 - 21-45 AS Roma 2 - 0 Empoli"
}