{
    "predictions": [
        {
            "gameTime": "1 - 00:00",
            "label": "comments",
            "category": 0,
            "position": "0",
            "half": "1",
            "confidence": "1.0"
        },
        {
            "gameTime": "1 - 23:30",
            "label": "comments",
            "category": 1,
            "position": "1410000",
            "half": "1",
            "confidence": "1.0"
        },
        {
            "gameTime": "2 - 00:00",
            "label": "comments",
            "category": 0,
            "position": "0",
            "half": "2",
            "confidence": "1.0"
        },
        {
            "gameTime": "2 - 00:09",
            "label": "comments",
            "category": 1,
            "position": "9000",
            "half": "2",
            "confidence": "1.0"
        },
        {
            "gameTime": "2 - 00:16",
            "label": "comments",
            "category": 1,
            "position": "16000",
            "half": "2",
            "confidence": "1.0"
        },
        {
            "gameTime": "2 - 00:27",
            "label": "comments",
            "category": 0,
            "position": "27000",
            "half": "2",
            "confidence": "1.0"
        },
        {
            "gameTime": "2 - 00:41",
            "label": "comments",
            "category": 0,
            "position": "41000",
            "half": "2",
            "confidence": "1.0"
        },
        {
            "gameTime": "2 - 00:47",
            "label": "comments",
            "category": 1,
            "position": "47000",
            "half": "2",
            "confidence": "1.0"
        },
        {
            "gameTime": "2 - 00:53",
            "label": "comments",
            "category": 0,
            "position": "53000",
            "half": "2",
            "confidence": "1.0"
        },
        {
            "gameTime": "2 - 01:07",
            "label": "comments",
            "category": 0,
            "position": "67000",
            "half": "2",
            "confidence": "1.0"
        },
        {
            "gameTime": "2 - 01:14",
            "label": "comments",
            "category": 0,
            "position": "74000",
            "half": "2",
            "confidence": "1.0"
        },
        {
            "gameTime": "2 - 01:23",
            "label": "comments",
            "category": 0,
            "position": "83000",
            "half": "2",
            "confidence": "1.0"
        },
        {
            "gameTime": "2 - 01:28",
            "label": "comments",
            "category": 0,
            "position": "88000",
            "half": "2",
            "confidence": "1.0"
        },
        {
            "gameTime": "2 - 01:37",
            "label": "comments",
            "category": 0,
            "position": "97000",
            "half": "2",
            "confidence": "1.0"
        },
        {
            "gameTime": "2 - 01:42",
            "label": "comments",
            "category": 0,
            "position": "102000",
            "half": "2",
            "confidence": "1.0"
        },
        {
            "gameTime": "2 - 01:45",
            "label": "comments",
            "category": 0,
            "position": "105000",
            "half": "2",
            "confidence": "1.0"
        },
        {
            "gameTime": "2 - 01:48",
            "label": "comments",
            "category": 0,
            "position": "108000",
            "half": "2",
            "confidence": "1.0"
        },
        {
            "gameTime": "2 - 01:54",
            "label": "comments",
            "category": 0,
            "position": "114000",
            "half": "2",
            "confidence": "1.0"
        },
        {
            "gameTime": "2 - 01:57",
            "label": "comments",
            "category": 0,
            "position": "117000",
            "half": "2",
            "confidence": "1.0"
        },
        {
            "gameTime": "2 - 02:00",
            "label": "comments",
            "category": 0,
            "position": "120000",
            "half": "2",
            "confidence": "1.0"
        },
        {
            "gameTime": "2 - 02:06",
            "label": "comments",
            "category": 0,
            "position": "126000",
            "half": "2",
            "confidence": "1.0"
        },
        {
            "gameTime": "2 - 02:12",
            "label": "comments",
            "category": 0,
            "position": "132000",
            "half": "2",
            "confidence": "1.0"
        },
        {
            "gameTime": "2 - 02:16",
            "label": "comments",
            "category": 1,
            "position": "136000",
            "half": "2",
            "confidence": "1.0"
        },
        {
            "gameTime": "2 - 02:23",
            "label": "comments",
            "category": 0,
            "position": "143000",
            "half": "2",
            "confidence": "1.0"
        },
        {
            "gameTime": "2 - 02:27",
            "label": "comments",
            "category": 1,
            "position": "147000",
            "half": "2",
            "confidence": "1.0"
        },
        {
            "gameTime": "2 - 02:31",
            "label": "comments",
            "category": 1,
            "position": "151000",
            "half": "2",
            "confidence": "1.0"
        },
        {
            "gameTime": "2 - 02:34",
            "label": "comments",
            "category": 0,
            "position": "154000",
            "half": "2",
            "confidence": "1.0"
        },
        {
            "gameTime": "2 - 02:39",
            "label": "comments",
            "category": 0,
            "position": "159000",
            "half": "2",
            "confidence": "1.0"
        },
        {
            "gameTime": "2 - 02:45",
            "label": "comments",
            "category": 0,
            "position": "165000",
            "half": "2",
            "confidence": "1.0"
        },
        {
            "gameTime": "2 - 02:45",
            "label": "comments",
            "category": 1,
            "position": "165000",
            "half": "2",
            "confidence": "1.0"
        },
        {
            "gameTime": "2 - 02:53",
            "label": "comments",
            "category": 0,
            "position": "173000",
            "half": "2",
            "confidence": "1.0"
        },
        {
            "gameTime": "2 - 02:59",
            "label": "comments",
            "category": 0,
            "position": "179000",
            "half": "2",
            "confidence": "1.0"
        },
        {
            "gameTime": "2 - 03:02",
            "label": "comments",
            "category": 1,
            "position": "182000",
            "half": "2",
            "confidence": "1.0"
        },
        {
            "gameTime": "2 - 03:10",
            "label": "comments",
            "category": 0,
            "position": "190000",
            "half": "2",
            "confidence": "1.0"
        },
        {
            "gameTime": "2 - 03:18",
            "label": "comments",
            "category": 1,
            "position": "198000",
            "half": "2",
            "confidence": "1.0"
        },
        {
            "gameTime": "2 - 03:23",
            "label": "comments",
            "category": 1,
            "position": "203000",
            "half": "2",
            "confidence": "1.0"
        },
        {
            "gameTime": "2 - 03:32",
            "label": "comments",
            "category": 0,
            "position": "212000",
            "half": "2",
            "confidence": "1.0"
        },
        {
            "gameTime": "2 - 03:36",
            "label": "comments",
            "category": 0,
            "position": "216000",
            "half": "2",
            "confidence": "1.0"
        },
        {
            "gameTime": "2 - 03:41",
            "label": "comments",
            "category": 0,
            "position": "221000",
            "half": "2",
            "confidence": "1.0"
        },
        {
            "gameTime": "2 - 03:48",
            "label": "comments",
            "category": 0,
            "position": "228000",
            "half": "2",
            "confidence": "1.0"
        },
        {
            "gameTime": "2 - 03:52",
            "label": "comments",
            "category": 0,
            "position": "232000",
            "half": "2",
            "confidence": "1.0"
        },
        {
            "gameTime": "2 - 04:05",
            "label": "comments",
            "category": 0,
            "position": "245000",
            "half": "2",
            "confidence": "1.0"
        },
        {
            "gameTime": "2 - 04:12",
            "label": "comments",
            "category": 0,
            "position": "252000",
            "half": "2",
            "confidence": "1.0"
        },
        {
            "gameTime": "2 - 04:20",
            "label": "comments",
            "category": 1,
            "position": "260000",
            "half": "2",
            "confidence": "1.0"
        },
        {
            "gameTime": "2 - 04:24",
            "label": "comments",
            "category": 1,
            "position": "264000",
            "half": "2",
            "confidence": "1.0"
        },
        {
            "gameTime": "2 - 04:28",
            "label": "comments",
            "category": 1,
            "position": "268000",
            "half": "2",
            "confidence": "1.0"
        },
        {
            "gameTime": "2 - 04:33",
            "label": "comments",
            "category": 1,
            "position": "273000",
            "half": "2",
            "confidence": "1.0"
        },
        {
            "gameTime": "2 - 04:37",
            "label": "comments",
            "category": 0,
            "position": "277000",
            "half": "2",
            "confidence": "1.0"
        },
        {
            "gameTime": "2 - 04:43",
            "label": "comments",
            "category": 0,
            "position": "283000",
            "half": "2",
            "confidence": "1.0"
        },
        {
            "gameTime": "2 - 04:46",
            "label": "comments",
            "category": 0,
            "position": "286000",
            "half": "2",
            "confidence": "1.0"
        },
        {
            "gameTime": "2 - 04:56",
            "label": "comments",
            "category": 0,
            "position": "296000",
            "half": "2",
            "confidence": "1.0"
        },
        {
            "gameTime": "2 - 05:02",
            "label": "comments",
            "category": 0,
            "position": "302000",
            "half": "2",
            "confidence": "1.0"
        },
        {
            "gameTime": "2 - 05:06",
            "label": "comments",
            "category": 0,
            "position": "306000",
            "half": "2",
            "confidence": "1.0"
        },
        {
            "gameTime": "2 - 05:12",
            "label": "comments",
            "category": 1,
            "position": "312000",
            "half": "2",
            "confidence": "1.0"
        },
        {
            "gameTime": "2 - 05:15",
            "label": "comments",
            "category": 0,
            "position": "315000",
            "half": "2",
            "confidence": "1.0"
        },
        {
            "gameTime": "2 - 05:20",
            "label": "comments",
            "category": 0,
            "position": "320000",
            "half": "2",
            "confidence": "1.0"
        },
        {
            "gameTime": "2 - 05:30",
            "label": "comments",
            "category": 0,
            "position": "330000",
            "half": "2",
            "confidence": "1.0"
        },
        {
            "gameTime": "2 - 05:37",
            "label": "comments",
            "category": 0,
            "position": "337000",
            "half": "2",
            "confidence": "1.0"
        },
        {
            "gameTime": "2 - 05:45",
            "label": "comments",
            "category": 0,
            "position": "345000",
            "half": "2",
            "confidence": "1.0"
        },
        {
            "gameTime": "2 - 05:48",
            "label": "comments",
            "category": 0,
            "position": "348000",
            "half": "2",
            "confidence": "1.0"
        },
        {
            "gameTime": "2 - 05:52",
            "label": "comments",
            "category": 0,
            "position": "352000",
            "half": "2",
            "confidence": "1.0"
        },
        {
            "gameTime": "2 - 05:55",
            "label": "comments",
            "category": 0,
            "position": "355000",
            "half": "2",
            "confidence": "1.0"
        },
        {
            "gameTime": "2 - 05:59",
            "label": "comments",
            "category": 0,
            "position": "359000",
            "half": "2",
            "confidence": "1.0"
        },
        {
            "gameTime": "2 - 06:04",
            "label": "comments",
            "category": 0,
            "position": "364000",
            "half": "2",
            "confidence": "1.0"
        },
        {
            "gameTime": "2 - 06:09",
            "label": "comments",
            "category": 0,
            "position": "369000",
            "half": "2",
            "confidence": "1.0"
        },
        {
            "gameTime": "2 - 06:16",
            "label": "comments",
            "category": 0,
            "position": "376000",
            "half": "2",
            "confidence": "1.0"
        },
        {
            "gameTime": "2 - 06:23",
            "label": "comments",
            "category": 0,
            "position": "383000",
            "half": "2",
            "confidence": "1.0"
        },
        {
            "gameTime": "2 - 06:30",
            "label": "comments",
            "category": 0,
            "position": "390000",
            "half": "2",
            "confidence": "1.0"
        },
        {
            "gameTime": "2 - 06:37",
            "label": "comments",
            "category": 1,
            "position": "397000",
            "half": "2",
            "confidence": "1.0"
        },
        {
            "gameTime": "2 - 06:41",
            "label": "comments",
            "category": 0,
            "position": "401000",
            "half": "2",
            "confidence": "1.0"
        },
        {
            "gameTime": "2 - 06:46",
            "label": "comments",
            "category": 0,
            "position": "406000",
            "half": "2",
            "confidence": "1.0"
        },
        {
            "gameTime": "2 - 06:54",
            "label": "comments",
            "category": 1,
            "position": "414000",
            "half": "2",
            "confidence": "1.0"
        },
        {
            "gameTime": "2 - 07:06",
            "label": "comments",
            "category": 0,
            "position": "426000",
            "half": "2",
            "confidence": "1.0"
        },
        {
            "gameTime": "2 - 07:24",
            "label": "comments",
            "category": 0,
            "position": "444000",
            "half": "2",
            "confidence": "1.0"
        },
        {
            "gameTime": "2 - 07:32",
            "label": "comments",
            "category": 0,
            "position": "452000",
            "half": "2",
            "confidence": "1.0"
        },
        {
            "gameTime": "2 - 07:48",
            "label": "comments",
            "category": 0,
            "position": "468000",
            "half": "2",
            "confidence": "1.0"
        },
        {
            "gameTime": "2 - 07:53",
            "label": "comments",
            "category": 0,
            "position": "473000",
            "half": "2",
            "confidence": "1.0"
        },
        {
            "gameTime": "2 - 08:06",
            "label": "comments",
            "category": 1,
            "position": "486000",
            "half": "2",
            "confidence": "1.0"
        },
        {
            "gameTime": "2 - 08:18",
            "label": "comments",
            "category": 0,
            "position": "498000",
            "half": "2",
            "confidence": "1.0"
        },
        {
            "gameTime": "2 - 08:27",
            "label": "comments",
            "category": 0,
            "position": "507000",
            "half": "2",
            "confidence": "1.0"
        },
        {
            "gameTime": "2 - 08:32",
            "label": "comments",
            "category": 0,
            "position": "512000",
            "half": "2",
            "confidence": "1.0"
        },
        {
            "gameTime": "2 - 08:42",
            "label": "comments",
            "category": 1,
            "position": "522000",
            "half": "2",
            "confidence": "1.0"
        },
        {
            "gameTime": "2 - 08:57",
            "label": "comments",
            "category": 1,
            "position": "537000",
            "half": "2",
            "confidence": "1.0"
        },
        {
            "gameTime": "2 - 09:10",
            "label": "comments",
            "category": 0,
            "position": "550000",
            "half": "2",
            "confidence": "1.0"
        },
        {
            "gameTime": "2 - 09:21",
            "label": "comments",
            "category": 1,
            "position": "561000",
            "half": "2",
            "confidence": "1.0"
        },
        {
            "gameTime": "2 - 09:26",
            "label": "comments",
            "category": 0,
            "position": "566000",
            "half": "2",
            "confidence": "1.0"
        },
        {
            "gameTime": "2 - 09:30",
            "label": "comments",
            "category": 1,
            "position": "570000",
            "half": "2",
            "confidence": "1.0"
        },
        {
            "gameTime": "2 - 09:37",
            "label": "comments",
            "category": 0,
            "position": "577000",
            "half": "2",
            "confidence": "1.0"
        },
        {
            "gameTime": "2 - 09:47",
            "label": "comments",
            "category": 0,
            "position": "587000",
            "half": "2",
            "confidence": "1.0"
        },
        {
            "gameTime": "2 - 09:57",
            "label": "comments",
            "category": 1,
            "position": "597000",
            "half": "2",
            "confidence": "1.0"
        },
        {
            "gameTime": "2 - 09:59",
            "label": "comments",
            "category": 0,
            "position": "599000",
            "half": "2",
            "confidence": "1.0"
        },
        {
            "gameTime": "2 - 10:04",
            "label": "comments",
            "category": 0,
            "position": "604000",
            "half": "2",
            "confidence": "1.0"
        },
        {
            "gameTime": "2 - 10:16",
            "label": "comments",
            "category": 0,
            "position": "616000",
            "half": "2",
            "confidence": "1.0"
        },
        {
            "gameTime": "2 - 10:20",
            "label": "comments",
            "category": 0,
            "position": "620000",
            "half": "2",
            "confidence": "1.0"
        },
        {
            "gameTime": "2 - 10:24",
            "label": "comments",
            "category": 0,
            "position": "624000",
            "half": "2",
            "confidence": "1.0"
        },
        {
            "gameTime": "2 - 10:31",
            "label": "comments",
            "category": 1,
            "position": "631000",
            "half": "2",
            "confidence": "1.0"
        },
        {
            "gameTime": "2 - 10:34",
            "label": "comments",
            "category": 1,
            "position": "634000",
            "half": "2",
            "confidence": "1.0"
        },
        {
            "gameTime": "2 - 10:40",
            "label": "comments",
            "category": 0,
            "position": "640000",
            "half": "2",
            "confidence": "1.0"
        },
        {
            "gameTime": "2 - 10:42",
            "label": "comments",
            "category": 0,
            "position": "642000",
            "half": "2",
            "confidence": "1.0"
        },
        {
            "gameTime": "2 - 10:45",
            "label": "comments",
            "category": 0,
            "position": "645000",
            "half": "2",
            "confidence": "1.0"
        },
        {
            "gameTime": "2 - 10:50",
            "label": "comments",
            "category": 0,
            "position": "650000",
            "half": "2",
            "confidence": "1.0"
        },
        {
            "gameTime": "2 - 10:57",
            "label": "comments",
            "category": 1,
            "position": "657000",
            "half": "2",
            "confidence": "1.0"
        },
        {
            "gameTime": "2 - 11:00",
            "label": "comments",
            "category": 0,
            "position": "660000",
            "half": "2",
            "confidence": "1.0"
        },
        {
            "gameTime": "2 - 11:05",
            "label": "comments",
            "category": 0,
            "position": "665000",
            "half": "2",
            "confidence": "1.0"
        },
        {
            "gameTime": "2 - 11:12",
            "label": "comments",
            "category": 0,
            "position": "672000",
            "half": "2",
            "confidence": "1.0"
        },
        {
            "gameTime": "2 - 11:18",
            "label": "comments",
            "category": 0,
            "position": "678000",
            "half": "2",
            "confidence": "1.0"
        },
        {
            "gameTime": "2 - 11:27",
            "label": "comments",
            "category": 0,
            "position": "687000",
            "half": "2",
            "confidence": "1.0"
        },
        {
            "gameTime": "2 - 11:34",
            "label": "comments",
            "category": 0,
            "position": "694000",
            "half": "2",
            "confidence": "1.0"
        },
        {
            "gameTime": "2 - 11:37",
            "label": "comments",
            "category": 0,
            "position": "697000",
            "half": "2",
            "confidence": "1.0"
        },
        {
            "gameTime": "2 - 11:39",
            "label": "comments",
            "category": 0,
            "position": "699000",
            "half": "2",
            "confidence": "1.0"
        },
        {
            "gameTime": "2 - 11:49",
            "label": "comments",
            "category": 0,
            "position": "709000",
            "half": "2",
            "confidence": "1.0"
        },
        {
            "gameTime": "2 - 11:51",
            "label": "comments",
            "category": 0,
            "position": "711000",
            "half": "2",
            "confidence": "1.0"
        },
        {
            "gameTime": "2 - 11:58",
            "label": "comments",
            "category": 0,
            "position": "718000",
            "half": "2",
            "confidence": "1.0"
        },
        {
            "gameTime": "2 - 12:01",
            "label": "comments",
            "category": 0,
            "position": "721000",
            "half": "2",
            "confidence": "1.0"
        },
        {
            "gameTime": "2 - 12:01",
            "label": "comments",
            "category": 1,
            "position": "721000",
            "half": "2",
            "confidence": "1.0"
        },
        {
            "gameTime": "2 - 12:08",
            "label": "comments",
            "category": 1,
            "position": "728000",
            "half": "2",
            "confidence": "1.0"
        },
        {
            "gameTime": "2 - 12:12",
            "label": "comments",
            "category": 1,
            "position": "732000",
            "half": "2",
            "confidence": "1.0"
        },
        {
            "gameTime": "2 - 12:16",
            "label": "comments",
            "category": 1,
            "position": "736000",
            "half": "2",
            "confidence": "1.0"
        },
        {
            "gameTime": "2 - 12:18",
            "label": "comments",
            "category": 0,
            "position": "738000",
            "half": "2",
            "confidence": "1.0"
        },
        {
            "gameTime": "2 - 12:23",
            "label": "comments",
            "category": 0,
            "position": "743000",
            "half": "2",
            "confidence": "1.0"
        },
        {
            "gameTime": "2 - 12:30",
            "label": "comments",
            "category": 1,
            "position": "750000",
            "half": "2",
            "confidence": "1.0"
        },
        {
            "gameTime": "2 - 12:34",
            "label": "comments",
            "category": 1,
            "position": "754000",
            "half": "2",
            "confidence": "1.0"
        },
        {
            "gameTime": "2 - 12:38",
            "label": "comments",
            "category": 1,
            "position": "758000",
            "half": "2",
            "confidence": "1.0"
        },
        {
            "gameTime": "2 - 12:40",
            "label": "comments",
            "category": 0,
            "position": "760000",
            "half": "2",
            "confidence": "1.0"
        },
        {
            "gameTime": "2 - 12:45",
            "label": "comments",
            "category": 0,
            "position": "765000",
            "half": "2",
            "confidence": "1.0"
        },
        {
            "gameTime": "2 - 12:53",
            "label": "comments",
            "category": 0,
            "position": "773000",
            "half": "2",
            "confidence": "1.0"
        },
        {
            "gameTime": "2 - 12:57",
            "label": "comments",
            "category": 0,
            "position": "777000",
            "half": "2",
            "confidence": "1.0"
        },
        {
            "gameTime": "2 - 13:01",
            "label": "comments",
            "category": 1,
            "position": "781000",
            "half": "2",
            "confidence": "1.0"
        },
        {
            "gameTime": "2 - 13:04",
            "label": "comments",
            "category": 0,
            "position": "784000",
            "half": "2",
            "confidence": "1.0"
        },
        {
            "gameTime": "2 - 13:08",
            "label": "comments",
            "category": 0,
            "position": "788000",
            "half": "2",
            "confidence": "1.0"
        },
        {
            "gameTime": "2 - 13:12",
            "label": "comments",
            "category": 0,
            "position": "792000",
            "half": "2",
            "confidence": "1.0"
        },
        {
            "gameTime": "2 - 13:15",
            "label": "comments",
            "category": 0,
            "position": "795000",
            "half": "2",
            "confidence": "1.0"
        },
        {
            "gameTime": "2 - 13:24",
            "label": "comments",
            "category": 0,
            "position": "804000",
            "half": "2",
            "confidence": "1.0"
        },
        {
            "gameTime": "2 - 13:28",
            "label": "comments",
            "category": 0,
            "position": "808000",
            "half": "2",
            "confidence": "1.0"
        },
        {
            "gameTime": "2 - 13:35",
            "label": "comments",
            "category": 0,
            "position": "815000",
            "half": "2",
            "confidence": "1.0"
        },
        {
            "gameTime": "2 - 13:38",
            "label": "comments",
            "category": 0,
            "position": "818000",
            "half": "2",
            "confidence": "1.0"
        },
        {
            "gameTime": "2 - 13:43",
            "label": "comments",
            "category": 1,
            "position": "823000",
            "half": "2",
            "confidence": "1.0"
        },
        {
            "gameTime": "2 - 13:44",
            "label": "comments",
            "category": 0,
            "position": "824000",
            "half": "2",
            "confidence": "1.0"
        },
        {
            "gameTime": "2 - 13:47",
            "label": "comments",
            "category": 0,
            "position": "827000",
            "half": "2",
            "confidence": "1.0"
        },
        {
            "gameTime": "2 - 13:50",
            "label": "comments",
            "category": 0,
            "position": "830000",
            "half": "2",
            "confidence": "1.0"
        },
        {
            "gameTime": "2 - 13:51",
            "label": "comments",
            "category": 0,
            "position": "831000",
            "half": "2",
            "confidence": "1.0"
        },
        {
            "gameTime": "2 - 13:54",
            "label": "comments",
            "category": 0,
            "position": "834000",
            "half": "2",
            "confidence": "1.0"
        },
        {
            "gameTime": "2 - 13:58",
            "label": "comments",
            "category": 0,
            "position": "838000",
            "half": "2",
            "confidence": "1.0"
        },
        {
            "gameTime": "2 - 14:04",
            "label": "comments",
            "category": 0,
            "position": "844000",
            "half": "2",
            "confidence": "1.0"
        },
        {
            "gameTime": "2 - 14:07",
            "label": "comments",
            "category": 0,
            "position": "847000",
            "half": "2",
            "confidence": "1.0"
        },
        {
            "gameTime": "2 - 14:10",
            "label": "comments",
            "category": 0,
            "position": "850000",
            "half": "2",
            "confidence": "1.0"
        },
        {
            "gameTime": "2 - 14:16",
            "label": "comments",
            "category": 0,
            "position": "856000",
            "half": "2",
            "confidence": "1.0"
        },
        {
            "gameTime": "2 - 14:22",
            "label": "comments",
            "category": 0,
            "position": "862000",
            "half": "2",
            "confidence": "1.0"
        },
        {
            "gameTime": "2 - 14:25",
            "label": "comments",
            "category": 0,
            "position": "865000",
            "half": "2",
            "confidence": "1.0"
        },
        {
            "gameTime": "2 - 14:27",
            "label": "comments",
            "category": 0,
            "position": "867000",
            "half": "2",
            "confidence": "1.0"
        },
        {
            "gameTime": "2 - 14:31",
            "label": "comments",
            "category": 0,
            "position": "871000",
            "half": "2",
            "confidence": "1.0"
        },
        {
            "gameTime": "2 - 14:32",
            "label": "comments",
            "category": 0,
            "position": "872000",
            "half": "2",
            "confidence": "1.0"
        },
        {
            "gameTime": "2 - 14:35",
            "label": "comments",
            "category": 0,
            "position": "875000",
            "half": "2",
            "confidence": "1.0"
        },
        {
            "gameTime": "2 - 14:38",
            "label": "comments",
            "category": 0,
            "position": "878000",
            "half": "2",
            "confidence": "1.0"
        },
        {
            "gameTime": "2 - 14:40",
            "label": "comments",
            "category": 0,
            "position": "880000",
            "half": "2",
            "confidence": "1.0"
        },
        {
            "gameTime": "2 - 14:41",
            "label": "comments",
            "category": 0,
            "position": "881000",
            "half": "2",
            "confidence": "1.0"
        },
        {
            "gameTime": "2 - 14:44",
            "label": "comments",
            "category": 0,
            "position": "884000",
            "half": "2",
            "confidence": "1.0"
        },
        {
            "gameTime": "2 - 14:45",
            "label": "comments",
            "category": 0,
            "position": "885000",
            "half": "2",
            "confidence": "1.0"
        },
        {
            "gameTime": "2 - 14:46",
            "label": "comments",
            "category": 0,
            "position": "886000",
            "half": "2",
            "confidence": "1.0"
        },
        {
            "gameTime": "2 - 14:50",
            "label": "comments",
            "category": 0,
            "position": "890000",
            "half": "2",
            "confidence": "1.0"
        },
        {
            "gameTime": "2 - 14:55",
            "label": "comments",
            "category": 0,
            "position": "895000",
            "half": "2",
            "confidence": "1.0"
        },
        {
            "gameTime": "2 - 14:57",
            "label": "comments",
            "category": 0,
            "position": "897000",
            "half": "2",
            "confidence": "1.0"
        },
        {
            "gameTime": "2 - 14:59",
            "label": "comments",
            "category": 0,
            "position": "899000",
            "half": "2",
            "confidence": "1.0"
        },
        {
            "gameTime": "2 - 15:01",
            "label": "comments",
            "category": 0,
            "position": "901000",
            "half": "2",
            "confidence": "1.0"
        },
        {
            "gameTime": "2 - 15:08",
            "label": "comments",
            "category": 0,
            "position": "908000",
            "half": "2",
            "confidence": "1.0"
        },
        {
            "gameTime": "2 - 15:19",
            "label": "comments",
            "category": 0,
            "position": "919000",
            "half": "2",
            "confidence": "1.0"
        },
        {
            "gameTime": "2 - 15:24",
            "label": "comments",
            "category": 0,
            "position": "924000",
            "half": "2",
            "confidence": "1.0"
        },
        {
            "gameTime": "2 - 15:25",
            "label": "comments",
            "category": 0,
            "position": "925000",
            "half": "2",
            "confidence": "1.0"
        },
        {
            "gameTime": "2 - 15:29",
            "label": "comments",
            "category": 0,
            "position": "929000",
            "half": "2",
            "confidence": "1.0"
        },
        {
            "gameTime": "2 - 15:31",
            "label": "comments",
            "category": 0,
            "position": "931000",
            "half": "2",
            "confidence": "1.0"
        },
        {
            "gameTime": "2 - 15:34",
            "label": "comments",
            "category": 0,
            "position": "934000",
            "half": "2",
            "confidence": "1.0"
        },
        {
            "gameTime": "2 - 15:41",
            "label": "comments",
            "category": 0,
            "position": "941000",
            "half": "2",
            "confidence": "1.0"
        },
        {
            "gameTime": "2 - 15:52",
            "label": "comments",
            "category": 0,
            "position": "952000",
            "half": "2",
            "confidence": "1.0"
        },
        {
            "gameTime": "2 - 15:55",
            "label": "comments",
            "category": 0,
            "position": "955000",
            "half": "2",
            "confidence": "1.0"
        },
        {
            "gameTime": "2 - 15:56",
            "label": "comments",
            "category": 0,
            "position": "956000",
            "half": "2",
            "confidence": "1.0"
        },
        {
            "gameTime": "2 - 15:59",
            "label": "comments",
            "category": 0,
            "position": "959000",
            "half": "2",
            "confidence": "1.0"
        },
        {
            "gameTime": "2 - 16:01",
            "label": "comments",
            "category": 0,
            "position": "961000",
            "half": "2",
            "confidence": "1.0"
        },
        {
            "gameTime": "2 - 16:06",
            "label": "comments",
            "category": 0,
            "position": "966000",
            "half": "2",
            "confidence": "1.0"
        },
        {
            "gameTime": "2 - 16:16",
            "label": "comments",
            "category": 0,
            "position": "976000",
            "half": "2",
            "confidence": "1.0"
        },
        {
            "gameTime": "2 - 16:19",
            "label": "comments",
            "category": 0,
            "position": "979000",
            "half": "2",
            "confidence": "1.0"
        },
        {
            "gameTime": "2 - 16:22",
            "label": "comments",
            "category": 0,
            "position": "982000",
            "half": "2",
            "confidence": "1.0"
        },
        {
            "gameTime": "2 - 16:26",
            "label": "comments",
            "category": 1,
            "position": "986000",
            "half": "2",
            "confidence": "1.0"
        },
        {
            "gameTime": "2 - 16:30",
            "label": "comments",
            "category": 0,
            "position": "990000",
            "half": "2",
            "confidence": "1.0"
        },
        {
            "gameTime": "2 - 16:39",
            "label": "comments",
            "category": 0,
            "position": "999000",
            "half": "2",
            "confidence": "1.0"
        },
        {
            "gameTime": "2 - 16:46",
            "label": "comments",
            "category": 1,
            "position": "1006000",
            "half": "2",
            "confidence": "1.0"
        },
        {
            "gameTime": "2 - 16:56",
            "label": "comments",
            "category": 0,
            "position": "1016000",
            "half": "2",
            "confidence": "1.0"
        },
        {
            "gameTime": "2 - 17:05",
            "label": "comments",
            "category": 1,
            "position": "1025000",
            "half": "2",
            "confidence": "1.0"
        },
        {
            "gameTime": "2 - 17:13",
            "label": "comments",
            "category": 0,
            "position": "1033000",
            "half": "2",
            "confidence": "1.0"
        },
        {
            "gameTime": "2 - 17:30",
            "label": "comments",
            "category": 0,
            "position": "1050000",
            "half": "2",
            "confidence": "1.0"
        },
        {
            "gameTime": "2 - 17:41",
            "label": "comments",
            "category": 0,
            "position": "1061000",
            "half": "2",
            "confidence": "1.0"
        },
        {
            "gameTime": "2 - 17:46",
            "label": "comments",
            "category": 0,
            "position": "1066000",
            "half": "2",
            "confidence": "1.0"
        },
        {
            "gameTime": "2 - 17:59",
            "label": "comments",
            "category": 1,
            "position": "1079000",
            "half": "2",
            "confidence": "1.0"
        },
        {
            "gameTime": "2 - 18:04",
            "label": "comments",
            "category": 0,
            "position": "1084000",
            "half": "2",
            "confidence": "1.0"
        },
        {
            "gameTime": "2 - 18:14",
            "label": "comments",
            "category": 1,
            "position": "1094000",
            "half": "2",
            "confidence": "1.0"
        },
        {
            "gameTime": "2 - 18:23",
            "label": "comments",
            "category": 0,
            "position": "1103000",
            "half": "2",
            "confidence": "1.0"
        },
        {
            "gameTime": "2 - 18:34",
            "label": "comments",
            "category": 0,
            "position": "1114000",
            "half": "2",
            "confidence": "1.0"
        },
        {
            "gameTime": "2 - 18:42",
            "label": "comments",
            "category": 0,
            "position": "1122000",
            "half": "2",
            "confidence": "1.0"
        },
        {
            "gameTime": "2 - 18:50",
            "label": "comments",
            "category": 0,
            "position": "1130000",
            "half": "2",
            "confidence": "1.0"
        },
        {
            "gameTime": "2 - 18:55",
            "label": "comments",
            "category": 0,
            "position": "1135000",
            "half": "2",
            "confidence": "1.0"
        },
        {
            "gameTime": "2 - 19:06",
            "label": "comments",
            "category": 0,
            "position": "1146000",
            "half": "2",
            "confidence": "1.0"
        },
        {
            "gameTime": "2 - 19:17",
            "label": "comments",
            "category": 0,
            "position": "1157000",
            "half": "2",
            "confidence": "1.0"
        },
        {
            "gameTime": "2 - 19:19",
            "label": "comments",
            "category": 0,
            "position": "1159000",
            "half": "2",
            "confidence": "1.0"
        },
        {
            "gameTime": "2 - 19:21",
            "label": "comments",
            "category": 0,
            "position": "1161000",
            "half": "2",
            "confidence": "1.0"
        },
        {
            "gameTime": "2 - 19:23",
            "label": "comments",
            "category": 0,
            "position": "1163000",
            "half": "2",
            "confidence": "1.0"
        },
        {
            "gameTime": "2 - 19:25",
            "label": "comments",
            "category": 0,
            "position": "1165000",
            "half": "2",
            "confidence": "1.0"
        },
        {
            "gameTime": "2 - 19:27",
            "label": "comments",
            "category": 0,
            "position": "1167000",
            "half": "2",
            "confidence": "1.0"
        },
        {
            "gameTime": "2 - 19:29",
            "label": "comments",
            "category": 0,
            "position": "1169000",
            "half": "2",
            "confidence": "1.0"
        },
        {
            "gameTime": "2 - 19:31",
            "label": "comments",
            "category": 0,
            "position": "1171000",
            "half": "2",
            "confidence": "1.0"
        },
        {
            "gameTime": "2 - 19:33",
            "label": "comments",
            "category": 0,
            "position": "1173000",
            "half": "2",
            "confidence": "1.0"
        },
        {
            "gameTime": "2 - 19:35",
            "label": "comments",
            "category": 0,
            "position": "1175000",
            "half": "2",
            "confidence": "1.0"
        },
        {
            "gameTime": "2 - 19:37",
            "label": "comments",
            "category": 0,
            "position": "1177000",
            "half": "2",
            "confidence": "1.0"
        },
        {
            "gameTime": "2 - 19:39",
            "label": "comments",
            "category": 0,
            "position": "1179000",
            "half": "2",
            "confidence": "1.0"
        },
        {
            "gameTime": "2 - 19:41",
            "label": "comments",
            "category": 0,
            "position": "1181000",
            "half": "2",
            "confidence": "1.0"
        },
        {
            "gameTime": "2 - 19:43",
            "label": "comments",
            "category": 0,
            "position": "1183000",
            "half": "2",
            "confidence": "1.0"
        },
        {
            "gameTime": "2 - 19:45",
            "label": "comments",
            "category": 0,
            "position": "1185000",
            "half": "2",
            "confidence": "1.0"
        },
        {
            "gameTime": "2 - 19:47",
            "label": "comments",
            "category": 0,
            "position": "1187000",
            "half": "2",
            "confidence": "1.0"
        },
        {
            "gameTime": "2 - 19:49",
            "label": "comments",
            "category": 0,
            "position": "1189000",
            "half": "2",
            "confidence": "1.0"
        },
        {
            "gameTime": "2 - 19:51",
            "label": "comments",
            "category": 0,
            "position": "1191000",
            "half": "2",
            "confidence": "1.0"
        },
        {
            "gameTime": "2 - 19:53",
            "label": "comments",
            "category": 0,
            "position": "1193000",
            "half": "2",
            "confidence": "1.0"
        },
        {
            "gameTime": "2 - 19:55",
            "label": "comments",
            "category": 0,
            "position": "1195000",
            "half": "2",
            "confidence": "1.0"
        },
        {
            "gameTime": "2 - 19:57",
            "label": "comments",
            "category": 0,
            "position": "1197000",
            "half": "2",
            "confidence": "1.0"
        },
        {
            "gameTime": "2 - 19:59",
            "label": "comments",
            "category": 0,
            "position": "1199000",
            "half": "2",
            "confidence": "1.0"
        },
        {
            "gameTime": "2 - 20:01",
            "label": "comments",
            "category": 0,
            "position": "1201000",
            "half": "2",
            "confidence": "1.0"
        },
        {
            "gameTime": "2 - 20:03",
            "label": "comments",
            "category": 0,
            "position": "1203000",
            "half": "2",
            "confidence": "1.0"
        },
        {
            "gameTime": "2 - 20:05",
            "label": "comments",
            "category": 0,
            "position": "1205000",
            "half": "2",
            "confidence": "1.0"
        },
        {
            "gameTime": "2 - 20:13",
            "label": "comments",
            "category": 0,
            "position": "1213000",
            "half": "2",
            "confidence": "1.0"
        },
        {
            "gameTime": "2 - 20:15",
            "label": "comments",
            "category": 0,
            "position": "1215000",
            "half": "2",
            "confidence": "1.0"
        },
        {
            "gameTime": "2 - 20:23",
            "label": "comments",
            "category": 0,
            "position": "1223000",
            "half": "2",
            "confidence": "1.0"
        },
        {
            "gameTime": "2 - 20:27",
            "label": "comments",
            "category": 0,
            "position": "1227000",
            "half": "2",
            "confidence": "1.0"
        },
        {
            "gameTime": "2 - 20:42",
            "label": "comments",
            "category": 0,
            "position": "1242000",
            "half": "2",
            "confidence": "1.0"
        },
        {
            "gameTime": "2 - 21:52",
            "label": "comments",
            "category": 0,
            "position": "1312000",
            "half": "2",
            "confidence": "1.0"
        },
        {
            "gameTime": "2 - 23:07",
            "label": "comments",
            "category": 1,
            "position": "1387000",
            "half": "2",
            "confidence": "1.0"
        },
        {
            "gameTime": "2 - 25:08",
            "label": "comments",
            "category": 1,
            "position": "1508000",
            "half": "2",
            "confidence": "1.0"
        },
        {
            "gameTime": "2 - 25:24",
            "label": "comments",
            "category": 1,
            "position": "1524000",
            "half": "2",
            "confidence": "1.0"
        },
        {
            "gameTime": "2 - 35:50",
            "label": "comments",
            "category": 0,
            "position": "2150000",
            "half": "2",
            "confidence": "1.0"
        },
        {
            "gameTime": "2 - 36:03",
            "label": "comments",
            "category": 0,
            "position": "2163000",
            "half": "2",
            "confidence": "1.0"
        },
        {
            "gameTime": "2 - 36:12",
            "label": "comments",
            "category": 0,
            "position": "2172000",
            "half": "2",
            "confidence": "1.0"
        },
        {
            "gameTime": "2 - 36:13",
            "label": "comments",
            "category": 0,
            "position": "2173000",
            "half": "2",
            "confidence": "1.0"
        },
        {
            "gameTime": "2 - 36:21",
            "label": "comments",
            "category": 0,
            "position": "2181000",
            "half": "2",
            "confidence": "1.0"
        },
        {
            "gameTime": "2 - 36:22",
            "label": "comments",
            "category": 0,
            "position": "2182000",
            "half": "2",
            "confidence": "1.0"
        },
        {
            "gameTime": "2 - 36:24",
            "label": "comments",
            "category": 0,
            "position": "2184000",
            "half": "2",
            "confidence": "1.0"
        },
        {
            "gameTime": "2 - 36:25",
            "label": "comments",
            "category": 0,
            "position": "2185000",
            "half": "2",
            "confidence": "1.0"
        },
        {
            "gameTime": "2 - 36:27",
            "label": "comments",
            "category": 0,
            "position": "2187000",
            "half": "2",
            "confidence": "1.0"
        },
        {
            "gameTime": "2 - 36:28",
            "label": "comments",
            "category": 0,
            "position": "2188000",
            "half": "2",
            "confidence": "1.0"
        },
        {
            "gameTime": "2 - 36:29",
            "label": "comments",
            "category": 0,
            "position": "2189000",
            "half": "2",
            "confidence": "1.0"
        },
        {
            "gameTime": "2 - 36:30",
            "label": "comments",
            "category": 0,
            "position": "2190000",
            "half": "2",
            "confidence": "1.0"
        },
        {
            "gameTime": "2 - 36:31",
            "label": "comments",
            "category": 0,
            "position": "2191000",
            "half": "2",
            "confidence": "1.0"
        },
        {
            "gameTime": "2 - 36:32",
            "label": "comments",
            "category": 0,
            "position": "2192000",
            "half": "2",
            "confidence": "1.0"
        },
        {
            "gameTime": "2 - 36:33",
            "label": "comments",
            "category": 0,
            "position": "2193000",
            "half": "2",
            "confidence": "1.0"
        },
        {
            "gameTime": "2 - 36:34",
            "label": "comments",
            "category": 0,
            "position": "2194000",
            "half": "2",
            "confidence": "1.0"
        },
        {
            "gameTime": "2 - 36:35",
            "label": "comments",
            "category": 0,
            "position": "2195000",
            "half": "2",
            "confidence": "1.0"
        },
        {
            "gameTime": "2 - 36:36",
            "label": "comments",
            "category": 0,
            "position": "2196000",
            "half": "2",
            "confidence": "1.0"
        },
        {
            "gameTime": "2 - 36:43",
            "label": "comments",
            "category": 1,
            "position": "2203000",
            "half": "2",
            "confidence": "1.0"
        },
        {
            "gameTime": "2 - 36:46",
            "label": "comments",
            "category": 0,
            "position": "2206000",
            "half": "2",
            "confidence": "1.0"
        },
        {
            "gameTime": "2 - 36:51",
            "label": "comments",
            "category": 0,
            "position": "2211000",
            "half": "2",
            "confidence": "1.0"
        },
        {
            "gameTime": "2 - 36:52",
            "label": "comments",
            "category": 0,
            "position": "2212000",
            "half": "2",
            "confidence": "1.0"
        },
        {
            "gameTime": "2 - 36:53",
            "label": "comments",
            "category": 0,
            "position": "2213000",
            "half": "2",
            "confidence": "1.0"
        },
        {
            "gameTime": "2 - 36:54",
            "label": "comments",
            "category": 0,
            "position": "2214000",
            "half": "2",
            "confidence": "1.0"
        },
        {
            "gameTime": "2 - 36:55",
            "label": "comments",
            "category": 0,
            "position": "2215000",
            "half": "2",
            "confidence": "1.0"
        },
        {
            "gameTime": "2 - 38:35",
            "label": "comments",
            "category": 1,
            "position": "2315000",
            "half": "2",
            "confidence": "1.0"
        },
        {
            "gameTime": "2 - 38:36",
            "label": "comments",
            "category": 0,
            "position": "2316000",
            "half": "2",
            "confidence": "1.0"
        },
        {
            "gameTime": "2 - 38:38",
            "label": "comments",
            "category": 0,
            "position": "2318000",
            "half": "2",
            "confidence": "1.0"
        },
        {
            "gameTime": "2 - 38:39",
            "label": "comments",
            "category": 0,
            "position": "2319000",
            "half": "2",
            "confidence": "1.0"
        },
        {
            "gameTime": "2 - 38:45",
            "label": "comments",
            "category": 0,
            "position": "2325000",
            "half": "2",
            "confidence": "1.0"
        },
        {
            "gameTime": "2 - 38:49",
            "label": "comments",
            "category": 0,
            "position": "2329000",
            "half": "2",
            "confidence": "1.0"
        },
        {
            "gameTime": "2 - 38:50",
            "label": "comments",
            "category": 0,
            "position": "2330000",
            "half": "2",
            "confidence": "1.0"
        },
        {
            "gameTime": "2 - 38:51",
            "label": "comments",
            "category": 0,
            "position": "2331000",
            "half": "2",
            "confidence": "1.0"
        },
        {
            "gameTime": "2 - 38:53",
            "label": "comments",
            "category": 0,
            "position": "2333000",
            "half": "2",
            "confidence": "1.0"
        },
        {
            "gameTime": "2 - 38:56",
            "label": "comments",
            "category": 0,
            "position": "2336000",
            "half": "2",
            "confidence": "1.0"
        },
        {
            "gameTime": "2 - 39:02",
            "label": "comments",
            "category": 0,
            "position": "2342000",
            "half": "2",
            "confidence": "1.0"
        },
        {
            "gameTime": "2 - 39:05",
            "label": "comments",
            "category": 0,
            "position": "2345000",
            "half": "2",
            "confidence": "1.0"
        },
        {
            "gameTime": "2 - 39:08",
            "label": "comments",
            "category": 0,
            "position": "2348000",
            "half": "2",
            "confidence": "1.0"
        },
        {
            "gameTime": "2 - 39:11",
            "label": "comments",
            "category": 0,
            "position": "2351000",
            "half": "2",
            "confidence": "1.0"
        },
        {
            "gameTime": "2 - 39:18",
            "label": "comments",
            "category": 0,
            "position": "2358000",
            "half": "2",
            "confidence": "1.0"
        },
        {
            "gameTime": "2 - 39:20",
            "label": "comments",
            "category": 0,
            "position": "2360000",
            "half": "2",
            "confidence": "1.0"
        },
        {
            "gameTime": "2 - 39:27",
            "label": "comments",
            "category": 1,
            "position": "2367000",
            "half": "2",
            "confidence": "1.0"
        },
        {
            "gameTime": "2 - 39:35",
            "label": "comments",
            "category": 0,
            "position": "2375000",
            "half": "2",
            "confidence": "1.0"
        },
        {
            "gameTime": "2 - 39:41",
            "label": "comments",
            "category": 0,
            "position": "2381000",
            "half": "2",
            "confidence": "1.0"
        },
        {
            "gameTime": "2 - 39:46",
            "label": "comments",
            "category": 0,
            "position": "2386000",
            "half": "2",
            "confidence": "1.0"
        },
        {
            "gameTime": "2 - 39:53",
            "label": "comments",
            "category": 0,
            "position": "2393000",
            "half": "2",
            "confidence": "1.0"
        },
        {
            "gameTime": "2 - 39:55",
            "label": "comments",
            "category": 0,
            "position": "2395000",
            "half": "2",
            "confidence": "1.0"
        },
        {
            "gameTime": "2 - 40:03",
            "label": "comments",
            "category": 0,
            "position": "2403000",
            "half": "2",
            "confidence": "1.0"
        },
        {
            "gameTime": "2 - 40:07",
            "label": "comments",
            "category": 0,
            "position": "2407000",
            "half": "2",
            "confidence": "1.0"
        },
        {
            "gameTime": "2 - 40:15",
            "label": "comments",
            "category": 1,
            "position": "2415000",
            "half": "2",
            "confidence": "1.0"
        },
        {
            "gameTime": "2 - 40:20",
            "label": "comments",
            "category": 0,
            "position": "2420000",
            "half": "2",
            "confidence": "1.0"
        },
        {
            "gameTime": "2 - 40:24",
            "label": "comments",
            "category": 1,
            "position": "2424000",
            "half": "2",
            "confidence": "1.0"
        },
        {
            "gameTime": "2 - 40:27",
            "label": "comments",
            "category": 0,
            "position": "2427000",
            "half": "2",
            "confidence": "1.0"
        },
        {
            "gameTime": "2 - 40:31",
            "label": "comments",
            "category": 0,
            "position": "2431000",
            "half": "2",
            "confidence": "1.0"
        },
        {
            "gameTime": "2 - 40:34",
            "label": "comments",
            "category": 0,
            "position": "2434000",
            "half": "2",
            "confidence": "1.0"
        },
        {
            "gameTime": "2 - 40:37",
            "label": "comments",
            "category": 0,
            "position": "2437000",
            "half": "2",
            "confidence": "1.0"
        },
        {
            "gameTime": "2 - 40:40",
            "label": "comments",
            "category": 0,
            "position": "2440000",
            "half": "2",
            "confidence": "1.0"
        },
        {
            "gameTime": "2 - 40:47",
            "label": "comments",
            "category": 0,
            "position": "2447000",
            "half": "2",
            "confidence": "1.0"
        },
        {
            "gameTime": "2 - 40:50",
            "label": "comments",
            "category": 0,
            "position": "2450000",
            "half": "2",
            "confidence": "1.0"
        },
        {
            "gameTime": "2 - 40:51",
            "label": "comments",
            "category": 0,
            "position": "2451000",
            "half": "2",
            "confidence": "1.0"
        },
        {
            "gameTime": "2 - 40:54",
            "label": "comments",
            "category": 0,
            "position": "2454000",
            "half": "2",
            "confidence": "1.0"
        },
        {
            "gameTime": "2 - 40:58",
            "label": "comments",
            "category": 1,
            "position": "2458000",
            "half": "2",
            "confidence": "1.0"
        },
        {
            "gameTime": "2 - 41:01",
            "label": "comments",
            "category": 1,
            "position": "2461000",
            "half": "2",
            "confidence": "1.0"
        },
        {
            "gameTime": "2 - 41:22",
            "label": "comments",
            "category": 0,
            "position": "2482000",
            "half": "2",
            "confidence": "1.0"
        },
        {
            "gameTime": "2 - 41:28",
            "label": "comments",
            "category": 0,
            "position": "2488000",
            "half": "2",
            "confidence": "1.0"
        },
        {
            "gameTime": "2 - 41:33",
            "label": "comments",
            "category": 0,
            "position": "2493000",
            "half": "2",
            "confidence": "1.0"
        },
        {
            "gameTime": "2 - 41:40",
            "label": "comments",
            "category": 0,
            "position": "2500000",
            "half": "2",
            "confidence": "1.0"
        },
        {
            "gameTime": "2 - 41:43",
            "label": "comments",
            "category": 0,
            "position": "2503000",
            "half": "2",
            "confidence": "1.0"
        },
        {
            "gameTime": "2 - 41:46",
            "label": "comments",
            "category": 0,
            "position": "2506000",
            "half": "2",
            "confidence": "1.0"
        },
        {
            "gameTime": "2 - 41:52",
            "label": "comments",
            "category": 0,
            "position": "2512000",
            "half": "2",
            "confidence": "1.0"
        },
        {
            "gameTime": "2 - 41:54",
            "label": "comments",
            "category": 0,
            "position": "2514000",
            "half": "2",
            "confidence": "1.0"
        },
        {
            "gameTime": "2 - 41:57",
            "label": "comments",
            "category": 0,
            "position": "2517000",
            "half": "2",
            "confidence": "1.0"
        },
        {
            "gameTime": "2 - 42:00",
            "label": "comments",
            "category": 1,
            "position": "2520000",
            "half": "2",
            "confidence": "1.0"
        },
        {
            "gameTime": "2 - 42:04",
            "label": "comments",
            "category": 0,
            "position": "2524000",
            "half": "2",
            "confidence": "1.0"
        },
        {
            "gameTime": "2 - 42:14",
            "label": "comments",
            "category": 0,
            "position": "2534000",
            "half": "2",
            "confidence": "1.0"
        },
        {
            "gameTime": "2 - 42:17",
            "label": "comments",
            "category": 0,
            "position": "2537000",
            "half": "2",
            "confidence": "1.0"
        },
        {
            "gameTime": "2 - 42:23",
            "label": "comments",
            "category": 0,
            "position": "2543000",
            "half": "2",
            "confidence": "1.0"
        },
        {
            "gameTime": "2 - 42:27",
            "label": "comments",
            "category": 0,
            "position": "2547000",
            "half": "2",
            "confidence": "1.0"
        },
        {
            "gameTime": "2 - 42:31",
            "label": "comments",
            "category": 0,
            "position": "2551000",
            "half": "2",
            "confidence": "1.0"
        },
        {
            "gameTime": "2 - 42:34",
            "label": "comments",
            "category": 0,
            "position": "2554000",
            "half": "2",
            "confidence": "1.0"
        },
        {
            "gameTime": "2 - 42:40",
            "label": "comments",
            "category": 0,
            "position": "2560000",
            "half": "2",
            "confidence": "1.0"
        },
        {
            "gameTime": "2 - 42:44",
            "label": "comments",
            "category": 0,
            "position": "2564000",
            "half": "2",
            "confidence": "1.0"
        },
        {
            "gameTime": "2 - 42:48",
            "label": "comments",
            "category": 0,
            "position": "2568000",
            "half": "2",
            "confidence": "1.0"
        },
        {
            "gameTime": "2 - 42:53",
            "label": "comments",
            "category": 0,
            "position": "2573000",
            "half": "2",
            "confidence": "1.0"
        },
        {
            "gameTime": "2 - 42:56",
            "label": "comments",
            "category": 0,
            "position": "2576000",
            "half": "2",
            "confidence": "1.0"
        },
        {
            "gameTime": "2 - 43:08",
            "label": "comments",
            "category": 0,
            "position": "2588000",
            "half": "2",
            "confidence": "1.0"
        },
        {
            "gameTime": "2 - 43:11",
            "label": "comments",
            "category": 0,
            "position": "2591000",
            "half": "2",
            "confidence": "1.0"
        },
        {
            "gameTime": "2 - 43:19",
            "label": "comments",
            "category": 0,
            "position": "2599000",
            "half": "2",
            "confidence": "1.0"
        },
        {
            "gameTime": "2 - 43:24",
            "label": "comments",
            "category": 0,
            "position": "2604000",
            "half": "2",
            "confidence": "1.0"
        },
        {
            "gameTime": "2 - 43:35",
            "label": "comments",
            "category": 0,
            "position": "2615000",
            "half": "2",
            "confidence": "1.0"
        },
        {
            "gameTime": "2 - 43:43",
            "label": "comments",
            "category": 0,
            "position": "2623000",
            "half": "2",
            "confidence": "1.0"
        },
        {
            "gameTime": "2 - 43:48",
            "label": "comments",
            "category": 0,
            "position": "2628000",
            "half": "2",
            "confidence": "1.0"
        },
        {
            "gameTime": "2 - 43:54",
            "label": "comments",
            "category": 0,
            "position": "2634000",
            "half": "2",
            "confidence": "1.0"
        },
        {
            "gameTime": "2 - 43:57",
            "label": "comments",
            "category": 0,
            "position": "2637000",
            "half": "2",
            "confidence": "1.0"
        },
        {
            "gameTime": "2 - 44:00",
            "label": "comments",
            "category": 0,
            "position": "2640000",
            "half": "2",
            "confidence": "1.0"
        },
        {
            "gameTime": "2 - 44:04",
            "label": "comments",
            "category": 0,
            "position": "2644000",
            "half": "2",
            "confidence": "1.0"
        },
        {
            "gameTime": "2 - 44:08",
            "label": "comments",
            "category": 0,
            "position": "2648000",
            "half": "2",
            "confidence": "1.0"
        },
        {
            "gameTime": "2 - 44:11",
            "label": "comments",
            "category": 0,
            "position": "2651000",
            "half": "2",
            "confidence": "1.0"
        },
        {
            "gameTime": "2 - 44:14",
            "label": "comments",
            "category": 0,
            "position": "2654000",
            "half": "2",
            "confidence": "1.0"
        },
        {
            "gameTime": "2 - 44:19",
            "label": "comments",
            "category": 0,
            "position": "2659000",
            "half": "2",
            "confidence": "1.0"
        },
        {
            "gameTime": "2 - 44:22",
            "label": "comments",
            "category": 0,
            "position": "2662000",
            "half": "2",
            "confidence": "1.0"
        },
        {
            "gameTime": "2 - 44:24",
            "label": "comments",
            "category": 0,
            "position": "2664000",
            "half": "2",
            "confidence": "1.0"
        },
        {
            "gameTime": "2 - 44:33",
            "label": "comments",
            "category": 0,
            "position": "2673000",
            "half": "2",
            "confidence": "1.0"
        },
        {
            "gameTime": "2 - 44:40",
            "label": "comments",
            "category": 1,
            "position": "2680000",
            "half": "2",
            "confidence": "1.0"
        },
        {
            "gameTime": "2 - 44:42",
            "label": "comments",
            "category": 0,
            "position": "2682000",
            "half": "2",
            "confidence": "1.0"
        },
        {
            "gameTime": "2 - 44:48",
            "label": "comments",
            "category": 0,
            "position": "2688000",
            "half": "2",
            "confidence": "1.0"
        },
        {
            "gameTime": "2 - 44:52",
            "label": "comments",
            "category": 0,
            "position": "2692000",
            "half": "2",
            "confidence": "1.0"
        }
    ],
    "game": "italy_serie-a/2015-2016/2015-08-29 - 21-45 AC Milan 2 - 1 Empoli"
}