game,half,time,team,name,short_name,jersey_number,country,x1_720p,y1_720p,x2_720p,y2_720p
england_epl/2014-2015/2015-05-17 - 18-00 Manchester United 1 - 1 Arsenal,1,1759,Manchester United,Blind D.,Blind,17,Netherlands,239,533,70,93
england_epl/2014-2015/2015-05-17 - 18-00 Manchester United 1 - 1 Arsenal,1,1759,Manchester United,Young A.,Young,18,England,1014,421,39,86
england_epl/2015-2016/2015-08-23 - 15-30 West Brom 2 - 3 Chelsea,1,960,Chelsea,Hazard E.,Hazard,10,Belgium,534,504,76,134
england_epl/2015-2016/2015-08-23 - 15-30 West Brom 2 - 3 Chelsea,1,960,West Brom,Brunt C.,Brunt,11,Northern Ireland,420,166,25,79
england_epl/2015-2016/2015-08-23 - 15-30 West Brom 2 - 3 Chelsea,2,489,West Brom,Brunt C.,Brunt,11,Northern Ireland,606,345,52,93
england_epl/2015-2016/2015-08-23 - 15-30 West Brom 2 - 3 Chelsea,2,489,Chelsea,Hazard E.,Hazard,10,Belgium,662,343,38,88
england_epl/2015-2016/2016-03-01 - 22-45 Norwich 1 - 2 Chelsea,1,1112,Chelsea,Hazard E.,Hazard,10,Belgium,908,536,55,96
england_epl/2015-2016/2016-03-01 - 22-45 Norwich 1 - 2 Chelsea,1,1112,Norwich,Klose T.,Klose,17,Switzerland,130,579,41,116
england_epl/2015-2016/2016-03-01 - 22-45 Norwich 1 - 2 Chelsea,1,1112,Chelsea,Kenedy,Kenedy,16,Brazil,1159,436,63,72
england_epl/2015-2016/2016-03-01 - 22-45 Norwich 1 - 2 Chelsea,1,1112,Norwich,Ruddy J.,Ruddy,1,England,1214,480,44,99
england_epl/2016-2017/2016-09-24 - 14-30 Manchester United 4 - 1 Leicester,1,2477,Leicester,King A.,King,10,Wales,142,178,169,461
england_epl/2016-2017/2016-09-24 - 14-30 Manchester United 4 - 1 Leicester,1,2477,Manchester United,de Gea D.,de Gea,1,Spain,1115,0,162,248
england_epl/2016-2017/2016-09-24 - 14-30 Manchester United 4 - 1 Leicester,1,2477,Manchester United,Rooney W.,Rooney,10,England,890,0,126,249
england_epl/2016-2017/2016-09-24 - 14-30 Manchester United 4 - 1 Leicester,1,2477,Manchester United,Carrick M.,Carrick,16,England,685,95,107,156
england_epl/2016-2017/2016-09-24 - 14-30 Manchester United 4 - 1 Leicester,1,2477,Manchester United,Bailly E.,Bailly,3,Ivory Coast,186,65,107,138
england_epl/2016-2017/2016-09-24 - 14-30 Manchester United 4 - 1 Leicester,1,2477,Leicester,Hamer B.,Hamer,12,England,617,466,51,102
england_epl/2016-2017/2016-09-24 - 14-30 Manchester United 4 - 1 Leicester,1,2477,Leicester,Mahrez R.,Mahrez,26,Algeria,669,358,35,92
england_epl/2016-2017/2016-09-24 - 14-30 Manchester United 4 - 1 Leicester,1,2477,Leicester,Huth R.,Huth,6,Germany,574,300,25,83
england_epl/2016-2017/2016-09-24 - 14-30 Manchester United 4 - 1 Leicester,1,2477,Leicester,Vardy J.,Vardy,9,England,1197,434,41,100
england_epl/2016-2017/2016-09-24 - 14-30 Manchester United 4 - 1 Leicester,1,2477,Leicester,Slimani I.,Slimani,19,Algeria,769,450,50,104
england_epl/2016-2017/2016-09-24 - 14-30 Manchester United 4 - 1 Leicester,1,2477,Leicester,Amartey D.,Amartey,13,Ghana,615,468,48,104
england_epl/2016-2017/2016-10-15 - 14-30 Chelsea 3 - 0 Leicester,2,332,Leicester,Amartey D.,Amartey,13,Ghana,1150,340,128,189
england_epl/2016-2017/2016-10-15 - 14-30 Chelsea 3 - 0 Leicester,2,332,Chelsea,Moses V.,Moses,15,Nigeria,3,664,48,54
europe_uefa-champions-league/2015-2016/2015-11-03 - 22-45 Shakhtar Donetsk 4 - 0 Malmo FF,1,2421,Malmo FF,Mehmeti A.,Mehmeti,11,Albania,455,503,30,74
europe_uefa-champions-league/2015-2016/2015-11-03 - 22-45 Shakhtar Donetsk 4 - 0 Malmo FF,1,2421,Shakhtar Donetsk,Marlos,Marlos,11,Ukraine,89,353,38,65
europe_uefa-champions-league/2015-2016/2015-11-03 - 22-45 Shakhtar Donetsk 4 - 0 Malmo FF,1,2421,Malmo FF,Wiland J.,Wiland,1,Sweden,620,384,36,54
europe_uefa-champions-league/2015-2016/2015-11-03 - 22-45 Shakhtar Donetsk 4 - 0 Malmo FF,1,2421,Shakhtar Donetsk,Srna D.,Srna,33,Croatia,0,411,19,73
europe_uefa-champions-league/2016-2017/2017-04-12 - 21-45 Bayern Munich 1 - 2 Real Madrid,2,69,Real Madrid,Ramos S.,Ramos,4,Spain,480,46,382,610
europe_uefa-champions-league/2016-2017/2017-04-12 - 21-45 Bayern Munich 1 - 2 Real Madrid,2,69,Real Madrid,Bale G.,Bale,11,Wales,901,623,118,95
europe_uefa-champions-league/2016-2017/2017-04-12 - 21-45 Bayern Munich 1 - 2 Real Madrid,2,69,Bayern Munich,Martinez J.,Martinez,8,Spain,107,372,53,81
europe_uefa-champions-league/2016-2017/2017-04-12 - 21-45 Bayern Munich 1 - 2 Real Madrid,2,69,Bayern Munich,Neuer M.,Neuer,1,Germany,401,450,47,100
europe_uefa-champions-league/2016-2017/2017-04-12 - 21-45 Bayern Munich 1 - 2 Real Madrid,2,69,Bayern Munich,Lahm P.,Lahm,21,Germany,198,467,36,87
europe_uefa-champions-league/2016-2017/2017-04-12 - 21-45 Bayern Munich 1 - 2 Real Madrid,2,69,Bayern Munich,Boateng J.,Boateng,17,Germany,51,295,50,69
europe_uefa-champions-league/2016-2017/2017-04-12 - 21-45 Bayern Munich 1 - 2 Real Madrid,2,733,Bayern Munich,Lahm P.,Lahm,21,Germany,158,596,67,122
europe_uefa-champions-league/2016-2017/2017-04-12 - 21-45 Bayern Munich 1 - 2 Real Madrid,2,733,Bayern Munich,Thiago,Thiago,6,Spain,216,485,80,97
europe_uefa-champions-league/2016-2017/2017-04-12 - 21-45 Bayern Munich 1 - 2 Real Madrid,2,733,Bayern Munich,Boateng J.,Boateng,17,Germany,258,221,35,94
europe_uefa-champions-league/2016-2017/2017-04-12 - 21-45 Bayern Munich 1 - 2 Real Madrid,2,733,Bayern Munich,Martinez J.,Martinez,8,Spain,239,281,72,73
europe_uefa-champions-league/2016-2017/2017-04-12 - 21-45 Bayern Munich 1 - 2 Real Madrid,2,733,Bayern Munich,Alonso X.,Alonso,14,Spain,0,440,18,84
europe_uefa-champions-league/2016-2017/2017-04-12 - 21-45 Bayern Munich 1 - 2 Real Madrid,2,733,Real Madrid,Benzema K.,Benzema,9,France,0,440,25,88
europe_uefa-champions-league/2016-2017/2017-05-02 - 21-45 Real Madrid 3 - 0 Atl. Madrid,2,2261,Real Madrid,Modric L.,Modric,19,Croatia,788,146,71,107
europe_uefa-champions-league/2016-2017/2017-05-02 - 21-45 Real Madrid 3 - 0 Atl. Madrid,2,2261,Real Madrid,Morata A.,Morata,21,Spain,580,367,44,87
europe_uefa-champions-league/2016-2017/2017-05-02 - 21-45 Real Madrid 3 - 0 Atl. Madrid,2,2261,Atl. Madrid,Hernandez L.,Hernandez,19,France,660,309,30,83
europe_uefa-champions-league/2016-2017/2017-05-02 - 21-45 Real Madrid 3 - 0 Atl. Madrid,2,2261,Real Madrid,Casemiro,Casemiro,14,Brazil,1205,287,26,79
europe_uefa-champions-league/2016-2017/2017-05-02 - 21-45 Real Madrid 3 - 0 Atl. Madrid,2,2261,Real Madrid,Rodriguez J.,Rodriguez,10,Colombia,0,273,11,82
germany_bundesliga/2014-2015/2015-05-09 - 16-30 Bayern Munich 0 - 1 FC Augsburg,2,33,Bayern Munich,Weiser M.,Weiser,30,Germany,175,542,49,133
germany_bundesliga/2014-2015/2015-05-09 - 16-30 Bayern Munich 0 - 1 FC Augsburg,2,33,FC Augsburg,Hong Jeong-Ho,Hong,20,South Korea,1112,243,32,76
germany_bundesliga/2014-2015/2015-05-09 - 16-30 Bayern Munich 0 - 1 FC Augsburg,2,33,Bayern Munich,Muller T.,Muller,25,Germany,1085,367,40,103
germany_bundesliga/2014-2015/2015-05-09 - 16-30 Bayern Munich 0 - 1 FC Augsburg,2,33,Bayern Munich,Lewandowski R.,Lewandowski,9,Poland,1001,254,30,78
germany_bundesliga/2014-2015/2015-05-09 - 16-30 Bayern Munich 0 - 1 FC Augsburg,2,33,FC Augsburg,Baier D.,Baier,10,Germany,724,359,33,91
germany_bundesliga/2014-2015/2015-05-09 - 16-30 Bayern Munich 0 - 1 FC Augsburg,2,33,Bayern Munich,Thiago,Thiago,6,Spain,422,311,28,84
germany_bundesliga/2014-2015/2015-05-09 - 16-30 Bayern Munich 0 - 1 FC Augsburg,2,33,Bayern Munich,Alonso X.,Alonso,3,Spain,150,232,25,73
germany_bundesliga/2014-2015/2015-05-09 - 16-30 Bayern Munich 0 - 1 FC Augsburg,2,33,Bayern Munich,Gotze M.,Gotze,19,Germany,637,187,30,51
germany_bundesliga/2014-2015/2015-05-09 - 16-30 Bayern Munich 0 - 1 FC Augsburg,2,33,Bayern Munich,Bernat J.,Bernat,18,Spain,465,172,27,47
germany_bundesliga/2014-2015/2015-05-09 - 16-30 Bayern Munich 0 - 1 FC Augsburg,2,2766,Bayern Munich,Rafinha,Rafinha,13,Brazil,486,336,51,71
germany_bundesliga/2014-2015/2015-05-09 - 16-30 Bayern Munich 0 - 1 FC Augsburg,2,2766,FC Augsburg,Werner T.,Werner,13,Germany,559,440,73,95
germany_bundesliga/2015-2016/2015-08-29 - 19-30 Bayern Munich 3 - 0 Bayer Leverkusen,1,1117,Bayern Munich,Thiago,Thiago,6,Spain,827,361,23,69
germany_bundesliga/2015-2016/2015-08-29 - 19-30 Bayern Munich 3 - 0 Bayer Leverkusen,1,1117,Bayern Munich,Costa D.,Costa,11,Brazil,495,546,36,100
germany_bundesliga/2015-2016/2015-08-29 - 19-30 Bayern Munich 3 - 0 Bayer Leverkusen,1,1117,Bayern Munich,Bernat J.,Bernat,18,Spain,1137,471,35,86
germany_bundesliga/2015-2016/2015-08-29 - 19-30 Bayern Munich 3 - 0 Bayer Leverkusen,1,1117,Bayer Leverkusen,Wendell,Wendell,18,Brazil,14,22,186,232
germany_bundesliga/2015-2016/2015-08-29 - 19-30 Bayern Munich 3 - 0 Bayer Leverkusen,1,1117,Bayern Munich,Neuer M.,Neuer,1,Germany,44,352,183,244
germany_bundesliga/2015-2016/2015-08-29 - 19-30 Bayern Munich 3 - 0 Bayer Leverkusen,1,1117,Bayern Munich,Dante,Dante,4,Brazil,908,523,127,183
germany_bundesliga/2015-2016/2015-08-29 - 19-30 Bayern Munich 3 - 0 Bayer Leverkusen,1,1117,Bayern Munich,Lewandowski R.,Lewandowski,9,Poland,588,82,232,626
germany_bundesliga/2015-2016/2015-08-29 - 19-30 Bayern Munich 3 - 0 Bayer Leverkusen,1,1730,Bayern Munich,Rode S.,Rode,20,Germany,603,164,25,59
germany_bundesliga/2015-2016/2015-08-29 - 19-30 Bayern Munich 3 - 0 Bayer Leverkusen,1,1730,Bayern Munich,Costa D.,Costa,11,Brazil,240,132,20,55
germany_bundesliga/2015-2016/2015-08-29 - 19-30 Bayern Munich 3 - 0 Bayer Leverkusen,1,1730,Bayern Munich,Thiago,Thiago,6,Spain,1082,202,24,73
germany_bundesliga/2015-2016/2015-08-29 - 19-30 Bayern Munich 3 - 0 Bayer Leverkusen,1,1730,Bayern Munich,Muller T.,Muller,25,Germany,441,180,22,69
germany_bundesliga/2015-2016/2015-08-29 - 19-30 Bayern Munich 3 - 0 Bayer Leverkusen,1,1730,Bayern Munich,Lewandowski R.,Lewandowski,9,Poland,95,60,217,620
germany_bundesliga/2015-2016/2015-08-29 - 19-30 Bayern Munich 3 - 0 Bayer Leverkusen,1,1730,Bayer Leverkusen,Calhanoglu H.,Calhanoglu,10,Turkey,415,0,443,714
germany_bundesliga/2015-2016/2015-08-29 - 19-30 Bayern Munich 3 - 0 Bayer Leverkusen,1,1730,Bayer Leverkusen,Tah J.,Tah,4,Germany,1072,5,150,225
germany_bundesliga/2015-2016/2015-08-29 - 19-30 Bayern Munich 3 - 0 Bayer Leverkusen,1,1730,Bayern Munich,Neuer M.,Neuer,1,Germany,782,0,117,189
germany_bundesliga/2015-2016/2015-08-29 - 19-30 Bayern Munich 3 - 0 Bayer Leverkusen,1,1730,Bayer Leverkusen,Leno B.,Leno,1,Germany,412,90,99,144
germany_bundesliga/2015-2016/2015-08-29 - 19-30 Bayern Munich 3 - 0 Bayer Leverkusen,1,1730,Bayern Munich,Robben A.,Robben,10,Netherlands,1167,0,108,112
germany_bundesliga/2015-2016/2015-08-29 - 19-30 Bayern Munich 3 - 0 Bayer Leverkusen,2,871,Bayer Leverkusen,Calhanoglu H.,Calhanoglu,10,Turkey,63,496,48,112
germany_bundesliga/2015-2016/2015-08-29 - 19-30 Bayern Munich 3 - 0 Bayer Leverkusen,2,871,Bayern Munich,Robben A.,Robben,10,Netherlands,666,471,38,109
germany_bundesliga/2015-2016/2015-08-29 - 19-30 Bayern Munich 3 - 0 Bayer Leverkusen,2,871,Bayern Munich,Muller T.,Muller,25,Germany,236,431,37,111
germany_bundesliga/2015-2016/2015-08-29 - 19-30 Bayern Munich 3 - 0 Bayer Leverkusen,2,871,Bayer Leverkusen,Kresic D.,Kresic,25,Croatia,318,383,29,94
germany_bundesliga/2015-2016/2015-08-29 - 19-30 Bayern Munich 3 - 0 Bayer Leverkusen,2,871,Bayer Leverkusen,Kramer Ch.,Kramer,23,Germany,551,457,36,109
germany_bundesliga/2015-2016/2015-08-29 - 19-30 Bayern Munich 3 - 0 Bayer Leverkusen,2,871,Bayern Munich,Rafinha,Rafinha,13,Brazil,341,358,27,76
germany_bundesliga/2016-2017/2016-09-10 - 19-30 RB Leipzig 1 - 0 Dortmund,1,672,Dortmund,Guerreiro R.,Guerreiro,13,Portugal,495,169,238,330
germany_bundesliga/2016-2017/2016-09-10 - 19-30 RB Leipzig 1 - 0 Dortmund,1,672,RB Leipzig,Werner T.,Werner,11,Germany,680,231,265,319
germany_bundesliga/2016-2017/2016-09-10 - 19-30 RB Leipzig 1 - 0 Dortmund,1,672,RB Leipzig,Orban W.,Orban,4,Hungary,1208,191,70,221
germany_bundesliga/2016-2017/2016-09-10 - 19-30 RB Leipzig 1 - 0 Dortmund,1,672,RB Leipzig,Ilsanker S.,Ilsanker,13,Austria,1159,191,119,290
germany_bundesliga/2016-2017/2016-09-10 - 19-30 RB Leipzig 1 - 0 Dortmund,2,2586,Dortmund,Bartra M.,Bartra,5,Spain,398,358,37,69
germany_bundesliga/2016-2017/2016-09-10 - 19-30 RB Leipzig 1 - 0 Dortmund,2,2586,RB Leipzig,Werner T.,Werner,11,Germany,487,458,56,82
germany_bundesliga/2016-2017/2016-09-10 - 19-30 RB Leipzig 1 - 0 Dortmund,2,2586,Dortmund,Weidenfeller R.,Weidenfeller,1,Germany,1113,336,52,65
germany_bundesliga/2016-2017/2016-09-10 - 19-30 RB Leipzig 1 - 0 Dortmund,2,2586,Dortmund,Piszczek L.,Piszczek,26,Poland,432,435,58,79
germany_bundesliga/2016-2017/2016-09-10 - 19-30 RB Leipzig 1 - 0 Dortmund,2,2586,Dortmund,Burki R.,Burki,38,Switzerland,58,372,38,58
germany_bundesliga/2016-2017/2016-11-05 - 17-30 Hamburger SV 2 - 5 Dortmund,1,1615,Dortmund,Piszczek L.,Piszczek,26,Poland,326,488,31,85
germany_bundesliga/2016-2017/2016-11-05 - 17-30 Hamburger SV 2 - 5 Dortmund,1,1615,Hamburger SV,Jung G.,Jung,28,Germany,772,361,25,64
germany_bundesliga/2016-2017/2016-11-05 - 17-30 Hamburger SV 2 - 5 Dortmund,1,1615,Dortmund,Aubameyang P.,Aubameyang,17,Gabon,939,252,43,53
italy_serie-a/2014-2015/2015-04-29 - 21-45 Juventus 3 - 2 Fiorentina,1,1952,Fiorentina,Joaquin,Joaquin,17,Spain,405,380,66,102
italy_serie-a/2014-2015/2015-04-29 - 21-45 Juventus 3 - 2 Fiorentina,1,1952,Juventus,Coman K.,Coman,11,France,585,358,34,99
italy_serie-a/2014-2015/2015-04-29 - 21-45 Juventus 3 - 2 Fiorentina,1,1952,Juventus,Buffon G.,Buffon,1,Italy,840,351,30,95
italy_serie-a/2014-2015/2015-04-29 - 21-45 Juventus 3 - 2 Fiorentina,1,1952,Juventus,Evra P.,Evra,33,France,622,341,41,122
spain_laliga/2015-2016/2015-09-19 - 17-00 Real Madrid 1 - 0 Granada CF,2,751,Real Madrid,Arbeloa A.,Arbeloa,17,Spain,602,494,66,70
spain_laliga/2015-2016/2015-09-19 - 17-00 Real Madrid 1 - 0 Granada CF,2,751,Granada CF,Lopes M.,Lopes,25,Portugal,642,458,57,67
europe_uefa-champions-league/2014-2015/2015-03-10 - 22-45 Real Madrid 3 - 4 Schalke,2,385,Schalke,Sane L.,Sane,19,Germany,380,328,27,74
europe_uefa-champions-league/2014-2015/2015-03-10 - 22-45 Real Madrid 3 - 4 Schalke,2,385,Schalke,Hoger M.,Hoger,12,Germany,0,575,13,101
europe_uefa-champions-league/2014-2015/2015-03-10 - 22-45 Real Madrid 3 - 4 Schalke,2,385,Real Madrid,Isco,Isco,23,Spain,360,434,28,81
europe_uefa-champions-league/2014-2015/2015-04-15 - 21-45 FC Porto 3 - 1 Bayern Munich,1,77,Bayern Munich,Pizarro C.,Pizarro,14,Peru,454,525,28,64
germany_bundesliga/2016-2017/2017-01-29 - 19-30 1. FSV Mainz 05 1 - 1 Dortmund,2,514,1. FSV Mainz 05,Brosinski D.,Brosinski,18,Germany,474,364,42,71
germany_bundesliga/2016-2017/2017-01-29 - 19-30 1. FSV Mainz 05 1 - 1 Dortmund,2,514,Dortmund,Guerreiro R.,Guerreiro,13,Portugal,1056,402,28,54
germany_bundesliga/2016-2017/2017-01-29 - 19-30 1. FSV Mainz 05 1 - 1 Dortmund,2,514,Dortmund,Schmelzer M.,Schmelzer,29,Germany,1016,537,35,126
germany_bundesliga/2016-2017/2017-01-29 - 19-30 1. FSV Mainz 05 1 - 1 Dortmund,2,514,1. FSV Mainz 05,Bungert N.,Bungert,26,Germany,625,381,70,87
germany_bundesliga/2016-2017/2017-01-29 - 19-30 1. FSV Mainz 05 1 - 1 Dortmund,2,514,1. FSV Mainz 05,Huth J.,Huth,33,Germany,1262,396,16,107
germany_bundesliga/2016-2017/2017-01-29 - 19-30 1. FSV Mainz 05 1 - 1 Dortmund,2,514,1. FSV Mainz 05,Donati G.,Donati,2,Italy,1200,427,67,89
spain_laliga/2014-2015/2015-04-18 - 21-00 Real Madrid 3 - 1 Malaga,1,1993,Malaga,Boka A.,Boka,19,Ivory Coast,648,384,23,69
spain_laliga/2014-2015/2015-04-18 - 21-00 Real Madrid 3 - 1 Malaga,1,1993,Malaga,Horta R.,Horta,10,Portugal,856,371,292,345
spain_laliga/2014-2015/2015-04-18 - 21-00 Real Madrid 3 - 1 Malaga,1,1993,Malaga,Kameni I. C.,Kameni,1,Cameroon,490,7,302,379
spain_laliga/2016-2017/2017-04-08 - 21-45 Malaga 2 - 0 Barcelona,1,1556,Barcelona,Mascherano J.,Mascherano,14,Argentina,1014,384,41,69
spain_laliga/2016-2017/2017-04-08 - 21-45 Malaga 2 - 0 Barcelona,1,1556,Barcelona,Messi L.,Messi,10,Argentina,516,272,23,59
spain_laliga/2016-2017/2017-04-08 - 21-45 Malaga 2 - 0 Barcelona,1,1556,Barcelona,Gomes A.,Gomes,21,Portugal,606,493,52,103