{
    "predictions": [
        {
            "gameTime": "1 - 00:00",
            "label": "comments",
            "category": 0,
            "position": "0",
            "half": "1",
            "confidence": "1.0"
        },
        {
            "gameTime": "2 - 00:00",
            "label": "comments",
            "category": 0,
            "position": "0",
            "half": "2",
            "confidence": "1.0"
        }
    ],
    "game": "spain_laliga/2015-2016/2015-12-30 - 18-00 Real Madrid 3 - 1 Real Sociedad"
}