{
    "predictions": [
        {
            "gameTime": "1 - 00:00",
            "label": "comments",
            "category": 1,
            "position": "0",
            "half": "1",
            "confidence": "1.0"
        },
        {
            "gameTime": "1 - 05:42",
            "label": "comments",
            "category": 0,
            "position": "342000",
            "half": "1",
            "confidence": "1.0"
        },
        {
            "gameTime": "1 - 05:59",
            "label": "comments",
            "category": 0,
            "position": "359000",
            "half": "1",
            "confidence": "1.0"
        },
        {
            "gameTime": "1 - 06:10",
            "label": "comments",
            "category": 1,
            "position": "370000",
            "half": "1",
            "confidence": "1.0"
        },
        {
            "gameTime": "1 - 06:26",
            "label": "comments",
            "category": 0,
            "position": "386000",
            "half": "1",
            "confidence": "1.0"
        },
        {
            "gameTime": "1 - 06:55",
            "label": "comments",
            "category": 0,
            "position": "415000",
            "half": "1",
            "confidence": "1.0"
        },
        {
            "gameTime": "1 - 07:12",
            "label": "comments",
            "category": 1,
            "position": "432000",
            "half": "1",
            "confidence": "1.0"
        },
        {
            "gameTime": "1 - 07:39",
            "label": "comments",
            "category": 0,
            "position": "459000",
            "half": "1",
            "confidence": "1.0"
        },
        {
            "gameTime": "1 - 07:51",
            "label": "comments",
            "category": 1,
            "position": "471000",
            "half": "1",
            "confidence": "1.0"
        },
        {
            "gameTime": "1 - 08:11",
            "label": "comments",
            "category": 1,
            "position": "491000",
            "half": "1",
            "confidence": "1.0"
        },
        {
            "gameTime": "1 - 08:32",
            "label": "comments",
            "category": 0,
            "position": "512000",
            "half": "1",
            "confidence": "1.0"
        },
        {
            "gameTime": "1 - 08:39",
            "label": "comments",
            "category": 0,
            "position": "519000",
            "half": "1",
            "confidence": "1.0"
        },
        {
            "gameTime": "1 - 08:54",
            "label": "comments",
            "category": 0,
            "position": "534000",
            "half": "1",
            "confidence": "1.0"
        },
        {
            "gameTime": "1 - 09:33",
            "label": "comments",
            "category": 0,
            "position": "573000",
            "half": "1",
            "confidence": "1.0"
        },
        {
            "gameTime": "1 - 09:44",
            "label": "comments",
            "category": 0,
            "position": "584000",
            "half": "1",
            "confidence": "1.0"
        },
        {
            "gameTime": "1 - 10:01",
            "label": "comments",
            "category": 0,
            "position": "601000",
            "half": "1",
            "confidence": "1.0"
        },
        {
            "gameTime": "1 - 10:12",
            "label": "comments",
            "category": 0,
            "position": "612000",
            "half": "1",
            "confidence": "1.0"
        },
        {
            "gameTime": "1 - 10:30",
            "label": "comments",
            "category": 0,
            "position": "630000",
            "half": "1",
            "confidence": "1.0"
        },
        {
            "gameTime": "1 - 10:45",
            "label": "comments",
            "category": 0,
            "position": "645000",
            "half": "1",
            "confidence": "1.0"
        },
        {
            "gameTime": "1 - 10:56",
            "label": "comments",
            "category": 0,
            "position": "656000",
            "half": "1",
            "confidence": "1.0"
        },
        {
            "gameTime": "1 - 11:21",
            "label": "comments",
            "category": 0,
            "position": "681000",
            "half": "1",
            "confidence": "1.0"
        },
        {
            "gameTime": "1 - 11:28",
            "label": "comments",
            "category": 1,
            "position": "688000",
            "half": "1",
            "confidence": "1.0"
        },
        {
            "gameTime": "1 - 11:40",
            "label": "comments",
            "category": 0,
            "position": "700000",
            "half": "1",
            "confidence": "1.0"
        },
        {
            "gameTime": "1 - 12:38",
            "label": "comments",
            "category": 0,
            "position": "758000",
            "half": "1",
            "confidence": "1.0"
        },
        {
            "gameTime": "1 - 12:49",
            "label": "comments",
            "category": 0,
            "position": "769000",
            "half": "1",
            "confidence": "1.0"
        },
        {
            "gameTime": "1 - 13:28",
            "label": "comments",
            "category": 1,
            "position": "808000",
            "half": "1",
            "confidence": "1.0"
        },
        {
            "gameTime": "1 - 13:41",
            "label": "comments",
            "category": 1,
            "position": "821000",
            "half": "1",
            "confidence": "1.0"
        },
        {
            "gameTime": "1 - 17:28",
            "label": "comments",
            "category": 0,
            "position": "1048000",
            "half": "1",
            "confidence": "1.0"
        },
        {
            "gameTime": "1 - 18:49",
            "label": "comments",
            "category": 0,
            "position": "1129000",
            "half": "1",
            "confidence": "1.0"
        },
        {
            "gameTime": "1 - 19:13",
            "label": "comments",
            "category": 1,
            "position": "1153000",
            "half": "1",
            "confidence": "1.0"
        },
        {
            "gameTime": "1 - 19:52",
            "label": "comments",
            "category": 1,
            "position": "1192000",
            "half": "1",
            "confidence": "1.0"
        },
        {
            "gameTime": "1 - 20:13",
            "label": "comments",
            "category": 1,
            "position": "1213000",
            "half": "1",
            "confidence": "1.0"
        },
        {
            "gameTime": "1 - 20:22",
            "label": "comments",
            "category": 0,
            "position": "1222000",
            "half": "1",
            "confidence": "1.0"
        },
        {
            "gameTime": "1 - 20:28",
            "label": "comments",
            "category": 0,
            "position": "1228000",
            "half": "1",
            "confidence": "1.0"
        },
        {
            "gameTime": "1 - 20:35",
            "label": "comments",
            "category": 0,
            "position": "1235000",
            "half": "1",
            "confidence": "1.0"
        },
        {
            "gameTime": "1 - 20:41",
            "label": "comments",
            "category": 1,
            "position": "1241000",
            "half": "1",
            "confidence": "1.0"
        },
        {
            "gameTime": "1 - 21:15",
            "label": "comments",
            "category": 0,
            "position": "1275000",
            "half": "1",
            "confidence": "1.0"
        },
        {
            "gameTime": "1 - 21:28",
            "label": "comments",
            "category": 1,
            "position": "1288000",
            "half": "1",
            "confidence": "1.0"
        },
        {
            "gameTime": "1 - 21:34",
            "label": "comments",
            "category": 1,
            "position": "1294000",
            "half": "1",
            "confidence": "1.0"
        },
        {
            "gameTime": "1 - 21:47",
            "label": "comments",
            "category": 1,
            "position": "1307000",
            "half": "1",
            "confidence": "1.0"
        },
        {
            "gameTime": "1 - 22:18",
            "label": "comments",
            "category": 1,
            "position": "1338000",
            "half": "1",
            "confidence": "1.0"
        },
        {
            "gameTime": "1 - 22:47",
            "label": "comments",
            "category": 1,
            "position": "1367000",
            "half": "1",
            "confidence": "1.0"
        },
        {
            "gameTime": "1 - 23:11",
            "label": "comments",
            "category": 1,
            "position": "1391000",
            "half": "1",
            "confidence": "1.0"
        },
        {
            "gameTime": "1 - 23:39",
            "label": "comments",
            "category": 0,
            "position": "1419000",
            "half": "1",
            "confidence": "1.0"
        },
        {
            "gameTime": "1 - 23:54",
            "label": "comments",
            "category": 1,
            "position": "1434000",
            "half": "1",
            "confidence": "1.0"
        },
        {
            "gameTime": "1 - 25:06",
            "label": "comments",
            "category": 0,
            "position": "1506000",
            "half": "1",
            "confidence": "1.0"
        },
        {
            "gameTime": "1 - 25:13",
            "label": "comments",
            "category": 1,
            "position": "1513000",
            "half": "1",
            "confidence": "1.0"
        },
        {
            "gameTime": "1 - 33:53",
            "label": "comments",
            "category": 1,
            "position": "2033000",
            "half": "1",
            "confidence": "1.0"
        },
        {
            "gameTime": "1 - 42:39",
            "label": "comments",
            "category": 1,
            "position": "2559000",
            "half": "1",
            "confidence": "1.0"
        },
        {
            "gameTime": "2 - 00:00",
            "label": "comments",
            "category": 1,
            "position": "0",
            "half": "2",
            "confidence": "1.0"
        },
        {
            "gameTime": "2 - 43:35",
            "label": "comments",
            "category": 1,
            "position": "2615000",
            "half": "2",
            "confidence": "1.0"
        }
    ],
    "game": "spain_laliga/2015-2016/2015-09-19 - 17-00 Real Madrid 1 - 0 Granada CF"
}