{
    "predictions": [
        {
            "gameTime": "1 - 00:00",
            "label": "comments",
            "category": 0,
            "position": "0",
            "half": "1",
            "confidence": "1.0"
        },
        {
            "gameTime": "2 - 00:00",
            "label": "comments",
            "category": 1,
            "position": "0",
            "half": "2",
            "confidence": "1.0"
        },
        {
            "gameTime": "2 - 35:13",
            "label": "comments",
            "category": 1,
            "position": "2113000",
            "half": "2",
            "confidence": "1.0"
        },
        {
            "gameTime": "2 - 35:24",
            "label": "comments",
            "category": 0,
            "position": "2124000",
            "half": "2",
            "confidence": "1.0"
        },
        {
            "gameTime": "2 - 35:28",
            "label": "comments",
            "category": 0,
            "position": "2128000",
            "half": "2",
            "confidence": "1.0"
        },
        {
            "gameTime": "2 - 35:38",
            "label": "comments",
            "category": 0,
            "position": "2138000",
            "half": "2",
            "confidence": "1.0"
        },
        {
            "gameTime": "2 - 35:45",
            "label": "comments",
            "category": 0,
            "position": "2145000",
            "half": "2",
            "confidence": "1.0"
        },
        {
            "gameTime": "2 - 35:56",
            "label": "comments",
            "category": 1,
            "position": "2156000",
            "half": "2",
            "confidence": "1.0"
        },
        {
            "gameTime": "2 - 36:03",
            "label": "comments",
            "category": 1,
            "position": "2163000",
            "half": "2",
            "confidence": "1.0"
        },
        {
            "gameTime": "2 - 36:12",
            "label": "comments",
            "category": 0,
            "position": "2172000",
            "half": "2",
            "confidence": "1.0"
        },
        {
            "gameTime": "2 - 36:20",
            "label": "comments",
            "category": 1,
            "position": "2180000",
            "half": "2",
            "confidence": "1.0"
        },
        {
            "gameTime": "2 - 36:33",
            "label": "comments",
            "category": 1,
            "position": "2193000",
            "half": "2",
            "confidence": "1.0"
        },
        {
            "gameTime": "2 - 36:47",
            "label": "comments",
            "category": 1,
            "position": "2207000",
            "half": "2",
            "confidence": "1.0"
        },
        {
            "gameTime": "2 - 36:54",
            "label": "comments",
            "category": 1,
            "position": "2214000",
            "half": "2",
            "confidence": "1.0"
        },
        {
            "gameTime": "2 - 36:59",
            "label": "comments",
            "category": 0,
            "position": "2219000",
            "half": "2",
            "confidence": "1.0"
        },
        {
            "gameTime": "2 - 37:06",
            "label": "comments",
            "category": 0,
            "position": "2226000",
            "half": "2",
            "confidence": "1.0"
        },
        {
            "gameTime": "2 - 37:16",
            "label": "comments",
            "category": 0,
            "position": "2236000",
            "half": "2",
            "confidence": "1.0"
        },
        {
            "gameTime": "2 - 37:24",
            "label": "comments",
            "category": 0,
            "position": "2244000",
            "half": "2",
            "confidence": "1.0"
        },
        {
            "gameTime": "2 - 37:31",
            "label": "comments",
            "category": 0,
            "position": "2251000",
            "half": "2",
            "confidence": "1.0"
        },
        {
            "gameTime": "2 - 37:46",
            "label": "comments",
            "category": 0,
            "position": "2266000",
            "half": "2",
            "confidence": "1.0"
        },
        {
            "gameTime": "2 - 37:55",
            "label": "comments",
            "category": 1,
            "position": "2275000",
            "half": "2",
            "confidence": "1.0"
        },
        {
            "gameTime": "2 - 38:08",
            "label": "comments",
            "category": 0,
            "position": "2288000",
            "half": "2",
            "confidence": "1.0"
        },
        {
            "gameTime": "2 - 38:08",
            "label": "comments",
            "category": 1,
            "position": "2288000",
            "half": "2",
            "confidence": "1.0"
        },
        {
            "gameTime": "2 - 38:17",
            "label": "comments",
            "category": 0,
            "position": "2297000",
            "half": "2",
            "confidence": "1.0"
        },
        {
            "gameTime": "2 - 38:28",
            "label": "comments",
            "category": 1,
            "position": "2308000",
            "half": "2",
            "confidence": "1.0"
        },
        {
            "gameTime": "2 - 38:39",
            "label": "comments",
            "category": 0,
            "position": "2319000",
            "half": "2",
            "confidence": "1.0"
        },
        {
            "gameTime": "2 - 38:39",
            "label": "comments",
            "category": 1,
            "position": "2319000",
            "half": "2",
            "confidence": "1.0"
        },
        {
            "gameTime": "2 - 38:46",
            "label": "comments",
            "category": 0,
            "position": "2326000",
            "half": "2",
            "confidence": "1.0"
        },
        {
            "gameTime": "2 - 39:00",
            "label": "comments",
            "category": 1,
            "position": "2340000",
            "half": "2",
            "confidence": "1.0"
        },
        {
            "gameTime": "2 - 39:03",
            "label": "comments",
            "category": 0,
            "position": "2343000",
            "half": "2",
            "confidence": "1.0"
        },
        {
            "gameTime": "2 - 39:09",
            "label": "comments",
            "category": 0,
            "position": "2349000",
            "half": "2",
            "confidence": "1.0"
        },
        {
            "gameTime": "2 - 39:14",
            "label": "comments",
            "category": 0,
            "position": "2354000",
            "half": "2",
            "confidence": "1.0"
        },
        {
            "gameTime": "2 - 39:22",
            "label": "comments",
            "category": 0,
            "position": "2362000",
            "half": "2",
            "confidence": "1.0"
        },
        {
            "gameTime": "2 - 39:24",
            "label": "comments",
            "category": 0,
            "position": "2364000",
            "half": "2",
            "confidence": "1.0"
        },
        {
            "gameTime": "2 - 39:31",
            "label": "comments",
            "category": 0,
            "position": "2371000",
            "half": "2",
            "confidence": "1.0"
        },
        {
            "gameTime": "2 - 39:38",
            "label": "comments",
            "category": 0,
            "position": "2378000",
            "half": "2",
            "confidence": "1.0"
        },
        {
            "gameTime": "2 - 39:43",
            "label": "comments",
            "category": 0,
            "position": "2383000",
            "half": "2",
            "confidence": "1.0"
        },
        {
            "gameTime": "2 - 39:49",
            "label": "comments",
            "category": 0,
            "position": "2389000",
            "half": "2",
            "confidence": "1.0"
        },
        {
            "gameTime": "2 - 40:00",
            "label": "comments",
            "category": 0,
            "position": "2400000",
            "half": "2",
            "confidence": "1.0"
        },
        {
            "gameTime": "2 - 40:04",
            "label": "comments",
            "category": 0,
            "position": "2404000",
            "half": "2",
            "confidence": "1.0"
        },
        {
            "gameTime": "2 - 40:10",
            "label": "comments",
            "category": 0,
            "position": "2410000",
            "half": "2",
            "confidence": "1.0"
        },
        {
            "gameTime": "2 - 40:13",
            "label": "comments",
            "category": 0,
            "position": "2413000",
            "half": "2",
            "confidence": "1.0"
        },
        {
            "gameTime": "2 - 40:21",
            "label": "comments",
            "category": 0,
            "position": "2421000",
            "half": "2",
            "confidence": "1.0"
        },
        {
            "gameTime": "2 - 40:26",
            "label": "comments",
            "category": 0,
            "position": "2426000",
            "half": "2",
            "confidence": "1.0"
        },
        {
            "gameTime": "2 - 40:32",
            "label": "comments",
            "category": 0,
            "position": "2432000",
            "half": "2",
            "confidence": "1.0"
        },
        {
            "gameTime": "2 - 40:41",
            "label": "comments",
            "category": 0,
            "position": "2441000",
            "half": "2",
            "confidence": "1.0"
        },
        {
            "gameTime": "2 - 40:46",
            "label": "comments",
            "category": 0,
            "position": "2446000",
            "half": "2",
            "confidence": "1.0"
        },
        {
            "gameTime": "2 - 40:49",
            "label": "comments",
            "category": 0,
            "position": "2449000",
            "half": "2",
            "confidence": "1.0"
        },
        {
            "gameTime": "2 - 40:54",
            "label": "comments",
            "category": 0,
            "position": "2454000",
            "half": "2",
            "confidence": "1.0"
        },
        {
            "gameTime": "2 - 40:54",
            "label": "comments",
            "category": 1,
            "position": "2454000",
            "half": "2",
            "confidence": "1.0"
        },
        {
            "gameTime": "2 - 40:59",
            "label": "comments",
            "category": 0,
            "position": "2459000",
            "half": "2",
            "confidence": "1.0"
        },
        {
            "gameTime": "2 - 41:02",
            "label": "comments",
            "category": 0,
            "position": "2462000",
            "half": "2",
            "confidence": "1.0"
        },
        {
            "gameTime": "2 - 41:06",
            "label": "comments",
            "category": 0,
            "position": "2466000",
            "half": "2",
            "confidence": "1.0"
        },
        {
            "gameTime": "2 - 41:22",
            "label": "comments",
            "category": 0,
            "position": "2482000",
            "half": "2",
            "confidence": "1.0"
        },
        {
            "gameTime": "2 - 41:27",
            "label": "comments",
            "category": 0,
            "position": "2487000",
            "half": "2",
            "confidence": "1.0"
        },
        {
            "gameTime": "2 - 41:31",
            "label": "comments",
            "category": 0,
            "position": "2491000",
            "half": "2",
            "confidence": "1.0"
        },
        {
            "gameTime": "2 - 41:35",
            "label": "comments",
            "category": 0,
            "position": "2495000",
            "half": "2",
            "confidence": "1.0"
        },
        {
            "gameTime": "2 - 41:38",
            "label": "comments",
            "category": 0,
            "position": "2498000",
            "half": "2",
            "confidence": "1.0"
        },
        {
            "gameTime": "2 - 41:41",
            "label": "comments",
            "category": 0,
            "position": "2501000",
            "half": "2",
            "confidence": "1.0"
        },
        {
            "gameTime": "2 - 41:44",
            "label": "comments",
            "category": 0,
            "position": "2504000",
            "half": "2",
            "confidence": "1.0"
        },
        {
            "gameTime": "2 - 41:47",
            "label": "comments",
            "category": 0,
            "position": "2507000",
            "half": "2",
            "confidence": "1.0"
        },
        {
            "gameTime": "2 - 41:52",
            "label": "comments",
            "category": 0,
            "position": "2512000",
            "half": "2",
            "confidence": "1.0"
        },
        {
            "gameTime": "2 - 41:58",
            "label": "comments",
            "category": 0,
            "position": "2518000",
            "half": "2",
            "confidence": "1.0"
        },
        {
            "gameTime": "2 - 42:01",
            "label": "comments",
            "category": 0,
            "position": "2521000",
            "half": "2",
            "confidence": "1.0"
        },
        {
            "gameTime": "2 - 42:04",
            "label": "comments",
            "category": 0,
            "position": "2524000",
            "half": "2",
            "confidence": "1.0"
        },
        {
            "gameTime": "2 - 42:07",
            "label": "comments",
            "category": 0,
            "position": "2527000",
            "half": "2",
            "confidence": "1.0"
        },
        {
            "gameTime": "2 - 42:10",
            "label": "comments",
            "category": 0,
            "position": "2530000",
            "half": "2",
            "confidence": "1.0"
        },
        {
            "gameTime": "2 - 42:13",
            "label": "comments",
            "category": 0,
            "position": "2533000",
            "half": "2",
            "confidence": "1.0"
        },
        {
            "gameTime": "2 - 42:15",
            "label": "comments",
            "category": 0,
            "position": "2535000",
            "half": "2",
            "confidence": "1.0"
        },
        {
            "gameTime": "2 - 42:17",
            "label": "comments",
            "category": 0,
            "position": "2537000",
            "half": "2",
            "confidence": "1.0"
        },
        {
            "gameTime": "2 - 42:20",
            "label": "comments",
            "category": 1,
            "position": "2540000",
            "half": "2",
            "confidence": "1.0"
        },
        {
            "gameTime": "2 - 42:25",
            "label": "comments",
            "category": 0,
            "position": "2545000",
            "half": "2",
            "confidence": "1.0"
        },
        {
            "gameTime": "2 - 42:29",
            "label": "comments",
            "category": 0,
            "position": "2549000",
            "half": "2",
            "confidence": "1.0"
        },
        {
            "gameTime": "2 - 42:32",
            "label": "comments",
            "category": 0,
            "position": "2552000",
            "half": "2",
            "confidence": "1.0"
        },
        {
            "gameTime": "2 - 42:35",
            "label": "comments",
            "category": 1,
            "position": "2555000",
            "half": "2",
            "confidence": "1.0"
        },
        {
            "gameTime": "2 - 42:38",
            "label": "comments",
            "category": 0,
            "position": "2558000",
            "half": "2",
            "confidence": "1.0"
        },
        {
            "gameTime": "2 - 42:41",
            "label": "comments",
            "category": 0,
            "position": "2561000",
            "half": "2",
            "confidence": "1.0"
        },
        {
            "gameTime": "2 - 42:44",
            "label": "comments",
            "category": 0,
            "position": "2564000",
            "half": "2",
            "confidence": "1.0"
        },
        {
            "gameTime": "2 - 42:47",
            "label": "comments",
            "category": 0,
            "position": "2567000",
            "half": "2",
            "confidence": "1.0"
        },
        {
            "gameTime": "2 - 42:50",
            "label": "comments",
            "category": 0,
            "position": "2570000",
            "half": "2",
            "confidence": "1.0"
        },
        {
            "gameTime": "2 - 42:54",
            "label": "comments",
            "category": 0,
            "position": "2574000",
            "half": "2",
            "confidence": "1.0"
        },
        {
            "gameTime": "2 - 42:56",
            "label": "comments",
            "category": 0,
            "position": "2576000",
            "half": "2",
            "confidence": "1.0"
        },
        {
            "gameTime": "2 - 42:59",
            "label": "comments",
            "category": 0,
            "position": "2579000",
            "half": "2",
            "confidence": "1.0"
        },
        {
            "gameTime": "2 - 43:02",
            "label": "comments",
            "category": 0,
            "position": "2582000",
            "half": "2",
            "confidence": "1.0"
        },
        {
            "gameTime": "2 - 43:05",
            "label": "comments",
            "category": 0,
            "position": "2585000",
            "half": "2",
            "confidence": "1.0"
        },
        {
            "gameTime": "2 - 43:11",
            "label": "comments",
            "category": 0,
            "position": "2591000",
            "half": "2",
            "confidence": "1.0"
        },
        {
            "gameTime": "2 - 43:14",
            "label": "comments",
            "category": 0,
            "position": "2594000",
            "half": "2",
            "confidence": "1.0"
        },
        {
            "gameTime": "2 - 43:17",
            "label": "comments",
            "category": 0,
            "position": "2597000",
            "half": "2",
            "confidence": "1.0"
        },
        {
            "gameTime": "2 - 43:21",
            "label": "comments",
            "category": 0,
            "position": "2601000",
            "half": "2",
            "confidence": "1.0"
        },
        {
            "gameTime": "2 - 43:24",
            "label": "comments",
            "category": 0,
            "position": "2604000",
            "half": "2",
            "confidence": "1.0"
        },
        {
            "gameTime": "2 - 43:27",
            "label": "comments",
            "category": 0,
            "position": "2607000",
            "half": "2",
            "confidence": "1.0"
        },
        {
            "gameTime": "2 - 43:37",
            "label": "comments",
            "category": 0,
            "position": "2617000",
            "half": "2",
            "confidence": "1.0"
        },
        {
            "gameTime": "2 - 43:40",
            "label": "comments",
            "category": 1,
            "position": "2620000",
            "half": "2",
            "confidence": "1.0"
        },
        {
            "gameTime": "2 - 43:49",
            "label": "comments",
            "category": 1,
            "position": "2629000",
            "half": "2",
            "confidence": "1.0"
        },
        {
            "gameTime": "2 - 43:52",
            "label": "comments",
            "category": 0,
            "position": "2632000",
            "half": "2",
            "confidence": "1.0"
        },
        {
            "gameTime": "2 - 43:56",
            "label": "comments",
            "category": 0,
            "position": "2636000",
            "half": "2",
            "confidence": "1.0"
        },
        {
            "gameTime": "2 - 44:07",
            "label": "comments",
            "category": 0,
            "position": "2647000",
            "half": "2",
            "confidence": "1.0"
        },
        {
            "gameTime": "2 - 44:10",
            "label": "comments",
            "category": 0,
            "position": "2650000",
            "half": "2",
            "confidence": "1.0"
        },
        {
            "gameTime": "2 - 44:12",
            "label": "comments",
            "category": 1,
            "position": "2652000",
            "half": "2",
            "confidence": "1.0"
        },
        {
            "gameTime": "2 - 44:16",
            "label": "comments",
            "category": 0,
            "position": "2656000",
            "half": "2",
            "confidence": "1.0"
        },
        {
            "gameTime": "2 - 44:18",
            "label": "comments",
            "category": 0,
            "position": "2658000",
            "half": "2",
            "confidence": "1.0"
        },
        {
            "gameTime": "2 - 44:22",
            "label": "comments",
            "category": 0,
            "position": "2662000",
            "half": "2",
            "confidence": "1.0"
        },
        {
            "gameTime": "2 - 44:30",
            "label": "comments",
            "category": 0,
            "position": "2670000",
            "half": "2",
            "confidence": "1.0"
        },
        {
            "gameTime": "2 - 44:34",
            "label": "comments",
            "category": 0,
            "position": "2674000",
            "half": "2",
            "confidence": "1.0"
        },
        {
            "gameTime": "2 - 44:37",
            "label": "comments",
            "category": 0,
            "position": "2677000",
            "half": "2",
            "confidence": "1.0"
        },
        {
            "gameTime": "2 - 44:39",
            "label": "comments",
            "category": 0,
            "position": "2679000",
            "half": "2",
            "confidence": "1.0"
        },
        {
            "gameTime": "2 - 44:41",
            "label": "comments",
            "category": 0,
            "position": "2681000",
            "half": "2",
            "confidence": "1.0"
        },
        {
            "gameTime": "2 - 44:42",
            "label": "comments",
            "category": 1,
            "position": "2682000",
            "half": "2",
            "confidence": "1.0"
        },
        {
            "gameTime": "2 - 44:48",
            "label": "comments",
            "category": 1,
            "position": "2688000",
            "half": "2",
            "confidence": "1.0"
        },
        {
            "gameTime": "2 - 44:54",
            "label": "comments",
            "category": 1,
            "position": "2694000",
            "half": "2",
            "confidence": "1.0"
        },
        {
            "gameTime": "2 - 44:57",
            "label": "comments",
            "category": 0,
            "position": "2697000",
            "half": "2",
            "confidence": "1.0"
        },
        {
            "gameTime": "2 - 44:59",
            "label": "comments",
            "category": 0,
            "position": "2699000",
            "half": "2",
            "confidence": "1.0"
        },
        {
            "gameTime": "2 - 45:03",
            "label": "comments",
            "category": 0,
            "position": "2703000",
            "half": "2",
            "confidence": "1.0"
        },
        {
            "gameTime": "2 - 45:04",
            "label": "comments",
            "category": 0,
            "position": "2704000",
            "half": "2",
            "confidence": "1.0"
        },
        {
            "gameTime": "2 - 45:06",
            "label": "comments",
            "category": 0,
            "position": "2706000",
            "half": "2",
            "confidence": "1.0"
        },
        {
            "gameTime": "2 - 45:09",
            "label": "comments",
            "category": 0,
            "position": "2709000",
            "half": "2",
            "confidence": "1.0"
        },
        {
            "gameTime": "2 - 45:10",
            "label": "comments",
            "category": 0,
            "position": "2710000",
            "half": "2",
            "confidence": "1.0"
        },
        {
            "gameTime": "2 - 45:11",
            "label": "comments",
            "category": 0,
            "position": "2711000",
            "half": "2",
            "confidence": "1.0"
        },
        {
            "gameTime": "2 - 45:12",
            "label": "comments",
            "category": 0,
            "position": "2712000",
            "half": "2",
            "confidence": "1.0"
        },
        {
            "gameTime": "2 - 45:13",
            "label": "comments",
            "category": 0,
            "position": "2713000",
            "half": "2",
            "confidence": "1.0"
        },
        {
            "gameTime": "2 - 45:15",
            "label": "comments",
            "category": 0,
            "position": "2715000",
            "half": "2",
            "confidence": "1.0"
        },
        {
            "gameTime": "2 - 45:16",
            "label": "comments",
            "category": 1,
            "position": "2716000",
            "half": "2",
            "confidence": "1.0"
        },
        {
            "gameTime": "2 - 45:21",
            "label": "comments",
            "category": 0,
            "position": "2721000",
            "half": "2",
            "confidence": "1.0"
        },
        {
            "gameTime": "2 - 45:24",
            "label": "comments",
            "category": 1,
            "position": "2724000",
            "half": "2",
            "confidence": "1.0"
        },
        {
            "gameTime": "2 - 45:27",
            "label": "comments",
            "category": 1,
            "position": "2727000",
            "half": "2",
            "confidence": "1.0"
        },
        {
            "gameTime": "2 - 45:29",
            "label": "comments",
            "category": 0,
            "position": "2729000",
            "half": "2",
            "confidence": "1.0"
        },
        {
            "gameTime": "2 - 45:33",
            "label": "comments",
            "category": 1,
            "position": "2733000",
            "half": "2",
            "confidence": "1.0"
        },
        {
            "gameTime": "2 - 45:34",
            "label": "comments",
            "category": 0,
            "position": "2734000",
            "half": "2",
            "confidence": "1.0"
        },
        {
            "gameTime": "2 - 45:38",
            "label": "comments",
            "category": 0,
            "position": "2738000",
            "half": "2",
            "confidence": "1.0"
        },
        {
            "gameTime": "2 - 45:40",
            "label": "comments",
            "category": 1,
            "position": "2740000",
            "half": "2",
            "confidence": "1.0"
        },
        {
            "gameTime": "2 - 45:42",
            "label": "comments",
            "category": 0,
            "position": "2742000",
            "half": "2",
            "confidence": "1.0"
        },
        {
            "gameTime": "2 - 45:45",
            "label": "comments",
            "category": 0,
            "position": "2745000",
            "half": "2",
            "confidence": "1.0"
        },
        {
            "gameTime": "2 - 45:47",
            "label": "comments",
            "category": 0,
            "position": "2747000",
            "half": "2",
            "confidence": "1.0"
        },
        {
            "gameTime": "2 - 45:49",
            "label": "comments",
            "category": 0,
            "position": "2749000",
            "half": "2",
            "confidence": "1.0"
        },
        {
            "gameTime": "2 - 45:52",
            "label": "comments",
            "category": 0,
            "position": "2752000",
            "half": "2",
            "confidence": "1.0"
        },
        {
            "gameTime": "2 - 45:54",
            "label": "comments",
            "category": 0,
            "position": "2754000",
            "half": "2",
            "confidence": "1.0"
        },
        {
            "gameTime": "2 - 45:59",
            "label": "comments",
            "category": 0,
            "position": "2759000",
            "half": "2",
            "confidence": "1.0"
        },
        {
            "gameTime": "2 - 46:01",
            "label": "comments",
            "category": 0,
            "position": "2761000",
            "half": "2",
            "confidence": "1.0"
        },
        {
            "gameTime": "2 - 46:04",
            "label": "comments",
            "category": 0,
            "position": "2764000",
            "half": "2",
            "confidence": "1.0"
        },
        {
            "gameTime": "2 - 46:06",
            "label": "comments",
            "category": 0,
            "position": "2766000",
            "half": "2",
            "confidence": "1.0"
        },
        {
            "gameTime": "2 - 46:07",
            "label": "comments",
            "category": 0,
            "position": "2767000",
            "half": "2",
            "confidence": "1.0"
        },
        {
            "gameTime": "2 - 46:09",
            "label": "comments",
            "category": 0,
            "position": "2769000",
            "half": "2",
            "confidence": "1.0"
        },
        {
            "gameTime": "2 - 46:13",
            "label": "comments",
            "category": 0,
            "position": "2773000",
            "half": "2",
            "confidence": "1.0"
        },
        {
            "gameTime": "2 - 46:15",
            "label": "comments",
            "category": 0,
            "position": "2775000",
            "half": "2",
            "confidence": "1.0"
        },
        {
            "gameTime": "2 - 46:17",
            "label": "comments",
            "category": 0,
            "position": "2777000",
            "half": "2",
            "confidence": "1.0"
        }
    ],
    "game": "europe_uefa-champions-league/2015-2016/2015-11-03 - 22-45 Shakhtar Donetsk 4 - 0 Malmo FF"
}