{
    "predictions": [
        {
            "gameTime": "1 - 01:00",
            "label": "comments",
            "category": 0,
            "position": "60000",
            "half": "1",
            "confidence": "1.0"
        },
        {
            "gameTime": "1 - 02:40",
            "label": "comments",
            "category": 0,
            "position": "160000",
            "half": "1",
            "confidence": "1.0"
        },
        {
            "gameTime": "1 - 02:41",
            "label": "comments",
            "category": 0,
            "position": "161000",
            "half": "1",
            "confidence": "1.0"
        },
        {
            "gameTime": "1 - 02:45",
            "label": "comments",
            "category": 0,
            "position": "165000",
            "half": "1",
            "confidence": "1.0"
        },
        {
            "gameTime": "1 - 07:50",
            "label": "comments",
            "category": 0,
            "position": "470000",
            "half": "1",
            "confidence": "1.0"
        },
        {
            "gameTime": "1 - 07:52",
            "label": "comments",
            "category": 0,
            "position": "472000",
            "half": "1",
            "confidence": "1.0"
        },
        {
            "gameTime": "1 - 13:24",
            "label": "comments",
            "category": 0,
            "position": "804000",
            "half": "1",
            "confidence": "1.0"
        },
        {
            "gameTime": "1 - 15:51",
            "label": "comments",
            "category": 0,
            "position": "951000",
            "half": "1",
            "confidence": "1.0"
        },
        {
            "gameTime": "1 - 16:21",
            "label": "comments",
            "category": 0,
            "position": "981000",
            "half": "1",
            "confidence": "1.0"
        },
        {
            "gameTime": "1 - 16:31",
            "label": "comments",
            "category": 0,
            "position": "991000",
            "half": "1",
            "confidence": "1.0"
        },
        {
            "gameTime": "1 - 16:42",
            "label": "comments",
            "category": 0,
            "position": "1002000",
            "half": "1",
            "confidence": "1.0"
        },
        {
            "gameTime": "1 - 16:58",
            "label": "comments",
            "category": 0,
            "position": "1018000",
            "half": "1",
            "confidence": "1.0"
        },
        {
            "gameTime": "1 - 17:02",
            "label": "comments",
            "category": 0,
            "position": "1022000",
            "half": "1",
            "confidence": "1.0"
        },
        {
            "gameTime": "1 - 17:07",
            "label": "comments",
            "category": 0,
            "position": "1027000",
            "half": "1",
            "confidence": "1.0"
        },
        {
            "gameTime": "1 - 17:09",
            "label": "comments",
            "category": 0,
            "position": "1029000",
            "half": "1",
            "confidence": "1.0"
        },
        {
            "gameTime": "1 - 17:33",
            "label": "comments",
            "category": 0,
            "position": "1053000",
            "half": "1",
            "confidence": "1.0"
        },
        {
            "gameTime": "1 - 17:37",
            "label": "comments",
            "category": 0,
            "position": "1057000",
            "half": "1",
            "confidence": "1.0"
        },
        {
            "gameTime": "1 - 17:40",
            "label": "comments",
            "category": 0,
            "position": "1060000",
            "half": "1",
            "confidence": "1.0"
        },
        {
            "gameTime": "1 - 18:12",
            "label": "comments",
            "category": 0,
            "position": "1092000",
            "half": "1",
            "confidence": "1.0"
        },
        {
            "gameTime": "1 - 19:43",
            "label": "comments",
            "category": 0,
            "position": "1183000",
            "half": "1",
            "confidence": "1.0"
        },
        {
            "gameTime": "1 - 19:46",
            "label": "comments",
            "category": 0,
            "position": "1186000",
            "half": "1",
            "confidence": "1.0"
        },
        {
            "gameTime": "1 - 19:47",
            "label": "comments",
            "category": 0,
            "position": "1187000",
            "half": "1",
            "confidence": "1.0"
        },
        {
            "gameTime": "1 - 22:52",
            "label": "comments",
            "category": 0,
            "position": "1372000",
            "half": "1",
            "confidence": "1.0"
        },
        {
            "gameTime": "1 - 23:02",
            "label": "comments",
            "category": 0,
            "position": "1382000",
            "half": "1",
            "confidence": "1.0"
        },
        {
            "gameTime": "1 - 23:12",
            "label": "comments",
            "category": 0,
            "position": "1392000",
            "half": "1",
            "confidence": "1.0"
        },
        {
            "gameTime": "1 - 23:22",
            "label": "comments",
            "category": 0,
            "position": "1402000",
            "half": "1",
            "confidence": "1.0"
        },
        {
            "gameTime": "1 - 23:32",
            "label": "comments",
            "category": 0,
            "position": "1412000",
            "half": "1",
            "confidence": "1.0"
        },
        {
            "gameTime": "1 - 23:42",
            "label": "comments",
            "category": 0,
            "position": "1422000",
            "half": "1",
            "confidence": "1.0"
        },
        {
            "gameTime": "1 - 23:52",
            "label": "comments",
            "category": 0,
            "position": "1432000",
            "half": "1",
            "confidence": "1.0"
        },
        {
            "gameTime": "1 - 24:02",
            "label": "comments",
            "category": 0,
            "position": "1442000",
            "half": "1",
            "confidence": "1.0"
        },
        {
            "gameTime": "1 - 24:12",
            "label": "comments",
            "category": 0,
            "position": "1452000",
            "half": "1",
            "confidence": "1.0"
        },
        {
            "gameTime": "1 - 24:22",
            "label": "comments",
            "category": 0,
            "position": "1462000",
            "half": "1",
            "confidence": "1.0"
        },
        {
            "gameTime": "1 - 24:32",
            "label": "comments",
            "category": 0,
            "position": "1472000",
            "half": "1",
            "confidence": "1.0"
        },
        {
            "gameTime": "1 - 24:42",
            "label": "comments",
            "category": 0,
            "position": "1482000",
            "half": "1",
            "confidence": "1.0"
        },
        {
            "gameTime": "1 - 24:52",
            "label": "comments",
            "category": 0,
            "position": "1492000",
            "half": "1",
            "confidence": "1.0"
        },
        {
            "gameTime": "1 - 25:02",
            "label": "comments",
            "category": 0,
            "position": "1502000",
            "half": "1",
            "confidence": "1.0"
        },
        {
            "gameTime": "1 - 25:12",
            "label": "comments",
            "category": 0,
            "position": "1512000",
            "half": "1",
            "confidence": "1.0"
        },
        {
            "gameTime": "1 - 25:22",
            "label": "comments",
            "category": 0,
            "position": "1522000",
            "half": "1",
            "confidence": "1.0"
        },
        {
            "gameTime": "1 - 25:32",
            "label": "comments",
            "category": 0,
            "position": "1532000",
            "half": "1",
            "confidence": "1.0"
        },
        {
            "gameTime": "1 - 25:42",
            "label": "comments",
            "category": 0,
            "position": "1542000",
            "half": "1",
            "confidence": "1.0"
        },
        {
            "gameTime": "1 - 25:52",
            "label": "comments",
            "category": 0,
            "position": "1552000",
            "half": "1",
            "confidence": "1.0"
        },
        {
            "gameTime": "1 - 26:02",
            "label": "comments",
            "category": 0,
            "position": "1562000",
            "half": "1",
            "confidence": "1.0"
        },
        {
            "gameTime": "1 - 26:12",
            "label": "comments",
            "category": 0,
            "position": "1572000",
            "half": "1",
            "confidence": "1.0"
        },
        {
            "gameTime": "1 - 26:22",
            "label": "comments",
            "category": 0,
            "position": "1582000",
            "half": "1",
            "confidence": "1.0"
        },
        {
            "gameTime": "1 - 26:32",
            "label": "comments",
            "category": 0,
            "position": "1592000",
            "half": "1",
            "confidence": "1.0"
        },
        {
            "gameTime": "1 - 26:42",
            "label": "comments",
            "category": 0,
            "position": "1602000",
            "half": "1",
            "confidence": "1.0"
        },
        {
            "gameTime": "1 - 26:52",
            "label": "comments",
            "category": 0,
            "position": "1612000",
            "half": "1",
            "confidence": "1.0"
        },
        {
            "gameTime": "1 - 27:02",
            "label": "comments",
            "category": 0,
            "position": "1622000",
            "half": "1",
            "confidence": "1.0"
        },
        {
            "gameTime": "1 - 27:12",
            "label": "comments",
            "category": 0,
            "position": "1632000",
            "half": "1",
            "confidence": "1.0"
        },
        {
            "gameTime": "1 - 27:22",
            "label": "comments",
            "category": 0,
            "position": "1642000",
            "half": "1",
            "confidence": "1.0"
        },
        {
            "gameTime": "1 - 27:32",
            "label": "comments",
            "category": 0,
            "position": "1652000",
            "half": "1",
            "confidence": "1.0"
        },
        {
            "gameTime": "1 - 27:42",
            "label": "comments",
            "category": 0,
            "position": "1662000",
            "half": "1",
            "confidence": "1.0"
        },
        {
            "gameTime": "1 - 27:52",
            "label": "comments",
            "category": 0,
            "position": "1672000",
            "half": "1",
            "confidence": "1.0"
        },
        {
            "gameTime": "1 - 28:02",
            "label": "comments",
            "category": 0,
            "position": "1682000",
            "half": "1",
            "confidence": "1.0"
        },
        {
            "gameTime": "1 - 28:12",
            "label": "comments",
            "category": 0,
            "position": "1692000",
            "half": "1",
            "confidence": "1.0"
        },
        {
            "gameTime": "1 - 28:22",
            "label": "comments",
            "category": 0,
            "position": "1702000",
            "half": "1",
            "confidence": "1.0"
        },
        {
            "gameTime": "1 - 28:32",
            "label": "comments",
            "category": 0,
            "position": "1712000",
            "half": "1",
            "confidence": "1.0"
        },
        {
            "gameTime": "1 - 28:42",
            "label": "comments",
            "category": 0,
            "position": "1722000",
            "half": "1",
            "confidence": "1.0"
        },
        {
            "gameTime": "1 - 28:52",
            "label": "comments",
            "category": 0,
            "position": "1732000",
            "half": "1",
            "confidence": "1.0"
        },
        {
            "gameTime": "1 - 29:02",
            "label": "comments",
            "category": 0,
            "position": "1742000",
            "half": "1",
            "confidence": "1.0"
        },
        {
            "gameTime": "1 - 29:12",
            "label": "comments",
            "category": 0,
            "position": "1752000",
            "half": "1",
            "confidence": "1.0"
        },
        {
            "gameTime": "1 - 29:22",
            "label": "comments",
            "category": 0,
            "position": "1762000",
            "half": "1",
            "confidence": "1.0"
        },
        {
            "gameTime": "1 - 29:32",
            "label": "comments",
            "category": 0,
            "position": "1772000",
            "half": "1",
            "confidence": "1.0"
        },
        {
            "gameTime": "1 - 29:42",
            "label": "comments",
            "category": 0,
            "position": "1782000",
            "half": "1",
            "confidence": "1.0"
        },
        {
            "gameTime": "1 - 29:52",
            "label": "comments",
            "category": 0,
            "position": "1792000",
            "half": "1",
            "confidence": "1.0"
        },
        {
            "gameTime": "1 - 30:02",
            "label": "comments",
            "category": 0,
            "position": "1802000",
            "half": "1",
            "confidence": "1.0"
        },
        {
            "gameTime": "1 - 30:12",
            "label": "comments",
            "category": 0,
            "position": "1812000",
            "half": "1",
            "confidence": "1.0"
        },
        {
            "gameTime": "1 - 30:22",
            "label": "comments",
            "category": 0,
            "position": "1822000",
            "half": "1",
            "confidence": "1.0"
        },
        {
            "gameTime": "1 - 30:32",
            "label": "comments",
            "category": 0,
            "position": "1832000",
            "half": "1",
            "confidence": "1.0"
        },
        {
            "gameTime": "1 - 30:42",
            "label": "comments",
            "category": 0,
            "position": "1842000",
            "half": "1",
            "confidence": "1.0"
        },
        {
            "gameTime": "1 - 30:52",
            "label": "comments",
            "category": 0,
            "position": "1852000",
            "half": "1",
            "confidence": "1.0"
        },
        {
            "gameTime": "1 - 31:02",
            "label": "comments",
            "category": 0,
            "position": "1862000",
            "half": "1",
            "confidence": "1.0"
        },
        {
            "gameTime": "1 - 31:12",
            "label": "comments",
            "category": 0,
            "position": "1872000",
            "half": "1",
            "confidence": "1.0"
        },
        {
            "gameTime": "1 - 31:22",
            "label": "comments",
            "category": 0,
            "position": "1882000",
            "half": "1",
            "confidence": "1.0"
        },
        {
            "gameTime": "1 - 31:32",
            "label": "comments",
            "category": 0,
            "position": "1892000",
            "half": "1",
            "confidence": "1.0"
        },
        {
            "gameTime": "1 - 31:42",
            "label": "comments",
            "category": 0,
            "position": "1902000",
            "half": "1",
            "confidence": "1.0"
        },
        {
            "gameTime": "1 - 31:52",
            "label": "comments",
            "category": 0,
            "position": "1912000",
            "half": "1",
            "confidence": "1.0"
        },
        {
            "gameTime": "1 - 32:02",
            "label": "comments",
            "category": 0,
            "position": "1922000",
            "half": "1",
            "confidence": "1.0"
        },
        {
            "gameTime": "1 - 32:12",
            "label": "comments",
            "category": 0,
            "position": "1932000",
            "half": "1",
            "confidence": "1.0"
        },
        {
            "gameTime": "1 - 32:22",
            "label": "comments",
            "category": 0,
            "position": "1942000",
            "half": "1",
            "confidence": "1.0"
        },
        {
            "gameTime": "1 - 32:32",
            "label": "comments",
            "category": 0,
            "position": "1952000",
            "half": "1",
            "confidence": "1.0"
        },
        {
            "gameTime": "1 - 32:42",
            "label": "comments",
            "category": 0,
            "position": "1962000",
            "half": "1",
            "confidence": "1.0"
        },
        {
            "gameTime": "1 - 32:52",
            "label": "comments",
            "category": 0,
            "position": "1972000",
            "half": "1",
            "confidence": "1.0"
        },
        {
            "gameTime": "1 - 33:02",
            "label": "comments",
            "category": 0,
            "position": "1982000",
            "half": "1",
            "confidence": "1.0"
        },
        {
            "gameTime": "1 - 33:12",
            "label": "comments",
            "category": 0,
            "position": "1992000",
            "half": "1",
            "confidence": "1.0"
        },
        {
            "gameTime": "1 - 33:22",
            "label": "comments",
            "category": 0,
            "position": "2002000",
            "half": "1",
            "confidence": "1.0"
        },
        {
            "gameTime": "1 - 33:32",
            "label": "comments",
            "category": 0,
            "position": "2012000",
            "half": "1",
            "confidence": "1.0"
        },
        {
            "gameTime": "1 - 33:42",
            "label": "comments",
            "category": 0,
            "position": "2022000",
            "half": "1",
            "confidence": "1.0"
        },
        {
            "gameTime": "1 - 33:52",
            "label": "comments",
            "category": 0,
            "position": "2032000",
            "half": "1",
            "confidence": "1.0"
        },
        {
            "gameTime": "1 - 34:02",
            "label": "comments",
            "category": 0,
            "position": "2042000",
            "half": "1",
            "confidence": "1.0"
        },
        {
            "gameTime": "1 - 34:12",
            "label": "comments",
            "category": 0,
            "position": "2052000",
            "half": "1",
            "confidence": "1.0"
        },
        {
            "gameTime": "1 - 34:22",
            "label": "comments",
            "category": 0,
            "position": "2062000",
            "half": "1",
            "confidence": "1.0"
        },
        {
            "gameTime": "1 - 34:32",
            "label": "comments",
            "category": 0,
            "position": "2072000",
            "half": "1",
            "confidence": "1.0"
        },
        {
            "gameTime": "1 - 34:42",
            "label": "comments",
            "category": 0,
            "position": "2082000",
            "half": "1",
            "confidence": "1.0"
        },
        {
            "gameTime": "1 - 34:52",
            "label": "comments",
            "category": 0,
            "position": "2092000",
            "half": "1",
            "confidence": "1.0"
        },
        {
            "gameTime": "1 - 35:02",
            "label": "comments",
            "category": 0,
            "position": "2102000",
            "half": "1",
            "confidence": "1.0"
        },
        {
            "gameTime": "1 - 35:12",
            "label": "comments",
            "category": 0,
            "position": "2112000",
            "half": "1",
            "confidence": "1.0"
        },
        {
            "gameTime": "1 - 35:22",
            "label": "comments",
            "category": 0,
            "position": "2122000",
            "half": "1",
            "confidence": "1.0"
        },
        {
            "gameTime": "1 - 35:32",
            "label": "comments",
            "category": 0,
            "position": "2132000",
            "half": "1",
            "confidence": "1.0"
        },
        {
            "gameTime": "1 - 35:42",
            "label": "comments",
            "category": 0,
            "position": "2142000",
            "half": "1",
            "confidence": "1.0"
        },
        {
            "gameTime": "1 - 35:52",
            "label": "comments",
            "category": 0,
            "position": "2152000",
            "half": "1",
            "confidence": "1.0"
        },
        {
            "gameTime": "1 - 36:02",
            "label": "comments",
            "category": 0,
            "position": "2162000",
            "half": "1",
            "confidence": "1.0"
        },
        {
            "gameTime": "1 - 36:12",
            "label": "comments",
            "category": 0,
            "position": "2172000",
            "half": "1",
            "confidence": "1.0"
        },
        {
            "gameTime": "1 - 36:22",
            "label": "comments",
            "category": 0,
            "position": "2182000",
            "half": "1",
            "confidence": "1.0"
        },
        {
            "gameTime": "1 - 36:32",
            "label": "comments",
            "category": 0,
            "position": "2192000",
            "half": "1",
            "confidence": "1.0"
        },
        {
            "gameTime": "1 - 36:42",
            "label": "comments",
            "category": 0,
            "position": "2202000",
            "half": "1",
            "confidence": "1.0"
        },
        {
            "gameTime": "1 - 36:52",
            "label": "comments",
            "category": 0,
            "position": "2212000",
            "half": "1",
            "confidence": "1.0"
        },
        {
            "gameTime": "1 - 37:02",
            "label": "comments",
            "category": 0,
            "position": "2222000",
            "half": "1",
            "confidence": "1.0"
        },
        {
            "gameTime": "1 - 37:12",
            "label": "comments",
            "category": 0,
            "position": "2232000",
            "half": "1",
            "confidence": "1.0"
        },
        {
            "gameTime": "1 - 37:22",
            "label": "comments",
            "category": 0,
            "position": "2242000",
            "half": "1",
            "confidence": "1.0"
        },
        {
            "gameTime": "1 - 37:32",
            "label": "comments",
            "category": 0,
            "position": "2252000",
            "half": "1",
            "confidence": "1.0"
        },
        {
            "gameTime": "1 - 37:42",
            "label": "comments",
            "category": 0,
            "position": "2262000",
            "half": "1",
            "confidence": "1.0"
        },
        {
            "gameTime": "1 - 37:52",
            "label": "comments",
            "category": 0,
            "position": "2272000",
            "half": "1",
            "confidence": "1.0"
        },
        {
            "gameTime": "1 - 38:02",
            "label": "comments",
            "category": 0,
            "position": "2282000",
            "half": "1",
            "confidence": "1.0"
        },
        {
            "gameTime": "1 - 38:12",
            "label": "comments",
            "category": 0,
            "position": "2292000",
            "half": "1",
            "confidence": "1.0"
        },
        {
            "gameTime": "1 - 38:22",
            "label": "comments",
            "category": 0,
            "position": "2302000",
            "half": "1",
            "confidence": "1.0"
        },
        {
            "gameTime": "1 - 38:32",
            "label": "comments",
            "category": 0,
            "position": "2312000",
            "half": "1",
            "confidence": "1.0"
        },
        {
            "gameTime": "1 - 38:42",
            "label": "comments",
            "category": 0,
            "position": "2322000",
            "half": "1",
            "confidence": "1.0"
        },
        {
            "gameTime": "1 - 38:52",
            "label": "comments",
            "category": 0,
            "position": "2332000",
            "half": "1",
            "confidence": "1.0"
        },
        {
            "gameTime": "1 - 39:02",
            "label": "comments",
            "category": 0,
            "position": "2342000",
            "half": "1",
            "confidence": "1.0"
        },
        {
            "gameTime": "1 - 39:12",
            "label": "comments",
            "category": 0,
            "position": "2352000",
            "half": "1",
            "confidence": "1.0"
        },
        {
            "gameTime": "1 - 39:22",
            "label": "comments",
            "category": 0,
            "position": "2362000",
            "half": "1",
            "confidence": "1.0"
        },
        {
            "gameTime": "1 - 39:32",
            "label": "comments",
            "category": 0,
            "position": "2372000",
            "half": "1",
            "confidence": "1.0"
        },
        {
            "gameTime": "1 - 39:42",
            "label": "comments",
            "category": 0,
            "position": "2382000",
            "half": "1",
            "confidence": "1.0"
        },
        {
            "gameTime": "1 - 39:52",
            "label": "comments",
            "category": 0,
            "position": "2392000",
            "half": "1",
            "confidence": "1.0"
        },
        {
            "gameTime": "1 - 40:02",
            "label": "comments",
            "category": 0,
            "position": "2402000",
            "half": "1",
            "confidence": "1.0"
        },
        {
            "gameTime": "1 - 40:12",
            "label": "comments",
            "category": 0,
            "position": "2412000",
            "half": "1",
            "confidence": "1.0"
        },
        {
            "gameTime": "1 - 40:22",
            "label": "comments",
            "category": 0,
            "position": "2422000",
            "half": "1",
            "confidence": "1.0"
        },
        {
            "gameTime": "1 - 40:32",
            "label": "comments",
            "category": 0,
            "position": "2432000",
            "half": "1",
            "confidence": "1.0"
        },
        {
            "gameTime": "1 - 40:42",
            "label": "comments",
            "category": 0,
            "position": "2442000",
            "half": "1",
            "confidence": "1.0"
        },
        {
            "gameTime": "1 - 40:52",
            "label": "comments",
            "category": 0,
            "position": "2452000",
            "half": "1",
            "confidence": "1.0"
        },
        {
            "gameTime": "1 - 41:02",
            "label": "comments",
            "category": 0,
            "position": "2462000",
            "half": "1",
            "confidence": "1.0"
        },
        {
            "gameTime": "1 - 41:12",
            "label": "comments",
            "category": 0,
            "position": "2472000",
            "half": "1",
            "confidence": "1.0"
        },
        {
            "gameTime": "1 - 41:22",
            "label": "comments",
            "category": 0,
            "position": "2482000",
            "half": "1",
            "confidence": "1.0"
        },
        {
            "gameTime": "1 - 41:32",
            "label": "comments",
            "category": 0,
            "position": "2492000",
            "half": "1",
            "confidence": "1.0"
        },
        {
            "gameTime": "1 - 41:42",
            "label": "comments",
            "category": 0,
            "position": "2502000",
            "half": "1",
            "confidence": "1.0"
        },
        {
            "gameTime": "1 - 41:52",
            "label": "comments",
            "category": 0,
            "position": "2512000",
            "half": "1",
            "confidence": "1.0"
        },
        {
            "gameTime": "1 - 42:02",
            "label": "comments",
            "category": 0,
            "position": "2522000",
            "half": "1",
            "confidence": "1.0"
        },
        {
            "gameTime": "1 - 42:12",
            "label": "comments",
            "category": 0,
            "position": "2532000",
            "half": "1",
            "confidence": "1.0"
        },
        {
            "gameTime": "1 - 42:22",
            "label": "comments",
            "category": 0,
            "position": "2542000",
            "half": "1",
            "confidence": "1.0"
        },
        {
            "gameTime": "1 - 42:32",
            "label": "comments",
            "category": 0,
            "position": "2552000",
            "half": "1",
            "confidence": "1.0"
        },
        {
            "gameTime": "1 - 42:42",
            "label": "comments",
            "category": 0,
            "position": "2562000",
            "half": "1",
            "confidence": "1.0"
        },
        {
            "gameTime": "1 - 42:52",
            "label": "comments",
            "category": 0,
            "position": "2572000",
            "half": "1",
            "confidence": "1.0"
        },
        {
            "gameTime": "1 - 43:02",
            "label": "comments",
            "category": 0,
            "position": "2582000",
            "half": "1",
            "confidence": "1.0"
        },
        {
            "gameTime": "1 - 43:12",
            "label": "comments",
            "category": 0,
            "position": "2592000",
            "half": "1",
            "confidence": "1.0"
        },
        {
            "gameTime": "1 - 43:22",
            "label": "comments",
            "category": 0,
            "position": "2602000",
            "half": "1",
            "confidence": "1.0"
        },
        {
            "gameTime": "1 - 43:32",
            "label": "comments",
            "category": 0,
            "position": "2612000",
            "half": "1",
            "confidence": "1.0"
        },
        {
            "gameTime": "1 - 43:42",
            "label": "comments",
            "category": 0,
            "position": "2622000",
            "half": "1",
            "confidence": "1.0"
        },
        {
            "gameTime": "1 - 43:52",
            "label": "comments",
            "category": 0,
            "position": "2632000",
            "half": "1",
            "confidence": "1.0"
        },
        {
            "gameTime": "1 - 44:02",
            "label": "comments",
            "category": 0,
            "position": "2642000",
            "half": "1",
            "confidence": "1.0"
        },
        {
            "gameTime": "1 - 44:12",
            "label": "comments",
            "category": 0,
            "position": "2652000",
            "half": "1",
            "confidence": "1.0"
        },
        {
            "gameTime": "1 - 44:22",
            "label": "comments",
            "category": 0,
            "position": "2662000",
            "half": "1",
            "confidence": "1.0"
        },
        {
            "gameTime": "1 - 44:32",
            "label": "comments",
            "category": 0,
            "position": "2672000",
            "half": "1",
            "confidence": "1.0"
        },
        {
            "gameTime": "1 - 44:42",
            "label": "comments",
            "category": 0,
            "position": "2682000",
            "half": "1",
            "confidence": "1.0"
        },
        {
            "gameTime": "1 - 44:52",
            "label": "comments",
            "category": 0,
            "position": "2692000",
            "half": "1",
            "confidence": "1.0"
        },
        {
            "gameTime": "2 - 00:30",
            "label": "comments",
            "category": 0,
            "position": "30000",
            "half": "2",
            "confidence": "1.0"
        },
        {
            "gameTime": "2 - 02:00",
            "label": "comments",
            "category": 0,
            "position": "120000",
            "half": "2",
            "confidence": "1.0"
        },
        {
            "gameTime": "2 - 02:30",
            "label": "comments",
            "category": 0,
            "position": "150000",
            "half": "2",
            "confidence": "1.0"
        },
        {
            "gameTime": "2 - 03:01",
            "label": "comments",
            "category": 0,
            "position": "181000",
            "half": "2",
            "confidence": "1.0"
        },
        {
            "gameTime": "2 - 03:14",
            "label": "comments",
            "category": 0,
            "position": "194000",
            "half": "2",
            "confidence": "1.0"
        },
        {
            "gameTime": "2 - 03:23",
            "label": "comments",
            "category": 0,
            "position": "203000",
            "half": "2",
            "confidence": "1.0"
        },
        {
            "gameTime": "2 - 03:26",
            "label": "comments",
            "category": 0,
            "position": "206000",
            "half": "2",
            "confidence": "1.0"
        },
        {
            "gameTime": "2 - 16:56",
            "label": "comments",
            "category": 0,
            "position": "1016000",
            "half": "2",
            "confidence": "1.0"
        },
        {
            "gameTime": "2 - 17:06",
            "label": "comments",
            "category": 0,
            "position": "1026000",
            "half": "2",
            "confidence": "1.0"
        },
        {
            "gameTime": "2 - 17:16",
            "label": "comments",
            "category": 0,
            "position": "1036000",
            "half": "2",
            "confidence": "1.0"
        },
        {
            "gameTime": "2 - 17:23",
            "label": "comments",
            "category": 0,
            "position": "1043000",
            "half": "2",
            "confidence": "1.0"
        },
        {
            "gameTime": "2 - 17:41",
            "label": "comments",
            "category": 0,
            "position": "1061000",
            "half": "2",
            "confidence": "1.0"
        },
        {
            "gameTime": "2 - 21:11",
            "label": "comments",
            "category": 0,
            "position": "1271000",
            "half": "2",
            "confidence": "1.0"
        },
        {
            "gameTime": "2 - 22:19",
            "label": "comments",
            "category": 0,
            "position": "1339000",
            "half": "2",
            "confidence": "1.0"
        },
        {
            "gameTime": "2 - 29:59",
            "label": "comments",
            "category": 0,
            "position": "1799000",
            "half": "2",
            "confidence": "1.0"
        },
        {
            "gameTime": "2 - 30:00",
            "label": "comments",
            "category": 0,
            "position": "1800000",
            "half": "2",
            "confidence": "1.0"
        },
        {
            "gameTime": "2 - 32:29",
            "label": "comments",
            "category": 0,
            "position": "1949000",
            "half": "2",
            "confidence": "1.0"
        },
        {
            "gameTime": "2 - 32:37",
            "label": "comments",
            "category": 0,
            "position": "1957000",
            "half": "2",
            "confidence": "1.0"
        },
        {
            "gameTime": "2 - 32:40",
            "label": "comments",
            "category": 0,
            "position": "1960000",
            "half": "2",
            "confidence": "1.0"
        },
        {
            "gameTime": "2 - 34:11",
            "label": "comments",
            "category": 0,
            "position": "2051000",
            "half": "2",
            "confidence": "1.0"
        }
    ],
    "game": "europe_uefa-champions-league/2015-2016/2015-11-25 - 22-45 Shakhtar Donetsk 3 - 4 Real Madrid"
}